Year,2017
January-2017,00:00:00,01:00:00,02:00:00,03:00:00,04:00:00,05:00:00,06:00:00,07:00:00,08:00:00,09:00:00,10:00:00,11:00:00,12:00:00,13:00:00,14:00:00,15:00:00,16:00:00,17:00:00,18:00:00,19:00:00,20:00:00,21:00:00,22:00:00,23:00:00
"
"
February-2017,00:00:00,01:00:00,02:00:00,03:00:00,04:00:00,05:00:00,06:00:00,07:00:00,08:00:00,09:00:00,10:00:00,11:00:00,12:00:00,13:00:00,14:00:00,15:00:00,16:00:00,17:00:00,18:00:00,19:00:00,20:00:00,21:00:00,22:00:00,23:00:00
"
"
March-2017,00:00:00,01:00:00,02:00:00,03:00:00,04:00:00,05:00:00,06:00:00,07:00:00,08:00:00,09:00:00,10:00:00,11:00:00,12:00:00,13:00:00,14:00:00,15:00:00,16:00:00,17:00:00,18:00:00,19:00:00,20:00:00,21:00:00,22:00:00,23:00:00
"
"
April-2017,00:00:00,01:00:00,02:00:00,03:00:00,04:00:00,05:00:00,06:00:00,07:00:00,08:00:00,09:00:00,10:00:00,11:00:00,12:00:00,13:00:00,14:00:00,15:00:00,16:00:00,17:00:00,18:00:00,19:00:00,20:00:00,21:00:00,22:00:00,23:00:00
"
"
May-2017,00:00:00,01:00:00,02:00:00,03:00:00,04:00:00,05:00:00,06:00:00,07:00:00,08:00:00,09:00:00,10:00:00,11:00:00,12:00:00,13:00:00,14:00:00,15:00:00,16:00:00,17:00:00,18:00:00,19:00:00,20:00:00,21:00:00,22:00:00,23:00:00
"
"
June-2017,00:00:00,01:00:00,02:00:00,03:00:00,04:00:00,05:00:00,06:00:00,07:00:00,08:00:00,09:00:00,10:00:00,11:00:00,12:00:00,13:00:00,14:00:00,15:00:00,16:00:00,17:00:00,18:00:00,19:00:00,20:00:00,21:00:00,22:00:00,23:00:00
"
"
July-2017,00:00:00,01:00:00,02:00:00,03:00:00,04:00:00,05:00:00,06:00:00,07:00:00,08:00:00,09:00:00,10:00:00,11:00:00,12:00:00,13:00:00,14:00:00,15:00:00,16:00:00,17:00:00,18:00:00,19:00:00,20:00:00,21:00:00,22:00:00,23:00:00
"
"
August-2017,00:00:00,01:00:00,02:00:00,03:00:00,04:00:00,05:00:00,06:00:00,07:00:00,08:00:00,09:00:00,10:00:00,11:00:00,12:00:00,13:00:00,14:00:00,15:00:00,16:00:00,17:00:00,18:00:00,19:00:00,20:00:00,21:00:00,22:00:00,23:00:00
"
"
September-2017,00:00:00,01:00:00,02:00:00,03:00:00,04:00:00,05:00:00,06:00:00,07:00:00,08:00:00,09:00:00,10:00:00,11:00:00,12:00:00,13:00:00,14:00:00,15:00:00,16:00:00,17:00:00,18:00:00,19:00:00,20:00:00,21:00:00,22:00:00,23:00:00
"
"
October-2017,00:00:00,01:00:00,02:00:00,03:00:00,04:00:00,05:00:00,06:00:00,07:00:00,08:00:00,09:00:00,10:00:00,11:00:00,12:00:00,13:00:00,14:00:00,15:00:00,16:00:00,17:00:00,18:00:00,19:00:00,20:00:00,21:00:00,22:00:00,23:00:00
"
"
November-2017,00:00:00,01:00:00,02:00:00,03:00:00,04:00:00,05:00:00,06:00:00,07:00:00,08:00:00,09:00:00,10:00:00,11:00:00,12:00:00,13:00:00,14:00:00,15:00:00,16:00:00,17:00:00,18:00:00,19:00:00,20:00:00,21:00:00,22:00:00,23:00:00
"
"
December-2017,00:00:00,01:00:00,02:00:00,03:00:00,04:00:00,05:00:00,06:00:00,07:00:00,08:00:00,09:00:00,10:00:00,11:00:00,12:00:00,13:00:00,14:00:00,15:00:00,16:00:00,17:00:00,18:00:00,19:00:00,20:00:00,21:00:00,22:00:00,23:00:00
"
"
Year,2018
January-2018,00:00:00,01:00:00,02:00:00,03:00:00,04:00:00,05:00:00,06:00:00,07:00:00,08:00:00,09:00:00,10:00:00,11:00:00,12:00:00,13:00:00,14:00:00,15:00:00,16:00:00,17:00:00,18:00:00,19:00:00,20:00:00,21:00:00,22:00:00,23:00:00
"
"
February-2018,00:00:00,01:00:00,02:00:00,03:00:00,04:00:00,05:00:00,06:00:00,07:00:00,08:00:00,09:00:00,10:00:00,11:00:00,12:00:00,13:00:00,14:00:00,15:00:00,16:00:00,17:00:00,18:00:00,19:00:00,20:00:00,21:00:00,22:00:00,23:00:00
"
"
March-2018,00:00:00,01:00:00,02:00:00,03:00:00,04:00:00,05:00:00,06:00:00,07:00:00,08:00:00,09:00:00,10:00:00,11:00:00,12:00:00,13:00:00,14:00:00,15:00:00,16:00:00,17:00:00,18:00:00,19:00:00,20:00:00,21:00:00,22:00:00,23:00:00
"
"
April-2018,00:00:00,01:00:00,02:00:00,03:00:00,04:00:00,05:00:00,06:00:00,07:00:00,08:00:00,09:00:00,10:00:00,11:00:00,12:00:00,13:00:00,14:00:00,15:00:00,16:00:00,17:00:00,18:00:00,19:00:00,20:00:00,21:00:00,22:00:00,23:00:00
"
"
May-2018,00:00:00,01:00:00,02:00:00,03:00:00,04:00:00,05:00:00,06:00:00,07:00:00,08:00:00,09:00:00,10:00:00,11:00:00,12:00:00,13:00:00,14:00:00,15:00:00,16:00:00,17:00:00,18:00:00,19:00:00,20:00:00,21:00:00,22:00:00,23:00:00
"
"
June-2018,00:00:00,01:00:00,02:00:00,03:00:00,04:00:00,05:00:00,06:00:00,07:00:00,08:00:00,09:00:00,10:00:00,11:00:00,12:00:00,13:00:00,14:00:00,15:00:00,16:00:00,17:00:00,18:00:00,19:00:00,20:00:00,21:00:00,22:00:00,23:00:00
"
"
July-2018,00:00:00,01:00:00,02:00:00,03:00:00,04:00:00,05:00:00,06:00:00,07:00:00,08:00:00,09:00:00,10:00:00,11:00:00,12:00:00,13:00:00,14:00:00,15:00:00,16:00:00,17:00:00,18:00:00,19:00:00,20:00:00,21:00:00,22:00:00,23:00:00
"
"
August-2018,00:00:00,01:00:00,02:00:00,03:00:00,04:00:00,05:00:00,06:00:00,07:00:00,08:00:00,09:00:00,10:00:00,11:00:00,12:00:00,13:00:00,14:00:00,15:00:00,16:00:00,17:00:00,18:00:00,19:00:00,20:00:00,21:00:00,22:00:00,23:00:00
"
"
September-2018,00:00:00,01:00:00,02:00:00,03:00:00,04:00:00,05:00:00,06:00:00,07:00:00,08:00:00,09:00:00,10:00:00,11:00:00,12:00:00,13:00:00,14:00:00,15:00:00,16:00:00,17:00:00,18:00:00,19:00:00,20:00:00,21:00:00,22:00:00,23:00:00
"
"
October-2018,00:00:00,01:00:00,02:00:00,03:00:00,04:00:00,05:00:00,06:00:00,07:00:00,08:00:00,09:00:00,10:00:00,11:00:00,12:00:00,13:00:00,14:00:00,15:00:00,16:00:00,17:00:00,18:00:00,19:00:00,20:00:00,21:00:00,22:00:00,23:00:00
"
"
November-2018,00:00:00,01:00:00,02:00:00,03:00:00,04:00:00,05:00:00,06:00:00,07:00:00,08:00:00,09:00:00,10:00:00,11:00:00,12:00:00,13:00:00,14:00:00,15:00:00,16:00:00,17:00:00,18:00:00,19:00:00,20:00:00,21:00:00,22:00:00,23:00:00
"
"
December-2018,00:00:00,01:00:00,02:00:00,03:00:00,04:00:00,05:00:00,06:00:00,07:00:00,08:00:00,09:00:00,10:00:00,11:00:00,12:00:00,13:00:00,14:00:00,15:00:00,16:00:00,17:00:00,18:00:00,19:00:00,20:00:00,21:00:00,22:00:00,23:00:00
"
"
Year,2019
January-2019,00:00:00,01:00:00,02:00:00,03:00:00,04:00:00,05:00:00,06:00:00,07:00:00,08:00:00,09:00:00,10:00:00,11:00:00,12:00:00,13:00:00,14:00:00,15:00:00,16:00:00,17:00:00,18:00:00,19:00:00,20:00:00,21:00:00,22:00:00,23:00:00
"
"
February-2019,00:00:00,01:00:00,02:00:00,03:00:00,04:00:00,05:00:00,06:00:00,07:00:00,08:00:00,09:00:00,10:00:00,11:00:00,12:00:00,13:00:00,14:00:00,15:00:00,16:00:00,17:00:00,18:00:00,19:00:00,20:00:00,21:00:00,22:00:00,23:00:00
"
"
March-2019,00:00:00,01:00:00,02:00:00,03:00:00,04:00:00,05:00:00,06:00:00,07:00:00,08:00:00,09:00:00,10:00:00,11:00:00,12:00:00,13:00:00,14:00:00,15:00:00,16:00:00,17:00:00,18:00:00,19:00:00,20:00:00,21:00:00,22:00:00,23:00:00
"
"
April-2019,00:00:00,01:00:00,02:00:00,03:00:00,04:00:00,05:00:00,06:00:00,07:00:00,08:00:00,09:00:00,10:00:00,11:00:00,12:00:00,13:00:00,14:00:00,15:00:00,16:00:00,17:00:00,18:00:00,19:00:00,20:00:00,21:00:00,22:00:00,23:00:00
"
"
May-2019,00:00:00,01:00:00,02:00:00,03:00:00,04:00:00,05:00:00,06:00:00,07:00:00,08:00:00,09:00:00,10:00:00,11:00:00,12:00:00,13:00:00,14:00:00,15:00:00,16:00:00,17:00:00,18:00:00,19:00:00,20:00:00,21:00:00,22:00:00,23:00:00
"
"
June-2019,00:00:00,01:00:00,02:00:00,03:00:00,04:00:00,05:00:00,06:00:00,07:00:00,08:00:00,09:00:00,10:00:00,11:00:00,12:00:00,13:00:00,14:00:00,15:00:00,16:00:00,17:00:00,18:00:00,19:00:00,20:00:00,21:00:00,22:00:00,23:00:00
1,,,,,,,,,,,,,,,,,,,,,,,,
2,,,,,,,,,,,,,,,,,,,,,,,,
3,,,,,,,,,,,,,,,,,,,,,,,,
4,,,,,,,,,,,,,,,,,,,,,,,,
5,,,,,,,,,,,,,48.0,59.0,51.0,52.0,38.0,27.0,28.0,44.0,44.0,51.0,47.0,47.0
6,40.0,28.0,27.0,37.0,46.0,52.0,57.0,47.0,43.0,35.0,29.0,36.0,39.0,26.0,39.0,,27.0,40.0,42.0,48.0,54.0,61.0,59.0,49.0
7,56.0,58.0,39.0,43.0,33.0,34.0,40.0,36.0,33.0,30.0,28.0,28.0,30.0,34.0,31.0,32.0,30.0,30.0,27.0,27.0,26.0,28.0,30.0,33.0
8,31.0,26.0,27.0,21.0,33.0,24.0,26.0,27.0,32.0,56.0,38.0,29.0,24.0,28.0,28.0,35.0,30.0,28.0,28.0,26.0,23.0,27.0,30.0,33.0
9,30.0,34.0,30.0,26.0,31.0,33.0,33.0,33.0,34.0,34.0,42.0,44.0,38.0,39.0,44.0,40.0,36.0,29.0,31.0,31.0,28.0,33.0,38.0,39.0
10,43.0,41.0,34.0,36.0,40.0,43.0,54.0,52.0,44.0,49.0,49.0,36.0,48.0,52.0,45.0,49.0,40.0,44.0,34.0,45.0,50.0,51.0,44.0,46.0
11,44.0,46.0,43.0,32.0,29.0,40.0,48.0,52.0,43.0,44.0,54.0,55.0,48.0,52.0,53.0,49.0,26.0,33.0,40.0,24.0,39.0,53.0,56.0,43.0
12,38.0,,,,,,,,,,,,,,,,,,,,,,,
"
"
July-2019,00:00:00,01:00:00,02:00:00,03:00:00,04:00:00,05:00:00,06:00:00,07:00:00,08:00:00,09:00:00,10:00:00,11:00:00,12:00:00,13:00:00,14:00:00,15:00:00,16:00:00,17:00:00,18:00:00,19:00:00,20:00:00,21:00:00,22:00:00,23:00:00
1,38.0,39.0,37.0,34.0,40.0,34.0,33.0,45.0,52.0,61.0,46.0,30.0,35.0,44.0,21.0,38.0,37.0,41.0,29.0,41.0,48.0,47.0,33.0,32.0
2,44.0,58.0,55.0,49.0,24.0,25.0,33.0,23.0,20.0,29.0,26.0,32.0,29.0,30.0,41.0,48.0,46.0,50.0,44.0,32.0,21.0,21.0,32.0,30.0
3,29.0,25.0,62.0,31.0,31.0,22.0,27.0,22.0,28.0,30.0,37.0,45.0,35.0,41.0,42.0,40.0,38.0,34.0,38.0,37.0,27.0,28.0,20.0,23.0
4,,38.0,38.0,38.0,34.0,32.0,31.0,31.0,33.0,37.0,43.0,45.0,41.0,56.0,71.0,67.0,70.0,77.0,40.0,45.0,64.0,42.0,36.0,46.0
5,60.0,76.0,71.0,73.0,57.0,46.0,59.0,60.0,62.0,80.0,68.0,52.0,50.0,52.0,42.0,54.0,48.0,55.0,53.0,54.0,58.0,65.0,52.0,50.0
6,47.0,64.0,159.0,163.0,66.0,51.0,29.0,31.0,42.0,60.0,59.0,,30.0,,47.0,49.0,52.0,61.0,58.0,40.0,49.0,58.0,50.0,55.0
7,59.0,60.0,229.0,500.0,500.0,30.0,,,,,,,,,,,,,,,,,,
8,,,,,451.0,356.0,500.0,,,,,,76.0,137.0,21.0,17.0,52.0,,65.0,53.0,59.0,58.0,54.0,41.0
9,48.0,51.0,70.0,63.0,50.0,51.0,28.0,23.0,40.0,50.0,56.0,49.0,42.0,45.0,39.0,44.0,34.0,45.0,48.0,57.0,49.0,34.0,37.0,41.0
10,38.0,40.0,38.0,38.0,28.0,25.0,23.0,26.0,20.0,19.0,24.0,26.0,24.0,18.0,22.0,18.0,22.0,26.0,147.0,57.0,46.0,50.0,,
11,,,,,,,,,,,42.0,54.0,91.0,62.0,25.0,31.0,33.0,46.0,54.0,49.0,50.0,39.0,26.0,27.0
12,20.0,31.0,27.0,23.0,30.0,39.0,41.0,38.0,27.0,39.0,46.0,46.0,262.0,41.0,53.0,47.0,49.0,47.0,44.0,40.0,56.0,52.0,50.0,52.0
13,45.0,48.0,44.0,45.0,48.0,48.0,48.0,44.0,42.0,45.0,47.0,28.0,46.0,48.0,39.0,35.0,31.0,31.0,53.0,41.0,51.0,51.0,47.0,46.0
14,48.0,28.0,39.0,43.0,42.0,36.0,38.0,38.0,35.0,38.0,51.0,45.0,55.0,48.0,35.0,40.0,40.0,25.0,27.0,33.0,45.0,38.0,47.0,41.0
15,40.0,32.0,36.0,34.0,39.0,38.0,41.0,40.0,33.0,46.0,59.0,68.0,79.0,81.0,68.0,60.0,43.0,43.0,40.0,50.0,56.0,53.0,55.0,49.0
16,49.0,41.0,38.0,32.0,32.0,37.0,40.0,41.0,44.0,49.0,57.0,64.0,63.0,64.0,58.0,54.0,45.0,42.0,43.0,51.0,57.0,62.0,58.0,62.0
17,53.0,43.0,29.0,28.0,30.0,44.0,38.0,37.0,34.0,51.0,36.0,45.0,50.0,53.0,47.0,46.0,38.0,41.0,56.0,68.0,67.0,58.0,68.0,66.0
18,57.0,53.0,,,,,,,,,59.0,67.0,90.0,81.0,88.0,77.0,68.0,75.0,101.0,73.0,81.0,78.0,73.0,69.0
19,71.0,68.0,78.0,59.0,59.0,66.0,62.0,61.0,97.0,85.0,101.0,87.0,,,,,,,,,,97.0,81.0,83.0
20,99.0,86.0,77.0,80.0,115.0,68.0,66.0,46.0,56.0,38.0,35.0,34.0,15.0,25.0,38.0,36.0,22.0,34.0,46.0,47.0,44.0,40.0,61.0,72.0
21,52.0,41.0,77.0,103.0,91.0,90.0,71.0,75.0,80.0,82.0,28.0,48.0,85.0,37.0,22.0,28.0,34.0,21.0,28.0,27.0,32.0,32.0,37.0,34.0
22,41.0,34.0,28.0,25.0,16.0,42.0,41.0,23.0,20.0,38.0,27.0,19.0,21.0,22.0,20.0,27.0,18.0,19.0,16.0,19.0,17.0,7.0,30.0,20.0
23,28.0,22.0,18.0,18.0,16.0,12.0,22.0,43.0,11.0,15.0,15.0,14.0,17.0,16.0,16.0,12.0,15.0,22.0,21.0,19.0,20.0,16.0,14.0,14.0
24,20.0,34.0,22.0,13.0,18.0,13.0,17.0,25.0,33.0,33.0,29.0,38.0,41.0,27.0,38.0,21.0,22.0,32.0,23.0,20.0,21.0,19.0,22.0,19.0
25,28.0,30.0,33.0,39.0,38.0,37.0,44.0,29.0,,,,36.0,39.0,48.0,44.0,39.0,37.0,51.0,50.0,52.0,64.0,69.0,52.0,48.0
26,56.0,55.0,49.0,48.0,44.0,38.0,46.0,38.0,39.0,50.0,47.0,49.0,44.0,50.0,47.0,33.0,38.0,49.0,43.0,34.0,35.0,38.0,36.0,39.0
27,38.0,43.0,40.0,45.0,39.0,47.0,27.0,44.0,44.0,44.0,48.0,52.0,61.0,59.0,51.0,47.0,52.0,51.0,66.0,46.0,42.0,44.0,26.0,37.0
28,46.0,,,,,,,,,,,,,,,,,,,,,,,
29,,,,,,,,,,,,53.0,57.0,77.0,77.0,16.0,13.0,40.0,39.0,24.0,34.0,43.0,37.0,36.0
30,43.0,44.0,36.0,31.0,38.0,36.0,40.0,36.0,41.0,43.0,43.0,46.0,36.0,34.0,28.0,35.0,41.0,30.0,25.0,32.0,30.0,28.0,29.0,19.0
31,34.0,27.0,24.0,36.0,37.0,29.0,27.0,26.0,27.0,31.0,32.0,31.0,33.0,34.0,38.0,38.0,34.0,36.0,28.0,23.0,29.0,35.0,35.0,38.0
"
"
August-2019,00:00:00,01:00:00,02:00:00,03:00:00,04:00:00,05:00:00,06:00:00,07:00:00,08:00:00,09:00:00,10:00:00,11:00:00,12:00:00,13:00:00,14:00:00,15:00:00,16:00:00,17:00:00,18:00:00,19:00:00,20:00:00,21:00:00,22:00:00,23:00:00
1,36.0,33.0,30.0,38.0,36.0,43.0,36.0,41.0,39.0,37.0,43.0,33.0,43.0,42.0,42.0,40.0,,31.0,37.0,32.0,36.0,40.0,40.0,38.0
2,26.0,26.0,30.0,36.0,35.0,38.0,42.0,37.0,35.0,42.0,41.0,48.0,46.0,46.0,38.0,37.0,30.0,37.0,23.0,29.0,23.0,16.0,18.0,24.0
3,24.0,20.0,30.0,25.0,35.0,27.0,25.0,25.0,27.0,27.0,31.0,27.0,25.0,29.0,23.0,22.0,16.0,23.0,24.0,17.0,27.0,40.0,24.0,28.0
4,37.0,26.0,20.0,27.0,23.0,26.0,27.0,41.0,43.0,40.0,39.0,39.0,39.0,48.0,43.0,52.0,43.0,39.0,42.0,38.0,38.0,46.0,44.0,37.0
5,39.0,45.0,41.0,36.0,39.0,45.0,45.0,44.0,45.0,44.0,41.0,,44.0,10.0,52.0,46.0,38.0,40.0,32.0,35.0,39.0,43.0,45.0,43.0
6,42.0,36.0,27.0,41.0,36.0,35.0,29.0,34.0,39.0,36.0,32.0,35.0,33.0,41.0,49.0,40.0,36.0,40.0,41.0,38.0,35.0,47.0,40.0,41.0
7,33.0,26.0,37.0,30.0,37.0,35.0,32.0,36.0,35.0,42.0,36.0,40.0,46.0,45.0,42.0,47.0,52.0,52.0,46.0,44.0,48.0,57.0,66.0,52.0
8,45.0,60.0,67.0,77.0,82.0,92.0,78.0,68.0,74.0,74.0,57.0,56.0,71.0,66.0,64.0,58.0,61.0,65.0,70.0,66.0,62.0,62.0,74.0,67.0
9,65.0,59.0,58.0,59.0,54.0,58.0,50.0,63.0,65.0,58.0,60.0,56.0,69.0,75.0,72.0,67.0,62.0,63.0,64.0,70.0,60.0,62.0,67.0,74.0
10,60.0,30.0,500.0,22.0,52.0,46.0,57.0,52.0,65.0,422.0,353.0,26.0,52.0,49.0,38.0,52.0,53.0,57.0,61.0,69.0,66.0,65.0,60.0,57.0
11,51.0,55.0,51.0,52.0,49.0,50.0,51.0,45.0,45.0,50.0,56.0,67.0,67.0,63.0,56.0,62.0,58.0,59.0,61.0,63.0,53.0,62.0,56.0,54.0
12,52.0,55.0,45.0,52.0,54.0,51.0,45.0,44.0,56.0,60.0,56.0,52.0,64.0,53.0,53.0,56.0,55.0,,,,,46.0,45.0,52.0
13,49.0,45.0,45.0,46.0,49.0,40.0,36.0,33.0,35.0,34.0,37.0,23.0,30.0,31.0,28.0,38.0,31.0,39.0,55.0,62.0,63.0,64.0,64.0,55.0
14,75.0,74.0,70.0,63.0,33.0,38.0,31.0,42.0,34.0,43.0,70.0,33.0,60.0,71.0,64.0,66.0,64.0,68.0,65.0,72.0,69.0,67.0,60.0,57.0
15,51.0,43.0,39.0,49.0,47.0,41.0,34.0,34.0,37.0,40.0,31.0,58.0,40.0,46.0,37.0,50.0,46.0,53.0,47.0,45.0,40.0,34.0,36.0,36.0
16,35.0,37.0,38.0,35.0,38.0,29.0,43.0,39.0,37.0,40.0,42.0,51.0,70.0,52.0,50.0,50.0,66.0,55.0,57.0,64.0,54.0,52.0,46.0,43.0
17,47.0,49.0,46.0,45.0,41.0,44.0,32.0,38.0,42.0,45.0,50.0,50.0,49.0,51.0,52.0,50.0,50.0,53.0,48.0,45.0,47.0,48.0,39.0,48.0
18,42.0,37.0,32.0,38.0,35.0,32.0,28.0,25.0,22.0,24.0,40.0,59.0,53.0,56.0,59.0,57.0,58.0,52.0,55.0,68.0,58.0,67.0,62.0,46.0
19,30.0,28.0,26.0,30.0,28.0,35.0,28.0,33.0,39.0,50.0,51.0,61.0,82.0,73.0,68.0,51.0,47.0,49.0,47.0,53.0,53.0,48.0,53.0,59.0
20,50.0,47.0,60.0,82.0,50.0,47.0,50.0,39.0,45.0,60.0,69.0,71.0,96.0,57.0,64.0,41.0,68.0,105.0,65.0,51.0,49.0,50.0,48.0,49.0
21,47.0,39.0,37.0,39.0,35.0,34.0,35.0,34.0,40.0,26.0,35.0,48.0,55.0,55.0,46.0,63.0,49.0,49.0,53.0,66.0,49.0,43.0,56.0,92.0
22,45.0,47.0,39.0,41.0,42.0,39.0,26.0,55.0,37.0,23.0,24.0,27.0,37.0,50.0,55.0,62.0,64.0,55.0,53.0,51.0,52.0,37.0,34.0,40.0
23,33.0,28.0,21.0,20.0,21.0,21.0,27.0,34.0,33.0,30.0,24.0,17.0,47.0,62.0,64.0,55.0,59.0,54.0,56.0,60.0,66.0,46.0,42.0,
24,,28.0,25.0,31.0,40.0,41.0,40.0,50.0,36.0,28.0,27.0,29.0,45.0,49.0,52.0,46.0,49.0,,,,,,,
25,,,,,,,,,,,,,,,,,,,,,,,,
26,,,42.0,,,,,,,,36.0,35.0,38.0,45.0,60.0,51.0,55.0,74.0,55.0,65.0,68.0,70.0,61.0,59.0
27,61.0,38.0,34.0,31.0,32.0,39.0,29.0,37.0,49.0,68.0,54.0,46.0,46.0,50.0,59.0,36.0,45.0,36.0,42.0,27.0,27.0,31.0,40.0,34.0
28,30.0,29.0,36.0,24.0,38.0,30.0,42.0,40.0,33.0,35.0,32.0,33.0,25.0,17.0,27.0,30.0,24.0,26.0,22.0,21.0,23.0,30.0,32.0,23.0
29,20.0,18.0,20.0,19.0,22.0,26.0,31.0,32.0,31.0,31.0,29.0,27.0,30.0,27.0,31.0,35.0,37.0,32.0,27.0,37.0,47.0,54.0,41.0,47.0
30,29.0,,,,,,,,,,,16.0,30.0,40.0,25.0,24.0,23.0,22.0,44.0,46.0,33.0,38.0,37.0,36.0
31,39.0,24.0,20.0,29.0,29.0,23.0,26.0,32.0,35.0,35.0,33.0,32.0,33.0,35.0,27.0,44.0,36.0,50.0,53.0,42.0,38.0,33.0,20.0,24.0
"
"
September-2019,00:00:00,01:00:00,02:00:00,03:00:00,04:00:00,05:00:00,06:00:00,07:00:00,08:00:00,09:00:00,10:00:00,11:00:00,12:00:00,13:00:00,14:00:00,15:00:00,16:00:00,17:00:00,18:00:00,19:00:00,20:00:00,21:00:00,22:00:00,23:00:00
1,22.0,21.0,22.0,21.0,21.0,21.0,20.0,30.0,27.0,27.0,24.0,48,36.0,25.0,26.0,38.0,33.0,26.0,39.0,37.0,47.0,55.0,51.0,57.0
2,53.0,52.0,48.0,42.0,36.0,47.0,27.0,47.0,48.0,43.0,37.0,31,,,,,,,,,,,,
3,,,,,,,,,,,,21,22.0,28.0,25.0,23.0,30.0,28.0,28.0,25.0,25.0,24.0,24.0,21.0
4,22.0,20.0,23.0,21.0,24.0,24.0,,,,,,28,38.0,29.0,38.0,33.0,37.0,30.0,27.0,22.0,27.0,27.0,27.0,27.0
5,20.0,26.0,20.0,20.0,26.0,26.0,27.0,27.0,19.0,25.0,20.0,21,25.0,21.0,25.0,24.0,19.0,27.0,20.0,20.0,24.0,25.0,26.0,25.0
6,20.0,30.0,20.0,22.0,27.0,25.0,25.0,25.0,37.0,35.0,22.0,20,22.0,25.0,25.0,25.0,22.0,28.0,21.0,19.0,27.0,28.0,24.0,30.0
7,22.0,19.0,19.0,19.0,20.0,24.0,25.0,24.0,24.0,25.0,32.0,36,46.0,34.0,24.0,24.0,24.0,18.0,23.0,20.0,31.0,28.0,25.0,25.0
8,25.0,18.0,29.0,22.0,26.0,22.0,24.0,24.0,25.0,20.0,26.0,36,23.0,23.0,25.0,24.0,24.0,21.0,27.0,23.0,25.0,22.0,24.0,24.0
9,25.0,30.0,29.0,26.0,31.0,33.0,37.0,30.0,34.0,41.0,37.0,39,54.0,57.0,57.0,53.0,46.0,20.0,25.0,51.0,48.0,42.0,37.0,44.0
10,32.0,34.0,33.0,36.0,26.0,29.0,36.0,30.0,25.0,26.0,21.0,23,41.0,32.0,38.0,52.0,47.0,45.0,43.0,52.0,49.0,49.0,42.0,36.0
11,41.0,38.0,38.0,26.0,23.0,24.0,26.0,27.0,27.0,29.0,41.0,56,48.0,42.0,31.0,27.0,27.0,31.0,,38.0,35.0,29.0,23.0,
12,12.0,16.0,12.0,16.0,25.0,24.0,14.0,10.0,12.0,16.0,23.0,31,33.0,37.0,39.0,31.0,34.0,36.0,34.0,29.0,29.0,29.0,29.0,30.0
13,28.0,28.0,28.0,29.0,28.0,30.0,29.0,29.0,28.0,28.0,29.0,32,37.0,47.0,38.0,47.0,36.0,30.0,31.0,27.0,28.0,31.0,31.0,29.0
14,31.0,42.0,41.0,42.0,40.0,37.0,41.0,41.0,31.0,39.0,38.0,40,48.0,45.0,46.0,45.0,40.0,44.0,46.0,48.0,48.0,45.0,41.0,35.0
15,42.0,35.0,36.0,36.0,39.0,31.0,35.0,35.0,34.0,37.0,30.0,31,27.0,26.0,26.0,35.0,39.0,31.0,31.0,29.0,26.0,25.0,26.0,26.0
16,30.0,30.0,31.0,31.0,28.0,26.0,27.0,26.0,30.0,31.0,33.0,35,41.0,37.0,35.0,29.0,31.0,32.0,29.0,37.0,35.0,36.0,27.0,29.0
17,35.0,29.0,32.0,28.0,27.0,27.0,25.0,31.0,33.0,35.0,30.0,34,20.0,22.0,22.0,20.0,23.0,30.0,34.0,27.0,31.0,33.0,12.0,20.0
18,14.0,17.0,17.0,22.0,34.0,26.0,11.0,27.0,26.0,27.0,44.0,47,40.0,28.0,27.0,23.0,27.0,61.0,43.0,61.0,57.0,56.0,47.0,41.0
19,36.0,20.0,20.0,21.0,18.0,23.0,30.0,47.0,68.0,34.0,72.0,65,63.0,28.0,40.0,43.0,51.0,53.0,50.0,40.0,32.0,28.0,34.0,34.0
20,27.0,27.0,27.0,17.0,20.0,24.0,34.0,24.0,72.0,31.0,21.0,16,17.0,26.0,26.0,33.0,16.0,28.0,28.0,32.0,38.0,40.0,27.0,40.0
21,27.0,20.0,27.0,10.0,17.0,15.0,20.0,38.0,40.0,17.0,22.0,10,15.0,20.0,20.0,23.0,25.0,22.0,20.0,20.0,18.0,20.0,17.0,35.0
22,,,13.0,14.0,21.0,29.0,32.0,30.0,31.0,35.0,33.0,22,31.0,32.0,27.0,30.0,33.0,31.0,28.0,19.0,18.0,21.0,23.0,26.0
23,27.0,31.0,43.0,49.0,71.0,28.0,46.0,40.0,57.0,95.0,62.0,43,65.0,48.0,35.0,36.0,66.0,52.0,39.0,48.0,46.0,49.0,47.0,56.0
24,50.0,39.0,32.0,38.0,35.0,32.0,34.0,45.0,68.0,56.0,46.0,103,80.0,67.0,74.0,51.0,55.0,71.0,77.0,72.0,56.0,41.0,45.0,36.0
25,29.0,33.0,18.0,30.0,22.0,24.0,18.0,18.0,19.0,23.0,25.0,13,12.0,19.0,31.0,45.0,23.0,31.0,26.0,33.0,34.0,34.0,42.0,83.0
26,78.0,68.0,39.0,44.0,32.0,21.0,24.0,32.0,58.0,92.0,97.0,38,27.0,24.0,23.0,22.0,24.0,23.0,24.0,23.0,18.0,15.0,14.0,16.0
27,26.0,29.0,26.0,21.0,16.0,13.0,20.0,15.0,18.0,14.0,14.0,13,16.0,18.0,3.0,10.0,17.0,22.0,20.0,12.0,13.0,12.0,18.0,12.0
28,12.0,21.0,13.0,15.0,16.0,14.0,8.0,7.0,8.0,13.0,18.0,6,14.0,14.0,10.0,11.0,13.0,18.0,10.0,13.0,15.0,15.0,15.0,17.0
29,19.0,15.0,10.0,13.0,13.0,19.0,10.0,12.0,14.0,15.0,20.0,18,17.0,17.0,11.0,14.0,13.0,18.0,22.0,15.0,18.0,15.0,13.0,10.0
30,12.0,11.0,20.0,12.0,15.0,13.0,12.0,13.0,14.0,8.0,14.0,15,14.0,12.0,12.0,19.0,17.0,16.0,23.0,23.0,17.0,27.0,24.0,25.0
"
"
October-2019,00:00:00,01:00:00,02:00:00,03:00:00,04:00:00,05:00:00,06:00:00,07:00:00,08:00:00,09:00:00,10:00:00,11:00:00,12:00:00,13:00:00,14:00:00,15:00:00,16:00:00,17:00:00,18:00:00,19:00:00,20:00:00,21:00:00,22:00:00,23:00:00
1,31,34,20,20,18,22,19,21,27,39.0,38,25,25,23,38,30,39,,36,43,41,44.0,43,31
2,42,59,33,35,36,44,36,39,69,71.0,91,60,54,49,66,48,34,43.0,35,35,32,39.0,39,43
3,41,37,28,37,48,52,50,49,61,105.0,72,72,68,59,39,40,41,116.0,44,137,43,50.0,49,69
4,56,53,119,55,76,64,75,33,35,63.0,63,69,57,44,57,47,44,50.0,43,48,61,57.0,56,37
5,67,99,92,72,99,83,86,64,84,72.0,56,64,77,91,138,76,69,65.0,60,62,83,72.0,55,53
6,44,69,93,93,71,80,153,121,109,83.0,107,103,122,66,82,80,82,90.0,93,87,92,82.0,73,54
7,50,52,54,109,123,88,108,133,123,137.0,113,147,80,53,101,77,102,73.0,72,72,90,88.0,81,110
8,120,137,147,130,106,101,163,193,227,143.0,150,83,87,88,95,130,97,83.0,67,73,61,63.0,57,57
9,24,17,34,33,20,47,57,46,59,45.0,48,62,61,56,84,62,110,77.0,67,41,96,36.0,30,37
10,40,49,58,55,58,47,78,85,130,107.0,117,99,80,92,167,140,101,68.0,68,80,52,52.0,54,84
11,113,125,81,47,63,119,47,33,36,43.0,43,43,56,68,107,67,60,64.0,53,58,69,86.0,64,115
12,97,93,50,140,149,126,138,113,157,133.0,146,124,83,98,100,88,107,101.0,82,88,75,61.0,42,57
13,48,49,74,100,77,92,91,111,101,126.0,93,97,169,100,87,94,95,95.0,98,98,88,88.0,45,42
14,60,63,90,70,72,87,98,140,125,167.0,167,187,187,147,153,120,144,150.0,340,280,111,84.0,80,82
15,90,92,123,93,90,82,98,103,90,110.0,110,127,117,150,52,89,86,135.0,129,120,105,77.0,91,115
16,142,157,178,139,123,110,91,101,89,109.0,133,131,215,130,161,111,109,258.0,117,138,107,97.0,109,135
17,143,177,199,135,114,109,100,105,118,140.0,139,129,128,127,152,171,245,199.0,167,107,119,106.0,100,116
18,133,170,153,173,197,247,217,223,203,200.0,167,160,163,197,141,67,75,107.0,100,119,61,63.0,54,44
19,127,73,82,75,87,83,53,68,60,82.0,75,47,40,29,34,23,29,37.0,48,44,57,26.0,21,25
20,20,20,18,24,23,21,30,38,41,33.0,43,45,38,25,32,25,25,27.0,27,46,31,28.0,30,39
21,34,38,22,32,23,23,36,35,43,38.0,45,45,36,48,74,94,77,62.0,54,53,51,50.0,56,37
22,21,18,34,33,58,32,21,21,30,21.0,31,34,56,58,48,46,31,30.0,26,33,66,48.0,45,30
23,24,26,25,22,27,22,28,19,24,50.0,29,56,19,16,15,15,18,18.0,24,32,47,,54,26
24,27,28,39,44,43,57,50,37,45,73.0,99,44,53,60,65,55,53,43.0,37,87,108,59.0,75,87
25,43,28,26,44,42,35,37,42,50,35.0,38,38,31,42,50,36,27,46.0,39,50,45,46.0,50,41
26,37,45,20,23,30,45,23,25,32,28.0,39,26,40,32,26,24,29,27.0,30,37,50,63.0,57,65
27,32,27,41,47,54,72,51,51,46,36.0,33,56,57,65,44,40,36,34.0,28,32,33,42.0,43,33
28,72,21,25,40,34,38,47,56,65,37.0,38,34,150,309,150,88,60,37.0,32,36,50,197.0,92,79
29,59,44,47,69,115,134,177,180,170,,113,103,95,96,94,143,107,85.0,79,72,72,65.0,83,111
30,167,88,73,160,247,160,107,62,66,62.0,56,48,48,57,81,107,116,101.0,89,104,66,66.0,74,135
31,76,133,98,60,56,58,60,52,70,71.0,62,62,47,56,45,92,103,56.0,61,74,97,69.0,103,105
"
"
November-2019,00:00:00,01:00:00,02:00:00,03:00:00,04:00:00,05:00:00,06:00:00,07:00:00,08:00:00,09:00:00,10:00:00,11:00:00,12:00:00,13:00:00,14:00:00,15:00:00,16:00:00,17:00:00,18:00:00,19:00:00,20:00:00,21:00:00,22:00:00,23:00:00
1,123.0,121.0,92.0,118.0,99.0,60.0,46.0,44.0,42.0,45.0,85.0,81.0,48.0,86,51,49.0,58.0,66.0,63,88,83,81,54,51.0
2,49.0,50.0,73.0,79.0,74.0,70.0,46.0,42.0,40.0,44.0,58.0,65.0,71.0,75,54,50.0,53.0,50.0,64,69,68,68,52,59.0
3,45.0,60.0,91.0,71.0,78.0,79.0,70.0,71.0,72.0,71.0,74.0,69.0,66.0,64,59,49.0,48.0,47.0,48,47,47,47,45,51.0
4,81.0,85.0,45.0,59.0,55.0,59.0,69.0,68.0,104.0,105.0,84.0,36.0,60.0,55,49,53.0,59.0,52.0,44,51,45,41,48,44.0
5,63.0,48.0,82.0,60.0,63.0,60.0,78.0,77.0,103.0,127.0,80.0,77.0,89.0,96,91,81.0,74.0,84.0,82,67,83,78,75,65.0
6,59.0,90.0,89.0,102.0,117.0,133.0,127.0,143.0,150.0,207.0,250.0,220.0,247.0,87,137,92.0,133.0,,70,59,52,45,49,43.0
7,42.0,50.0,57.0,53.0,38.0,57.0,67.0,47.0,47.0,48.0,23.0,23.0,25.0,32,22,12.0,17.0,26.0,27,24,23,14,21,13.0
8,30.0,30.0,32.0,38.0,28.0,12.0,12.0,37.0,45.0,,,,115.0,76,77,60.0,38.0,42.0,33,27,27,36,31,49.0
9,35.0,53.0,59.0,64.0,44.0,35.0,34.0,37.0,41.0,71.0,74.0,68.0,52.0,44,31,44.0,49.0,59.0,46,48,55,59,73,87.0
10,77.0,67.0,68.0,87.0,77.0,59.0,70.0,83.0,89.0,120.0,170.0,270.0,177.0,150,115,67.0,58.0,67.0,99,87,83,75,78,67.0
11,68.0,107.0,140.0,193.0,160.0,187.0,177.0,210.0,160.0,137.0,163.0,183.0,109.0,107,103,108.0,153.0,127.0,132,85,129,90,88,133.0
12,170.0,163.0,187.0,210.0,207.0,279.0,260.0,260.0,243.0,213.0,157.0,217.0,193.0,173,183,118.0,142.0,167.0,182,148,117,127,120,
13,,,,,,,,,,,,207.0,136.0,88,90,75.0,77.0,81.0,100,135,137,126,98,107.0
14,103.0,157.0,190.0,203.0,150.0,207.0,,,,,130.0,130.0,105.0,102,100,97.0,106.0,100.0,246,143,180,133,113,145.0
15,102.0,107.0,123.0,133.0,157.0,193.0,177.0,200.0,213.0,223.0,240.0,187.0,240.0,247,150,153.0,157.0,137.0,140,111,87,107,130,130.0
16,120.0,150.0,150.0,167.0,190.0,247.0,243.0,247.0,253.0,223.0,223.0,230.0,200.0,137,113,107.0,105.0,180.0,157,150,223,160,117,130.0
17,180.0,230.0,200.0,197.0,223.0,250.0,210.0,193.0,200.0,157.0,160.0,173.0,170.0,163,150,107.0,140.0,147.0,117,103,157,187,190,213.0
18,237.0,207.0,140.0,150.0,140.0,173.0,130.0,150.0,177.0,133.0,140.0,183.0,143.0,92,153,213.0,200.0,127.0,130,133,183,213,177,213.0
19,257.0,290.0,290.0,297.0,290.0,301.0,277.0,293.0,267.0,213.0,,243.0,240.0,263,280,263.0,237.0,197.0,160,153,173,173,183,263.0
20,287.0,263.0,217.0,263.0,287.0,287.0,293.0,287.0,273.0,297.0,304.0,233.0,302.0,311,253,200.0,260.0,267.0,187,150,173,153,193,193.0
21,167.0,210.0,227.0,301.0,308.0,316.0,305.0,306.0,277.0,243.0,270.0,237.0,240.0,243,240,197.0,183.0,210.0,180,200,210,197,217,217.0
22,210.0,297.0,297.0,308.0,293.0,300.0,305.0,304.0,293.0,203.0,150.0,160.0,177.0,140,143,123.0,133.0,,137,180,177,127,170,190.0
23,150.0,207.0,247.0,243.0,273.0,297.0,301.0,307.0,301.0,267.0,240.0,167.0,137.0,145,125,142.0,170.0,163.0,133,153,143,140,153,200.0
24,213.0,213.0,200.0,280.0,230.0,277.0,260.0,277.0,,163.0,157.0,170.0,140.0,127,139,187.0,173.0,163.0,157,147,103,139,158,184.0
25,169.0,,185.0,194.0,212.0,286.0,302.0,309.0,310.0,306.0,310.0,261.0,,204,188,180.0,217.0,170.0,160,207,120,130,160,150.0
26,197.0,183.0,243.0,273.0,290.0,301.0,273.0,302.0,305.0,301.0,303.0,257.0,193.0,183,187,160.0,143.0,123.0,141,150,142,149,170,203.0
27,173.0,173.0,147.0,223.0,270.0,290.0,273.0,301.0,300.0,187.0,173.0,153.0,157.0,177,115,99.0,140.0,120.0,90,90,80,67,85,98.0
28,77.0,117.0,170.0,163.0,187.0,173.0,170.0,217.0,217.0,233.0,180.0,160.0,170.0,147,163,127.0,160.0,136.0,144,165,127,94,103,123.0
29,137.0,193.0,240.0,217.0,183.0,150.0,160.0,187.0,200.0,230.0,230.0,253.0,207.0,177,143,,,152.0,147,153,174,216,221,178.0
30,227.0,243.0,223.0,218.0,206.0,185.0,198.0,219.0,288.0,271.0,239.0,248.0,234.0,213,188,188.0,223.0,182.0,176,172,170,183,144,157.0
"
"
December-2019,00:00:00,01:00:00,02:00:00,03:00:00,04:00:00,05:00:00,06:00:00,07:00:00,08:00:00,09:00:00,10:00:00,11:00:00,12:00:00,13:00:00,14:00:00,15:00:00,16:00:00,17:00:00,18:00:00,19:00:00,20:00:00,21:00:00,22:00:00,23:00:00
1,217,258,295.0,276.0,303.0,304,284,303.0,311.0,307.0,310,312,311,279,155,192,253,218,216,175,170.0,199,185,235
2,261,265,249.0,200.0,182.0,185,157,145.0,152.0,147.0,171,173,120,132,102,90,116,181,150,107,107.0,117,123,113
3,157,177,180.0,150.0,121.0,60,53,55.0,57.0,50.0,33,58,34,46,45,58,48,43,35,57,39.0,37,33,50
4,60,61,74.0,85.0,105.0,120,153,101.0,81.0,84.0,80,130,121,83,162,68,82,99,92,131,173.0,90,500,78
5,62,61,60.0,72.0,62.0,57,60,57.0,57.0,57.0,73,110,189,250,213,131,136,143,220,293,213.0,240,247,220
6,180,200,237.0,260.0,267.0,301,302,273.0,230.0,223.0,220,210,267,207,183,187,153,147,187,160,213.0,150,137,137
7,106,116,127.0,122.0,155.0,186,201,187.0,193.0,177.0,130,119,153,143,175,227,200,150,170,123,156.0,200,133,143
8,187,233,240.0,240.0,270.0,267,270,243.0,243.0,190.0,217,193,220,220,227,213,197,230,217,240,210.0,207,187,210
9,240,280,302.0,287.0,263.0,267,273,270.0,306.0,307.0,302,263,250,247,257,227,160,174,137,94,82.0,108,127,93
10,150,167,177.0,183.0,187.0,210,287,270.0,316.0,305.0,302,301,213,260,300,190,203,175,139,164,161.0,133,133,143
11,157,177,173.0,203.0,220.0,163,247,297.0,305.0,302.0,227,300,287,280,315,287,287,237,183,183,190.0,167,187,233
12,220,247,200.0,260.0,302.0,297,303,302.0,290.0,303.0,233,307,308,260,213,177,173,167,167,170,200.0,203,220,167
13,140,123,78.0,84.0,150.0,302,323,309.0,302.0,297.0,302,267,100,128,103,66,81,88,90,87,80.0,90,78,85
14,85,115,79.0,48.0,42.0,54,56,60.0,98.0,,109,153,123,117,420,365,89,126,133,102,112.0,109,140,117
15,98,115,127.0,170.0,170.0,113,111,103.0,150.0,105.0,119,107,117,143,163,113,113,110,113,130,150.0,163,170,227
16,293,302,305.0,308.0,190.0,227,190,207.0,220.0,210.0,197,223,187,170,200,243,243,170,127,140,170.0,190,233,260
17,297,293,,,,200,150,187.0,207.0,153.0,167,197,173,140,141,133,177,191,163,147,193.0,183,140,160
18,217,237,160.0,180.0,180.0,150,177,173.0,167.0,177.0,170,190,173,160,144,180,141,262,183,147,163.0,177,203,230
19,257,280,220.0,253.0,243.0,220,200,193.0,223.0,240.0,227,237,143,137,224,220,253,189,163,152,157.0,150,130,160
20,193,237,220.0,250.0,278.0,289,305,309.0,313.0,313.0,308,287,277,217,223,190,176,190,163,210,140.0,137,153,173
21,207,223,217.0,243.0,250.0,287,290,317.0,304.0,312.0,305,277,420,345,247,200,207,233,197,177,,283,183,230
22,250,297,307.0,312.0,314.0,318,301,263.0,250.0,263.0,240,237,227,253,160,170,153,147,207,230,220.0,220,173,160
23,203,217,210.0,243.0,267.0,260,302,305.0,,315.0,322,308,260,227,213,190,105,127,153,143,123.0,160,167,260
24,310,304,227.0,253.0,287.0,317,337,340.0,320.0,328.0,326,338,336,336,307,230,280,267,290,253,300.0,303,310,257
25,302,302,324.0,334.0,328.0,338,342,312.0,315.0,317.0,338,330,332,335,325,313,305,311,310,322,325.0,327,334,327
26,325,334,335.0,328.0,317.0,273,240,,273.0,200.0,207,267,421,243,210,167,150,120,115,115,92.0,126,163,200
27,220,203,210.0,210.0,250.0,230,253,267.0,300.0,308.0,305,293,290,277,257,260,280,243,167,167,187.0,120,95,103
28,117,160,233.0,177.0,180.0,180,187,200.0,163.0,183.0,220,210,230,237,217,207,229,220,200,157,135.0,119,100,127
29,170,200,230.0,233.0,253.0,220,173,177.0,170.0,150.0,143,143,130,140,123,130,155,172,170,181,173.0,153,130,143
30,190,203,213.0,240.0,230.0,250,257,250.0,267.0,200.0,243,223,220,253,257,227,240,160,170,143,178.0,177,166,156
31,130,137,147.0,147.0,139.0,114,140,127.0,133.0,143.0,183,217,240,237,230,175,161,148,114,113,120.0,130,108,119
"
"
Year,2020
January-2020,00:00:00,01:00:00,02:00:00,03:00:00,04:00:00,05:00:00,06:00:00,07:00:00,08:00:00,09:00:00,10:00:00,11:00:00,12:00:00,13:00:00,14:00:00,15:00:00,16:00:00,17:00:00,18:00:00,19:00:00,20:00:00,21:00:00,22:00:00,23:00:00
1,109.0,140.0,205.0,297.0,302.0,263.0,253.0,302.0,85.0,65.0,77.0,190.0,187.0,207.0,210.0,257.0,207.0,240.0,273.0,233.0,127.0,120.0,200.0,203.0
2,283.0,304.0,312.0,319.0,320.0,305.0,312.0,315.0,313.0,319.0,322.0,316.0,312.0,306.0,243.0,200.0,167.0,131.0,126.0,111.0,137.0,210.0,253.0,247.0
3,301.0,314.0,312.0,203.0,223.0,200.0,217.0,277.0,203.0,170.0,220.0,217.0,183.0,223.0,280.0,247.0,180.0,160.0,170.0,149.0,160.0,163.0,197.0,240.0
4,243.0,267.0,267.0,263.0,223.0,217.0,200.0,193.0,210.0,200.0,230.0,302.0,203.0,137.0,143.0,133.0,143.0,140.0,130.0,135.0,130.0,154.0,153.0,210.0
5,283.0,312.0,318.0,318.0,304.0,312.0,327.0,325.0,302.0,,230.0,210.0,183.0,190.0,163.0,117.0,117.0,209.0,160.0,102.0,107.0,102.0,120.0,133.0
6,223.0,240.0,270.0,177.0,177.0,130.0,150.0,120.0,120.0,120.0,110.0,57.0,72.0,107.0,100.0,111.0,152.0,177.0,142.0,156.0,133.0,148.0,158.0,139.0
7,167.0,217.0,250.0,244.0,268.0,295.0,302.0,248.0,277.0,305.0,310.0,303.0,290.0,281.0,297.0,176.0,127.0,131.0,137.0,156.0,179.0,157.0,141.0,154.0
8,189.0,189.0,210.0,176.0,152.0,128.0,124.0,152.0,192.0,182.0,169.0,106.0,108.0,149.0,79.0,136.0,165.0,118.0,98.0,107.0,101.0,112.0,124.0,128.0
9,126.0,97.0,115.0,142.0,154.0,158.0,151.0,153.0,156.0,167.0,169.0,167.0,,187.0,154.0,114.0,103.0,103.0,110.0,139.0,106.0,108.0,99.0,105.0
10,112.0,152.0,179.0,171.0,149.0,171.0,158.0,155.0,189.0,151.0,138.0,132.0,157.0,167.0,135.0,174.0,128.0,164.0,153.0,161.0,109.0,102.0,109.0,113.0
11,144.0,220.0,269.0,266.0,274.0,237.0,205.0,196.0,182.0,138.0,116.0,123.0,110.0,95.0,100.0,91.0,95.0,131.0,113.0,139.0,151.0,155.0,150.0,177.0
12,223.0,219.0,194.0,190.0,238.0,251.0,285.0,308.0,252.0,310.0,331.0,320.0,263.0,255.0,220.0,212.0,112.0,122.0,124.0,100.0,123.0,153.0,140.0,97.0
13,111.0,98.0,104.0,92.0,92.0,216.0,231.0,240.0,263.0,301.0,318.0,332.0,320.0,306.0,78.0,60.0,75.0,80.0,73.0,62.0,57.0,55.0,59.0,89.0
14,63.0,81.0,69.0,54.0,49.0,,,,,,,,,,,,,,,,,,,
15,,,,,,,,,,,96.0,99.0,104.0,102.0,116.0,85.0,90.0,81.0,79.0,87.0,93.0,90.0,89.0,76.0
16,79.0,78.0,57.0,47.0,50.0,57.0,55.0,75.0,95.0,117.0,123.0,143.0,121.0,91.0,89.0,74.0,91.0,70.0,76.0,67.0,71.0,85.0,72.0,60.0
17,67.0,77.0,96.0,91.0,97.0,92.0,80.0,58.0,81.0,94.0,107.0,114.0,118.0,92.0,80.0,85.0,92.0,89.0,111.0,110.0,119.0,113.0,88.0,105.0
18,163.0,183.0,207.0,240.0,260.0,247.0,277.0,213.0,237.0,183.0,207.0,227.0,,,153.0,143.0,111.0,98.0,97.0,102.0,109.0,121.0,170.0,227.0
19,230.0,247.0,267.0,230.0,293.0,306.0,270.0,302.0,247.0,250.0,223.0,193.0,180.0,180.0,197.0,230.0,187.0,167.0,160.0,127.0,143.0,140.0,153.0,127.0
20,137.0,133.0,170.0,200.0,200.0,227.0,233.0,283.0,290.0,283.0,243.0,243.0,293.0,260.0,217.0,220.0,247.0,237.0,273.0,247.0,210.0,193.0,140.0,143.0
21,167.0,213.0,197.0,223.0,257.0,257.0,273.0,300.0,303.0,322.0,318.0,311.0,312.0,325.0,143.0,170.0,167.0,190.0,293.0,270.0,240.0,133.0,98.0,103.0
22,116.0,109.0,120.0,127.0,157.0,153.0,170.0,183.0,207.0,210.0,230.0,302.0,308.0,287.0,217.0,,112.0,175.0,184.0,224.0,200.0,143.0,167.0,130.0
23,157.0,223.0,227.0,293.0,243.0,237.0,270.0,273.0,247.0,277.0,293.0,301.0,240.0,193.0,185.0,166.0,173.0,210.0,151.0,173.0,137.0,190.0,183.0,193.0
24,170.0,210.0,223.0,230.0,210.0,160.0,180.0,177.0,183.0,187.0,237.0,197.0,157.0,135.0,160.0,140.0,113.0,130.0,167.0,130.0,170.0,123.0,113.0,103.0
25,127.0,157.0,163.0,213.0,223.0,210.0,190.0,173.0,257.0,307.0,303.0,227.0,233.0,253.0,230.0,203.0,223.0,183.0,200.0,138.0,191.0,243.0,301.0,280.0
26,237.0,293.0,314.0,314.0,240.0,223.0,293.0,306.0,304.0,314.0,318.0,,304.0,302.0,297.0,187.0,170.0,167.0,140.0,95.0,90.0,87.0,143.0,253.0
27,247.0,213.0,127.0,120.0,100.0,103.0,87.0,70.0,62.0,93.0,117.0,101.0,85.0,71.0,80.0,88.0,88.0,70.0,68.0,86.0,81.0,73.0,62.0,52.0
28,50.0,36.0,38.0,32.0,24.0,35.0,52.0,87.0,81.0,78.0,72.0,59.0,75.0,78.0,78.0,79.0,59.0,56.0,57.0,39.0,61.0,53.0,60.0,66.0
29,71.0,69.0,77.0,62.0,74.0,71.0,46.0,60.0,57.0,53.0,54.0,52.0,123.0,129.0,125.0,110.0,121.0,127.0,123.0,107.0,102.0,102.0,90.0,87.0
30,90.0,88.0,,,119.0,123.0,165.0,135.0,125.0,130.0,121.0,110.0,121.0,125.0,158.0,143.0,150.0,136.0,104.0,107.0,117.0,143.0,133.0,91.0
31,96.0,101.0,127.0,125.0,114.0,102.0,98.0,110.0,149.0,135.0,147.0,167.0,130.0,140.0,121.0,128.0,148.0,186.0,143.0,128.0,118.0,101.0,117.0,115.0
"
"
February-2020,00:00:00,01:00:00,02:00:00,03:00:00,04:00:00,05:00:00,06:00:00,07:00:00,08:00:00,09:00:00,10:00:00,11:00:00,12:00:00,13:00:00,14:00:00,15:00:00,16:00:00,17:00:00,18:00:00,19:00:00,20:00:00,21:00:00,22:00:00,23:00:00
1,96.0,101.0,126.0,143.0,197.0,183.0,143.0,120.0,170.0,233.0,227.0,283.0,247.0,180.0,177.0,125.0,115.0,106.0,107.0,109.0,111.0,105.0,80.0,94.0
2,109.0,123.0,210.0,203.0,160.0,173.0,263.0,247.0,217.0,273.0,322.0,309.0,210.0,110.0,98.0,123.0,110.0,104.0,98.0,98.0,105.0,94.0,103.0,98.0
3,117.0,147.0,137.0,,,,,,,,,197.0,237.0,167.0,120.0,167.0,140.0,140.0,113.0,95.0,103.0,91.0,84.0,81.0
4,97.0,136.0,154.0,207.0,203.0,247.0,277.0,270.0,210.0,183.0,187.0,267.0,312.0,230.0,183.0,157.0,183.0,150.0,147.0,144.0,121.0,122.0,146.0,114.0
5,87.0,137.0,117.0,135.0,,,,,,124.0,148.0,177.0,160.0,123.0,134.0,124.0,119.0,121.0,160.0,129.0,99.0,89.0,145.0,126.0
6,125.0,146.0,143.0,125.0,80.0,60.0,60.0,70.0,64.0,,111.0,122.0,133.0,117.0,141.0,168.0,120.0,124.0,136.0,125.0,101.0,91.0,95.0,93.0
7,72.0,90.0,111.0,111.0,79.0,85.0,79.0,86.0,89.0,111.0,136.0,136.0,157.0,128.0,121.0,120.0,115.0,94.0,99.0,123.0,128.0,106.0,94.0,97.0
8,89.0,81.0,95.0,101.0,160.0,120.0,103.0,92.0,101.0,143.0,250.0,190.0,167.0,163.0,163.0,160.0,147.0,150.0,127.0,128.0,153.0,118.0,89.0,87.0
9,102.0,131.0,137.0,167.0,,,,,,,,,,,,,,,,,,,,
10,,,,,,,,,,,,,,,,,,,,,,,,
11,,,,,,,,,,,,101.0,133.0,70.0,54.0,75.0,104.0,113.0,142.0,122.0,167.0,106.0,101.0,130.0
12,144.0,169.0,163.0,173.0,180.0,163.0,163.0,163.0,167.0,157.0,130.0,167.0,143.0,117.0,102.0,109.0,119.0,109.0,149.0,155.0,133.0,132.0,137.0,98.0
13,110.0,173.0,167.0,150.0,130.0,160.0,183.0,207.0,302.0,267.0,237.0,280.0,213.0,143.0,120.0,125.0,224.0,145.0,125.0,120.0,109.0,124.0,154.0,127.0
14,133.0,113.0,143.0,180.0,153.0,139.0,103.0,137.0,120.0,133.0,121.0,173.0,142.0,105.0,189.0,177.0,120.0,110.0,119.0,144.0,150.0,114.0,103.0,121.0
15,133.0,127.0,160.0,190.0,167.0,91.0,128.0,137.0,129.0,169.0,157.0,140.0,143.0,150.0,166.0,119.0,96.0,107.0,105.0,95.0,125.0,101.0,78.0,83.0
16,118.0,121.0,104.0,63.0,104.0,103.0,105.0,94.0,98.0,124.0,130.0,133.0,153.0,177.0,147.0,113.0,114.0,120.0,92.0,167.0,167.0,173.0,203.0,237.0
17,302.0,300.0,273.0,283.0,283.0,273.0,300.0,302.0,318.0,325.0,347.0,339.0,308.0,233.0,233.0,293.0,300.0,250.0,190.0,177.0,120.0,187.0,140.0,177.0
18,240.0,183.0,220.0,200.0,200.0,230.0,240.0,260.0,324.0,334.0,341.0,326.0,335.0,213.0,133.0,143.0,,178.0,193.0,167.0,500.0,346.0,153.0,170.0
19,263.0,180.0,183.0,180.0,197.0,270.0,213.0,253.0,243.0,283.0,309.0,330.0,305.0,277.0,293.0,309.0,233.0,217.0,256.0,187.0,140.0,120.0,103.0,124.0
20,133.0,133.0,167.0,153.0,157.0,193.0,213.0,200.0,170.0,200.0,223.0,307.0,315.0,223.0,92.0,89.0,77.0,76.0,74.0,73.0,49.0,,,45.0
21,43.0,48.0,65.0,66.0,50.0,58.0,80.0,103.0,74.0,97.0,201.0,127.0,113.0,98.0,70.0,68.0,81.0,87.0,65.0,60.0,84.0,65.0,67.0,71.0
22,105.0,117.0,114.0,111.0,101.0,115.0,110.0,145.0,153.0,62.0,130.0,100.0,130.0,147.0,167.0,167.0,187.0,207.0,230.0,190.0,120.0,161.0,160.0,150.0
23,207.0,210.0,240.0,257.0,203.0,197.0,136.0,134.0,253.0,270.0,267.0,253.0,302.0,143.0,180.0,177.0,137.0,123.0,126.0,124.0,126.0,124.0,129.0,107.0
24,98.0,85.0,105.0,143.0,140.0,167.0,123.0,127.0,170.0,223.0,277.0,273.0,263.0,200.0,153.0,133.0,163.0,193.0,207.0,177.0,180.0,223.0,233.0,107.0
25,167.0,263.0,290.0,135.0,124.0,91.0,88.0,88.0,103.0,105.0,121.0,128.0,163.0,232.0,146.0,123.0,125.0,103.0,105.0,126.0,111.0,102.0,103.0,99.0
26,150.0,136.0,136.0,109.0,103.0,96.0,100.0,99.0,112.0,107.0,120.0,125.0,174.0,207.0,147.0,137.0,176.0,136.0,114.0,115.0,123.0,109.0,94.0,80.0
27,77.0,100.0,95.0,107.0,133.0,171.0,118.0,213.0,223.0,237.0,193.0,157.0,171.0,127.0,103.0,137.0,111.0,107.0,93.0,96.0,90.0,88.0,101.0,112.0
28,139.0,172.0,193.0,179.0,177.0,173.0,130.0,153.0,253.0,233.0,250.0,302.0,310.0,302.0,220.0,133.0,91.0,95.0,78.0,76.0,107.0,110.0,126.0,113.0
29,153.0,200.0,213.0,223.0,207.0,135.0,154.0,240.0,257.0,177.0,250.0,270.0,319.0,260.0,121.0,88.0,83.0,74.0,67.0,72.0,71.0,65.0,77.0,97.0
"
"
March-2020,00:00:00,01:00:00,02:00:00,03:00:00,04:00:00,05:00:00,06:00:00,07:00:00,08:00:00,09:00:00,10:00:00,11:00:00,12:00:00,13:00:00,14:00:00,15:00:00,16:00:00,17:00:00,18:00:00,19:00:00,20:00:00,21:00:00,22:00:00,23:00:00
1,97.0,85.0,92.0,83.0,96.0,115.0,82.0,82.0,106.0,123.0,138.0,108.0,500,105,91,143,69,84,81,92.0,102.0,91.0,97.0,103.0
2,101.0,99.0,101.0,103.0,114.0,122.0,110.0,117.0,150.0,157.0,106.0,109.0,109,90,74,86,96,93,107,113.0,135.0,123.0,119.0,118.0
3,115.0,108.0,113.0,115.0,107.0,115.0,100.0,92.0,100.0,175.0,177.0,144.0,133,145,130,113,106,102,101,120.0,119.0,107.0,107.0,105.0
4,101.0,92.0,74.0,75.0,66.0,70.0,92.0,90.0,96.0,94.0,107.0,118.0,111,123,123,101,109,109,97,115.0,199.0,95.0,87.0,80.0
5,84.0,91.0,86.0,99.0,81.0,79.0,89.0,90.0,100.0,111.0,104.0,111.0,118,105,103,108,109,109,96,95.0,395.0,85.0,89.0,80.0
6,79.0,75.0,72.0,65.0,61.0,65.0,70.0,72.0,66.0,91.0,100.0,89.0,84,73,88,91,93,86,67,68.0,71.0,90.0,94.0,101.0
7,87.0,80.0,75.0,103.0,81.0,72.0,69.0,62.0,56.0,88.0,124.0,121.0,140,150,159,139,144,140,129,136.0,342.0,123.0,117.0,105.0
8,105.0,97.0,109.0,111.0,121.0,113.0,102.0,103.0,103.0,119.0,125.0,113.0,109,100,103,93,111,90,111,112.0,115.0,117.0,121.0,120.0
9,121.0,134.0,129.0,115.0,117.0,111.0,111.0,116.0,118.0,121.0,132.0,145.0,119,115,111,103,102,108,103,,106.0,103.0,100.0,115.0
10,119.0,120.0,113.0,101.0,89.0,83.0,110.0,86.0,95.0,137.0,253.0,273.0,86,84,75,75,85,72,58,50.0,42.0,46.0,49.0,50.0
11,55.0,55.0,56.0,52.0,39.0,35.0,39.0,42.0,48.0,45.0,47.0,39.0,58,41,47,36,42,49,499,71.0,59.0,60.0,53.0,49.0
12,47.0,50.0,43.0,41.0,54.0,59.0,42.0,64.0,76.0,84.0,101.0,80.0,97,71,67,64,62,62,57,68.0,63.0,66.0,50.0,43.0
13,45.0,46.0,32.0,40.0,34.0,43.0,59.0,64.0,69.0,72.0,59.0,101.0,133,129,117,117,129,133,124,145.0,141.0,124.0,116.0,109.0
14,100.0,105.0,105.0,101.0,101.0,80.0,87.0,83.0,86.0,107.0,112.0,105.0,157,111,96,94,129,133,158,141.0,135.0,130.0,114.0,121.0
15,48.0,25.0,26.0,53.0,79.0,89.0,88.0,90.0,94.0,95.0,158.0,145.0,142,141,135,127,122,117,106,117.0,113.0,105.0,102.0,92.0
16,94.0,110.0,131.0,143.0,120.0,110.0,125.0,197.0,200.0,160.0,230.0,145.0,127,116,129,135,183,119,117,118.0,,,,
17,,,,,,,,,,,,,316,322,305,190,138,165,184,184.0,216.0,204.0,113.0,120.0
18,149.0,103.0,119.0,127.0,128.0,96.0,124.0,111.0,143.0,119.0,126.0,217.0,180,139,147,147,131,129,124,97.0,103.0,99.0,74.0,87.0
19,82.0,84.0,107.0,104.0,128.0,78.0,72.0,78.0,100.0,123.0,93.0,113.0,114,106,109,104,104,95,88,91.0,88.0,93.0,73.0,60.0
20,47.0,64.0,44.0,62.0,61.0,51.0,33.0,35.0,42.0,48.0,68.0,66.0,62,59,62,69,71,88,81,75.0,68.0,67.0,62.0,62.0
21,67.0,62.0,64.0,59.0,50.0,48.0,40.0,39.0,41.0,56.0,69.0,80.0,99,119,130,85,79,81,91,88.0,79.0,66.0,59.0,59.0
22,60.0,62.0,64.0,62.0,58.0,60.0,50.0,44.0,52.0,56.0,62.0,69.0,73,73,71,62,70,76,85,92.0,89.0,94.0,87.0,78.0
23,72.0,75.0,72.0,68.0,65.0,66.0,60.0,48.0,52.0,55.0,69.0,77.0,68,64,66,67,78,85,91,97.0,95.0,98.0,100.0,90.0
24,86.0,88.0,94.0,98.0,91.0,70.0,60.0,59.0,62.0,69.0,70.0,70.0,67,64,74,80,108,158,154,127.0,113.0,96.0,101.0,112.0
25,135.0,125.0,97.0,85.0,93.0,85.0,71.0,71.0,67.0,82.0,77.0,92.0,92,75,72,75,75,77,87,92.0,68.0,66.0,67.0,68.0
26,63.0,60.0,62.0,60.0,60.0,59.0,48.0,54.0,63.0,68.0,64.0,71.0,77,74,73,76,69,68,73,69.0,71.0,61.0,64.0,60.0
27,64.0,61.0,65.0,89.0,97.0,85.0,68.0,71.0,71.0,72.0,57.0,74.0,77,81,80,78,89,96,99,103.0,106.0,101.0,92.0,91.0
28,80.0,77.0,83.0,81.0,76.0,52.0,70.0,75.0,74.0,80.0,70.0,93.0,85,94,111,125,119,125,121,100.0,85.0,81.0,82.0,86.0
29,91.0,100.0,96.0,99.0,92.0,84.0,81.0,78.0,72.0,72.0,69.0,84.0,83,99,118,104,115,114,114,133.0,132.0,123.0,96.0,99.0
30,98.0,94.0,80.0,81.0,85.0,87.0,86.0,84.0,77.0,81.0,82.0,78.0,74,79,84,88,85,82,86,83.0,82.0,81.0,69.0,75.0
31,59.0,59.0,65.0,66.0,77.0,80.0,76.0,69.0,48.0,70.0,68.0,77.0,76,77,76,85,76,78,75,71.0,73.0,67.0,68.0,69.0
"
"
April-2020,00:00:00,01:00:00,02:00:00,03:00:00,04:00:00,05:00:00,06:00:00,07:00:00,08:00:00,09:00:00,10:00:00,11:00:00,12:00:00,13:00:00,14:00:00,15:00:00,16:00:00,17:00:00,18:00:00,19:00:00,20:00:00,21:00:00,22:00:00,23:00:00
1,66.0,65.0,67.0,66.0,71.0,68.0,63.0,64.0,54.0,60.0,65.0,65.0,66.0,71.0,77.0,79.0,87.0,98.0,88.0,83.0,93.0,97.0,101.0,81.0
2,70.0,55.0,62.0,68.0,77.0,74.0,70.0,70.0,73.0,73.0,69.0,94.0,97.0,79.0,81.0,87.0,89.0,96.0,104.0,96.0,92.0,91.0,84.0,80.0
3,72.0,71.0,76.0,77.0,71.0,68.0,66.0,72.0,73.0,77.0,96.0,107.0,98.0,89.0,85.0,79.0,71.0,68.0,77.0,86.0,88.0,84.0,83.0,77.0
4,81.0,82.0,80.0,75.0,71.0,68.0,66.0,66.0,71.0,90.0,88.0,89.0,79.0,84.0,70.0,67.0,75.0,68.0,72.0,72.0,77.0,70.0,69.0,69.0
5,66.0,66.0,67.0,70.0,70.0,,69.0,62.0,79.0,81.0,113.0,110.0,92.0,88.0,76.0,73.0,70.0,71.0,69.0,79.0,67.0,57.0,58.0,54.0
6,66.0,81.0,77.0,68.0,68.0,65.0,59.0,49.0,53.0,59.0,61.0,64.0,61.0,57.0,54.0,53.0,50.0,56.0,51.0,51.0,56.0,53.0,57.0,61.0
7,63.0,57.0,51.0,52.0,57.0,55.0,59.0,59.0,62.0,,,,,,,,,,,,,,,
8,,,,,,,,,,,,,,,,,,,,,,,,
9,,,,,,,,,,,,,,,,,,,,,,,,
10,,,,,,,,,,,,,,,,,,,,,,,,
11,,,,,,,,,,,,,,,,,,,,,,,,
12,,,,,,,,,,,,,,,,,,,,,,,,
13,,,,,,,,,,,,,,,,,,,,,,,,
14,,,,,,,,,,,,,,,,,,,,,,,,
15,,,,,,,,,,,,,,,,,,,,,,,,
16,,,,,,,,,,,,,,,,,,,,,,,,
17,,,,,,,,,,,,,,,,,,,,,,,,
18,,,,,,,,,,,,,,,,,,,,,,,,
19,,,,,,,,,,,,,,,,,,,,,,,,
20,,,,,,,,,,,,,,,,,,,,,91.0,91.0,38.0,53.0
21,43.0,45.0,43.0,42.0,43.0,40.0,37.0,35.0,34.0,42.0,38.0,41.0,42.0,48.0,49.0,51.0,51.0,50.0,50.0,49.0,49.0,48.0,52.0,51.0
22,46.0,44.0,43.0,41.0,43.0,39.0,38.0,37.0,38.0,40.0,45.0,51.0,42.0,43.0,47.0,49.0,54.0,58.0,54.0,51.0,47.0,45.0,44.0,43.0
23,45.0,42.0,43.0,42.0,40.0,39.0,44.0,44.0,52.0,45.0,47.0,47.0,47.0,51.0,54.0,53.0,51.0,46.0,42.0,44.0,43.0,48.0,46.0,42.0
24,40.0,41.0,40.0,39.0,37.0,36.0,35.0,33.0,55.0,47.0,45.0,45.0,42.0,45.0,47.0,41.0,41.0,45.0,47.0,45.0,46.0,48.0,42.0,38.0
25,42.0,38.0,38.0,39.0,41.0,40.0,38.0,36.0,36.0,39.0,44.0,44.0,43.0,48.0,49.0,49.0,52.0,55.0,56.0,58.0,58.0,55.0,53.0,54.0
26,54.0,45.0,45.0,44.0,41.0,41.0,40.0,38.0,42.0,48.0,52.0,60.0,62.0,48.0,50.0,47.0,51.0,53.0,57.0,49.0,54.0,49.0,46.0,43.0
27,41.0,42.0,40.0,39.0,39.0,39.0,38.0,37.0,37.0,44.0,42.0,43.0,40.0,41.0,45.0,44.0,52.0,52.0,53.0,55.0,44.0,43.0,44.0,43.0
28,42.0,44.0,47.0,47.0,46.0,46.0,46.0,41.0,44.0,48.0,54.0,58.0,50.0,45.0,47.0,48.0,44.0,47.0,49.0,52.0,56.0,56.0,55.0,49.0
29,47.0,,48.0,44.0,40.0,37.0,36.0,35.0,36.0,37.0,40.0,42.0,41.0,46.0,49.0,,,,,55.0,52.0,55.0,51.0,49.0
30,43.0,41.0,42.0,40.0,38.0,40.0,43.0,48.0,68.0,42.0,43.0,43.0,43.0,45.0,47.0,,,,,45.0,44.0,43.0,42.0,43.0
"
"
May-2020,00:00:00,01:00:00,02:00:00,03:00:00,04:00:00,05:00:00,06:00:00,07:00:00,08:00:00,09:00:00,10:00:00,11:00:00,12:00:00,13:00:00,14:00:00,15:00:00,16:00:00,17:00:00,18:00:00,19:00:00,20:00:00,21:00:00,22:00:00,23:00:00
1,44.0,38.0,40.0,41.0,42.0,41.0,39.0,41.0,43.0,37.0,40.0,41.0,43.0,45.0,48.0,,58.0,50.0,52.0,50.0,48.0,46.0,43.0,42.0
2,44.0,41.0,42.0,41.0,42.0,40.0,39.0,39.0,41.0,43.0,39.0,39.0,42.0,43.0,48.0,,,,,,,,,
3,,,,,,,,,,,,,,,,,,,,48.0,47.0,44.0,49.0,47.0
4,43.0,45.0,40.0,42.0,41.0,41.0,36.0,37.0,40.0,43.0,39.0,39.0,40.0,41.0,43.0,46.0,49.0,,,,,,45.0,48.0
5,42.0,43.0,42.0,39.0,39.0,40.0,39.0,41.0,42.0,44.0,47.0,40.0,42.0,42.0,43.0,47.0,,,,55.0,49.0,48.0,46.0,44.0
6,44.0,43.0,43.0,39.0,37.0,37.0,37.0,38.0,40.0,44.0,86.0,45.0,42.0,43.0,42.0,45.0,,110.0,50.0,47.0,44.0,45.0,48.0,49.0
7,46.0,45.0,44.0,41.0,43.0,44.0,41.0,41.0,43.0,41.0,46.0,70.0,53.0,49.0,49.0,48.0,47.0,,132.0,54.0,54.0,49.0,45.0,53.0
8,47.0,43.0,45.0,45.0,43.0,43.0,39.0,39.0,39.0,41.0,46.0,62.0,45.0,43.0,46.0,46.0,47.0,,106.0,47.0,69.0,45.0,49.0,43.0
9,41.0,43.0,46.0,47.0,40.0,42.0,39.0,37.0,40.0,43.0,49.0,,,,,,,,26.0,61.0,50.0,54.0,50.0,44.0
10,43.0,40.0,44.0,46.0,44.0,38.0,41.0,41.0,38.0,42.0,48.0,,77.0,44.0,45.0,44.0,43.0,47.0,,,,,46.0,53.0
11,44.0,40.0,43.0,46.0,48.0,36.0,36.0,36.0,38.0,42.0,49.0,,,48.0,48.0,47.0,44.0,44.0,,,,47.0,48.0,49.0
12,46.0,42.0,40.0,42.0,45.0,38.0,38.0,41.0,37.0,39.0,207.0,50.0,60.0,62.0,43.0,42.0,41.0,41.0,46.0,,113.0,43.0,43.0,42.0
13,43.0,44.0,44.0,42.0,42.0,43.0,41.0,41.0,40.0,40.0,41.0,46.0,,68.0,44.0,41.0,39.0,42.0,45.0,,,44.0,42.0,41.0
14,39.0,39.0,40.0,42.0,45.0,48.0,38.0,39.0,38.0,39.0,42.0,,,,,,40.0,41.0,43.0,,,,,
15,,,,,,,,,,,,44.0,,115.0,45.0,42.0,44.0,46.0,44.0,41.0,42.0,43.0,45.0,39.0
16,40.0,41.0,41.0,41.0,41.0,41.0,40.0,40.0,40.0,41.0,39.0,37.0,52.0,80.0,105.0,117.0,115.0,110.0,102.0,96.0,83.0,78.0,75.0,72.0
17,73.0,71.0,65.0,80.0,87.0,86.0,77.0,76.0,69.0,68.0,67.0,61.0,66.0,60.0,48.0,52.0,46.0,47.0,52.0,49.0,48.0,46.0,47.0,45.0
18,46.0,47.0,48.0,49.0,47.0,49.0,48.0,46.0,45.0,44.0,44.0,48.0,45.0,45.0,46.0,46.0,44.0,46.0,49.0,47.0,45.0,44.0,42.0,41.0
19,41.0,42.0,43.0,43.0,43.0,44.0,43.0,42.0,42.0,41.0,41.0,40.0,42.0,42.0,45.0,44.0,46.0,47.0,46.0,48.0,48.0,45.0,43.0,41.0
20,41.0,42.0,44.0,41.0,42.0,42.0,41.0,39.0,39.0,42.0,41.0,42.0,42.0,43.0,44.0,44.0,43.0,42.0,74.0,44.0,42.0,41.0,49.0,41.0
21,40.0,43.0,41.0,42.0,141.0,37.0,35.0,43.0,35.0,38.0,39.0,41.0,41.0,39.0,40.0,40.0,43.0,51.0,50.0,50.0,48.0,43.0,42.0,40.0
22,40.0,43.0,42.0,42.0,41.0,37.0,36.0,37.0,38.0,38.0,41.0,42.0,43.0,41.0,44.0,45.0,46.0,47.0,48.0,50.0,51.0,46.0,43.0,42.0
23,40.0,42.0,41.0,41.0,42.0,40.0,38.0,36.0,35.0,38.0,41.0,41.0,42.0,42.0,41.0,42.0,40.0,40.0,44.0,42.0,46.0,42.0,50.0,38.0
24,37.0,38.0,41.0,41.0,41.0,41.0,37.0,36.0,36.0,35.0,38.0,35.0,35.0,38.0,37.0,36.0,37.0,40.0,42.0,43.0,47.0,46.0,40.0,36.0
25,35.0,35.0,39.0,39.0,39.0,39.0,38.0,36.0,36.0,36.0,36.0,37.0,39.0,39.0,40.0,37.0,41.0,40.0,41.0,46.0,44.0,42.0,39.0,38.0
26,36.0,35.0,37.0,40.0,40.0,40.0,40.0,36.0,35.0,33.0,40.0,42.0,38.0,41.0,42.0,38.0,40.0,41.0,39.0,42.0,40.0,39.0,39.0,50.0
27,35.0,35.0,35.0,38.0,39.0,40.0,41.0,37.0,36.0,35.0,36.0,37.0,49.0,44.0,42.0,43.0,38.0,38.0,41.0,41.0,39.0,39.0,39.0,37.0
28,40.0,37.0,37.0,39.0,38.0,39.0,,,,,,,,,,,,,,,,,,
29,,,,,,,38.0,38.0,35.0,20.0,33.0,34.0,38.0,38.0,40.0,39.0,38.0,39.0,36.0,35.0,36.0,36.0,37.0,37.0
30,34.0,34.0,34.0,34.0,36.0,37.0,37.0,37.0,35.0,33.0,34.0,35.0,35.0,33.0,36.0,37.0,35.0,36.0,36.0,35.0,38.0,38.0,38.0,38.0
31,37.0,33.0,32.0,33.0,34.0,35.0,36.0,36.0,35.0,33.0,33.0,33.0,34.0,35.0,37.0,38.0,39.0,37.0,37.0,45.0,38.0,37.0,37.0,38.0
"
"
June-2020,00:00:00,01:00:00,02:00:00,03:00:00,04:00:00,05:00:00,06:00:00,07:00:00,08:00:00,09:00:00,10:00:00,11:00:00,12:00:00,13:00:00,14:00:00,15:00:00,16:00:00,17:00:00,18:00:00,19:00:00,20:00:00,21:00:00,22:00:00,23:00:00
1,38.0,34.0,35.0,35.0,36.0,35.0,50.0,43.0,38.0,34.0,34.0,35.0,34.0,42.0,53.0,57.0,56.0,52.0,46.0,44.0,44.0,45.0,46.0,50.0
2,46.0,38.0,35.0,35.0,35.0,36.0,22.0,41.0,47.0,62.0,37.0,41.0,72.0,58.0,46.0,67.0,57.0,54.0,37.0,47.0,37.0,38.0,40.0,39.0
3,63.0,60.0,36.0,33.0,32.0,40.0,38.0,36.0,35.0,33.0,31.0,31.0,31.0,32.0,37.0,38.0,39.0,39.0,35.0,35.0,35.0,34.0,37.0,35.0
4,36.0,36.0,32.0,32.0,31.0,31.0,31.0,40.0,31.0,500.0,500.0,453.0,27.0,65.0,22.0,21.0,24.0,25.0,55.0,31.0,48.0,56.0,63.0,52.0
5,33.0,81.0,35.0,35.0,35.0,,,,,,,,,,,,,,,,,,,
6,,,,,,,,,,,,,,,,,,,,,,,,
7,,,,,,,,,,,,,,,,,,,,,,,,
8,,,,,,,,,,,,,,,,,,,,,,,,
9,,,,,,,,,,,,,,,,,,,,,,,,
10,,,,,,,,,,,,,,,,,,,,29.0,29.0,33.0,31.0,30.0
11,30.0,30.0,30.0,30.0,30.0,29.0,29.0,35.0,30.0,28.0,31.0,37.0,26.0,28.0,28.0,29.0,,,,,,,,
12,,,,,,,,,,,,,,,,,,,,,,,,
13,,,,,,,,,,,,,,,,,,,,,,,,
14,,,,,,,,,,,,,,,,,,,,,,,,
15,,,,,,,,,,,,,,,,,,,,,,,,
16,,,,,,,,,,,,,,,,,,,,,,,,
17,,,,,,,,,,,,,,,,,,,,,,,,
18,,,,,,,,,,,,,,32.0,50.0,3.0,32.0,30.0,31.0,31.0,31.0,31.0,31.0,36.0
19,37.0,31.0,31.0,31.0,31.0,32.0,32.0,31.0,32.0,32.0,40.0,41.0,36.0,45.0,43.0,38.0,36.0,26.0,30.0,34.0,36.0,37.0,37.0,32.0
20,33.0,35.0,25.0,24.0,31.0,32.0,33.0,32.0,35.0,30.0,28.0,38.0,34.0,33.0,38.0,32.0,34.0,30.0,26.0,31.0,31.0,31.0,34.0,35.0
21,27.0,31.0,28.0,22.0,22.0,26.0,34.0,26.0,34.0,28.0,25.0,26.0,27.0,24.0,37.0,26.0,30.0,34.0,24.0,24.0,27.0,26.0,31.0,27.0
22,29.0,28.0,28.0,27.0,25.0,23.0,35.0,26.0,26.0,28.0,30.0,27.0,23.0,30.0,30.0,35.0,33.0,29.0,28.0,24.0,24.0,26.0,34.0,30.0
23,29.0,27.0,30.0,27.0,25.0,31.0,38.0,29.0,26.0,22.0,21.0,28.0,25.0,24.0,25.0,28.0,25.0,22.0,22.0,21.0,24.0,24.0,21.0,24.0
24,29.0,24.0,25.0,22.0,21.0,22.0,21.0,23.0,20.0,21.0,24.0,21.0,19.0,24.0,23.0,25.0,22.0,21.0,20.0,23.0,24.0,20.0,22.0,22.0
25,23.0,20.0,23.0,22.0,24.0,24.0,21.0,27.0,30.0,22.0,22.0,22.0,22.0,20.0,30.0,25.0,27.0,28.0,25.0,30.0,26.0,33.0,30.0,25.0
26,38.0,27.0,28.0,27.0,26.0,23.0,22.0,22.0,25.0,22.0,30.0,24.0,22.0,22.0,23.0,28.0,28.0,31.0,23.0,33.0,24.0,26.0,32.0,37.0
27,40.0,30.0,26.0,33.0,26.0,27.0,30.0,26.0,38.0,45.0,38.0,37.0,26.0,28.0,35.0,33.0,43.0,43.0,40.0,43.0,42.0,37.0,27.0,37.0
28,36.0,37.0,41.0,36.0,29.0,27.0,23.0,29.0,22.0,30.0,21.0,35.0,30.0,30.0,32.0,26.0,22.0,37.0,27.0,23.0,24.0,24.0,22.0,21.0
29,20.0,33.0,21.0,20.0,22.0,21.0,23.0,22.0,21.0,21.0,21.0,21.0,24.0,23.0,21.0,23.0,21.0,20.0,21.0,21.0,23.0,26.0,26.0,23.0
30,24.0,,,,,103.0,,,,,,,,,,,,,,,,,,
"
"
July-2020,00:00:00,01:00:00,02:00:00,03:00:00,04:00:00,05:00:00,06:00:00,07:00:00,08:00:00,09:00:00,10:00:00,11:00:00,12:00:00,13:00:00,14:00:00,15:00:00,16:00:00,17:00:00,18:00:00,19:00:00,20:00:00,21:00:00,22:00:00,23:00:00
1,,,,,,,,,,,,,,,,,,,,,,,,
2,,,,,,,,,,,,,,,,,,,,,,,,
3,,,,,,,,,,,,,,,21.0,13.0,15.0,14.0,14.0,19.0,25.0,15.0,20.0,25.0
4,23.0,20.0,19.0,15.0,12.0,13.0,14.0,21.0,18.0,14.0,15.0,14.0,15.0,17.0,18.0,22.0,27.0,23.0,25.0,24.0,28.0,28.0,28.0,31.0
5,23.0,22.0,21.0,20.0,18.0,18.0,20.0,23.0,26.0,24.0,22.0,26.0,31.0,27.0,29.0,37.0,34.0,32.0,36.0,33.0,33.0,31.0,33.0,40.0
6,45.0,36.0,33.0,33.0,39.0,40.0,37.0,35.0,33.0,38.0,36.0,35.0,38.0,36.0,30.0,34.0,27.0,28.0,34.0,35.0,34.0,26.0,27.0,22.0
7,18.0,20.0,19.0,22.0,21.0,20.0,21.0,21.0,27.0,25.0,30.0,28.0,31.0,37.0,37.0,32.0,28.0,28.0,26.0,26.0,28.0,24.0,21.0,21.0
8,22.0,25.0,25.0,26.0,39.0,25.0,31.0,31.0,27.0,24.0,21.0,24.0,33.0,31.0,30.0,28.0,34.0,21.0,20.0,31.0,30.0,30.0,32.0,32.0
9,30.0,30.0,30.0,28.0,31.0,30.0,26.0,27.0,27.0,24.0,29.0,28.0,25.0,32.0,31.0,24.0,26.0,22.0,25.0,21.0,19.0,25.0,22.0,25.0
10,23.0,24.0,27.0,24.0,28.0,34.0,27.0,28.0,26.0,27.0,45.0,42.0,25.0,33.0,27.0,30.0,28.0,22.0,20.0,21.0,28.0,32.0,28.0,25.0
11,21.0,21.0,20.0,20.0,23.0,26.0,27.0,33.0,27.0,30.0,23.0,28.0,29.0,32.0,32.0,31.0,30.0,30.0,21.0,25.0,23.0,25.0,27.0,22.0
12,19.0,18.0,19.0,16.0,14.0,19.0,23.0,20.0,27.0,22.0,17.0,15.0,17.0,17.0,22.0,20.0,23.0,20.0,16.0,19.0,20.0,15.0,18.0,20.0
13,,,18.0,20.0,19.0,8.0,21.0,21.0,17.0,20.0,21.0,17.0,14.0,13.0,20.0,15.0,20.0,20.0,18.0,16.0,21.0,20.0,21.0,19.0
14,26.0,23.0,17.0,23.0,29.0,20.0,19.0,20.0,19.0,18.0,16.0,14.0,14.0,16.0,18.0,30.0,18.0,17.0,14.0,17.0,15.0,16.0,16.0,17.0
15,15.0,14.0,15.0,13.0,20.0,14.0,22.0,20.0,19.0,14.0,16.0,21.0,16.0,18.0,16.0,17.0,15.0,17.0,17.0,19.0,16.0,18.0,15.0,16.0
16,17.0,21.0,14.0,13.0,14.0,18.0,18.0,23.0,22.0,20.0,22.0,18.0,15.0,15.0,14.0,17.0,18.0,21.0,24.0,19.0,13.0,17.0,22.0,21.0
17,20.0,32.0,23.0,22.0,19.0,20.0,30.0,29.0,54.0,13.0,16.0,15.0,13.0,15.0,14.0,16.0,25.0,20.0,22.0,24.0,26.0,22.0,18.0,21.0
18,26.0,46.0,24.0,29.0,17.0,18.0,22.0,32.0,30.0,23.0,22.0,25.0,24.0,26.0,30.0,28.0,40.0,31.0,30.0,48.0,42.0,32.0,26.0,28.0
19,28.0,27.0,22.0,28.0,34.0,31.0,33.0,39.0,29.0,38.0,34.0,31.0,36.0,30.0,29.0,36.0,30.0,32.0,26.0,33.0,21.0,23.0,27.0,28.0
20,26.0,31.0,25.0,25.0,24.0,25.0,26.0,22.0,28.0,37.0,30.0,37.0,33.0,30.0,29.0,37.0,33.0,44.0,37.0,41.0,40.0,34.0,36.0,32.0
21,27.0,34.0,33.0,31.0,25.0,25.0,29.0,26.0,27.0,29.0,22.0,26.0,27.0,28.0,25.0,25.0,25.0,22.0,25.0,22.0,25.0,24.0,19.0,21.0
22,21.0,25.0,24.0,21.0,21.0,19.0,30.0,34.0,20.0,21.0,21.0,29.0,22.0,25.0,22.0,16.0,13.0,15.0,28.0,22.0,19.0,19.0,20.0,20.0
23,17.0,33.0,23.0,21.0,16.0,21.0,16.0,16.0,18.0,24.0,32.0,29.0,30.0,25.0,17.0,20.0,16.0,19.0,23.0,27.0,32.0,33.0,23.0,23.0
24,23.0,32.0,38.0,56.0,32.0,19.0,20.0,24.0,23.0,17.0,17.0,15.0,13.0,17.0,18.0,29.0,18.0,17.0,22.0,26.0,28.0,38.0,48.0,46.0
25,41.0,30.0,28.0,34.0,21.0,19.0,20.0,28.0,26.0,23.0,18.0,19.0,16.0,20.0,18.0,17.0,14.0,15.0,17.0,19.0,28.0,22.0,18.0,17.0
26,18.0,19.0,13.0,13.0,18.0,36.0,37.0,31.0,23.0,22.0,37.0,53.0,16.0,13.0,12.0,12.0,12.0,12.0,13.0,16.0,16.0,15.0,19.0,19.0
27,11.0,13.0,18.0,13.0,14.0,16.0,16.0,17.0,17.0,18.0,20.0,20.0,19.0,21.0,23.0,20.0,17.0,18.0,20.0,22.0,31.0,26.0,27.0,21.0
28,19.0,17.0,20.0,19.0,25.0,27.0,23.0,25.0,35.0,42.0,35.0,24.0,32.0,28.0,38.0,28.0,32.0,19.0,36.0,46.0,31.0,32.0,23.0,25.0
29,28.0,28.0,26.0,28.0,28.0,27.0,28.0,22.0,25.0,31.0,28.0,32.0,42.0,50.0,45.0,22.0,22.0,16.0,16.0,17.0,20.0,35.0,29.0,17.0
30,15.0,14.0,13.0,13.0,13.0,14.0,13.0,15.0,14.0,15.0,18.0,16.0,16.0,22.0,16.0,15.0,16.0,15.0,18.0,15.0,15.0,19.0,25.0,21.0
31,15.0,16.0,17.0,16.0,16.0,17.0,15.0,15.0,17.0,18.0,16.0,23.0,19.0,16.0,19.0,14.0,15.0,14.0,14.0,15.0,14.0,22.0,17.0,20.0
"
"
August-2020,00:00:00,01:00:00,02:00:00,03:00:00,04:00:00,05:00:00,06:00:00,07:00:00,08:00:00,09:00:00,10:00:00,11:00:00,12:00:00,13:00:00,14:00:00,15:00:00,16:00:00,17:00:00,18:00:00,19:00:00,20:00:00,21:00:00,22:00:00,23:00:00
1,17,17,20,32,27,30,24,26,20.0,17.0,19.0,16,20,16,17.0,14.0,14.0,14.0,15,15,14.0,16,29,19
2,23,22,24,17,24,22,16,19,14.0,26.0,15.0,16,15,15,22.0,15.0,16.0,16.0,12,14,15.0,13,19,19
3,15,15,15,14,13,14,15,14,14.0,17.0,14.0,14,15,14,15.0,18.0,15.0,14.0,12,16,18.0,14,17,16
4,12,8,7,7,12,13,18,17,14.0,15.0,16.0,10,10,13,20.0,15.0,22.0,15.0,14,14,13.0,13,14,18
5,15,20,18,23,17,14,15,22,17.0,18.0,17.0,14,16,16,15.0,15.0,18.0,20.0,35,40,19.0,35,35,40
6,37,28,14,26,17,18,23,24,,,,18,15,15,15.0,17.0,14.0,24.0,30,21,19.0,22,29,28
7,21,32,34,31,24,33,32,35,40.0,30.0,30.0,17,20,23,31.0,38.0,38.0,41.0,40,38,35.0,36,35,30
8,34,34,38,34,36,34,24,30,36.0,36.0,36.0,39,36,39,30.0,36.0,31.0,27.0,31,29,34.0,36,37,39
9,34,39,39,36,45,44,41,36,35.0,31.0,33.0,37,36,33,35.0,36.0,32.0,38.0,35,40,35.0,40,40,39
10,38,35,39,36,28,31,23,24,30.0,32.0,31.0,35,35,37,35.0,28.0,21.0,29.0,38,40,32.0,33,27,24
11,24,26,28,27,35,32,33,36,32.0,32.0,34.0,29,40,35,38.0,37.0,38.0,34.0,34,36,34.0,32,32,25
12,22,21,27,24,27,25,24,24,33.0,32.0,34.0,32,34,34,25.0,26.0,30.0,25.0,23,23,25.0,25,24,25
13,21,30,29,28,34,34,31,25,30.0,32.0,36.0,26,36,24,28.0,28.0,29.0,31.0,27,26,27.0,24,24,22
14,26,25,25,25,26,29,28,30,26.0,27.0,28.0,25,25,24,23.0,25.0,27.0,27.0,32,29,27.0,28,38,35
15,29,33,38,26,36,36,38,37,36.0,37.0,34.0,32,34,33,24.0,24.0,25.0,22.0,31,24,33.0,35,32,30
16,36,29,34,39,34,34,30,35,33.0,32.0,35.0,37,37,34,31.0,33.0,33.0,35.0,31,33,36.0,32,25,31
17,21,31,26,31,28,27,27,35,27.0,31.0,35.0,32,35,34,32.0,32.0,33.0,30.0,31,35,30.0,25,32,25
18,25,28,24,25,21,25,30,26,25.0,24.0,28.0,27,31,33,25.0,23.0,27.0,25.0,26,23,26.0,23,21,23
19,19,16,22,23,23,23,24,20,19.0,20.0,20.0,31,29,33,31.0,25.0,24.0,30.0,27,25,25.0,23,24,26
20,23,28,27,23,23,22,24,26,25.0,27.0,25.0,23,22,24,24.0,22.0,23.0,28.0,24,21,21.0,24,23,21
21,21,25,22,23,21,20,23,23,20.0,19.0,22.0,27,24,21,18.0,23.0,21.0,21.0,23,21,19.0,27,26,30
22,27,26,24,26,23,21,22,22,23.0,24.0,27.0,28,26,31,26.0,29.0,14.0,21.0,20,24,27.0,29,15,28
23,22,21,22,22,25,26,25,25,31.0,29.0,32.0,31,30,17,24.0,23.0,25.0,30.0,35,32,30.0,28,27,29
24,31,27,27,25,27,29,27,32,29.0,28.0,29.0,32,33,29,25.0,24.0,34.0,34.0,32,32,23.0,36,26,26
25,25,27,31,29,28,30,29,26,30.0,28.0,27.0,35,32,33,30.0,32.0,36.0,28.0,30,27,28.0,23,21,17
26,23,22,23,21,23,25,25,24,24.0,24.0,25.0,27,28,29,28.0,30.0,26.0,23.0,23,28,23.0,25,28,22
27,20,23,26,24,21,29,30,29,28.0,27.0,29.0,25,26,28,32.0,29.0,28.0,29.0,22,35,30.0,32,29,27
28,25,23,21,19,18,15,21,21,24.0,30.0,27.0,25,25,22,28.0,25.0,22.0,20.0,27,23,23.0,27,23,23
29,28,21,21,18,17,18,22,21,22.0,23.0,26.0,20,28,63,25.0,24.0,25.0,22.0,22,24,43.0,23,22,22
30,27,26,18,20,22,18,17,23,24.0,22.0,24.0,23,20,25,,,,,28,28,26.0,24,24,21
31,24,21,22,31,27,26,21,26,26.0,22.0,30.0,27,27,23,25.0,26.0,22.0,25.0,23,26,,25,26,33
"
"
September-2020,00:00:00,01:00:00,02:00:00,03:00:00,04:00:00,05:00:00,06:00:00,07:00:00,08:00:00,09:00:00,10:00:00,11:00:00,12:00:00,13:00:00,14:00:00,15:00:00,16:00:00,17:00:00,18:00:00,19:00:00,20:00:00,21:00:00,22:00:00,23:00:00
1,26.0,25.0,21.0,25.0,28.0,20.0,22.0,21.0,32.0,39.0,31.0,35.0,30.0,23.0,24.0,21.0,22.0,31.0,20.0,22.0,25.0,27.0,33.0,26.0
2,24.0,26.0,25.0,22.0,28.0,27.0,29.0,38.0,36.0,39.0,49.0,48.0,52.0,60.0,56.0,37.0,33.0,31.0,29.0,32.0,36.0,36.0,45.0,36.0
3,51.0,36.0,32.0,42.0,69.0,61.0,27.0,38.0,65.0,50.0,32.0,111.0,52.0,30.0,32.0,28.0,45.0,37.0,32.0,37.0,37.0,51.0,49.0,62.0
4,69.0,57.0,53.0,51.0,51.0,65.0,58.0,67.0,60.0,67.0,52.0,68.0,36.0,,,,,,,,,,,
5,,,,,,,,,,,,47.0,43.0,30.0,59.0,40.0,31.0,55.0,47.0,55.0,59.0,69.0,24.0,79.0
6,89.0,25.0,25.0,90.0,88.0,22.0,72.0,79.0,92.0,35.0,114.0,37.0,96.0,25.0,60.0,49.0,56.0,52.0,64.0,73.0,25.0,69.0,80.0,63.0
7,61.0,70.0,86.0,79.0,20.0,28.0,42.0,36.0,22.0,26.0,18.0,21.0,23.0,20.0,21.0,20.0,22.0,20.0,17.0,19.0,19.0,40.0,28.0,42.0
8,54.0,21.0,35.0,39.0,31.0,27.0,45.0,54.0,78.0,41.0,47.0,43.0,46.0,30.0,20.0,21.0,25.0,24.0,29.0,29.0,29.0,28.0,32.0,30.0
9,44.0,21.0,18.0,20.0,25.0,25.0,28.0,57.0,57.0,61.0,87.0,,,33.0,33.0,29.0,37.0,37.0,35.0,72.0,47.0,98.0,32.0,33.0
10,72.0,80.0,40.0,78.0,35.0,74.0,59.0,31.0,40.0,36.0,22.0,21.0,20.0,26.0,22.0,25.0,21.0,21.0,22.0,20.0,22.0,46.0,53.0,48.0
11,38.0,88.0,42.0,71.0,63.0,72.0,73.0,72.0,77.0,93.0,85.0,60.0,90.0,40.0,106.0,27.0,24.0,27.0,52.0,47.0,37.0,107.0,25.0,91.0
12,34.0,38.0,61.0,39.0,38.0,62.0,56.0,44.0,33.0,23.0,30.0,41.0,29.0,31.0,25.0,32.0,,20.0,29.0,22.0,20.0,22.0,22.0,19.0
13,19.0,23.0,20.0,27.0,20.0,19.0,22.0,23.0,23.0,25.0,29.0,,24.0,24.0,27.0,23.0,28.0,31.0,,27.0,34.0,40.0,27.0,23.0
14,23.0,24.0,38.0,31.0,23.0,30.0,26.0,23.0,19.0,43.0,27.0,31.0,27.0,16.0,18.0,21.0,19.0,25.0,19.0,18.0,18.0,19.0,37.0,32.0
15,,25.0,26.0,30.0,28.0,28.0,27.0,28.0,,18.0,15.0,18.0,23.0,20.0,14.0,15.0,16.0,23.0,30.0,36.0,22.0,21.0,22.0,
16,32.0,43.0,38.0,33.0,39.0,27.0,17.0,26.0,29.0,56.0,43.0,38.0,17.0,17.0,18.0,26.0,17.0,17.0,22.0,32.0,40.0,32.0,36.0,43.0
17,26.0,23.0,73.0,16.0,,21.0,23.0,32.0,28.0,24.0,38.0,33.0,27.0,20.0,27.0,24.0,22.0,23.0,27.0,31.0,37.0,38.0,45.0,35.0
18,30.0,49.0,36.0,38.0,33.0,28.0,37.0,27.0,28.0,28.0,35.0,28.0,23.0,33.0,27.0,22.0,26.0,31.0,23.0,24.0,33.0,30.0,36.0,36.0
19,53.0,42.0,36.0,28.0,25.0,,49.0,40.0,40.0,45.0,25.0,46.0,,42.0,30.0,23.0,28.0,32.0,26.0,36.0,28.0,29.0,29.0,48.0
20,49.0,,48.0,61.0,60.0,64.0,58.0,38.0,41.0,45.0,,28.0,48.0,30.0,28.0,25.0,22.0,23.0,24.0,,28.0,25.0,42.0,35.0
21,41.0,40.0,53.0,49.0,50.0,33.0,32.0,43.0,46.0,50.0,45.0,26.0,35.0,28.0,27.0,15.0,35.0,32.0,28.0,24.0,54.0,37.0,28.0,70.0
22,48.0,46.0,37.0,28.0,60.0,53.0,32.0,38.0,59.0,49.0,52.0,50.0,55.0,,42.0,23.0,38.0,26.0,20.0,15.0,7.0,26.0,27.0,28.0
23,24.0,33.0,28.0,28.0,30.0,25.0,28.0,28.0,25.0,24.0,28.0,25.0,18.0,26.0,28.0,26.0,26.0,25.0,24.0,30.0,30.0,37.0,33.0,31.0
24,26.0,32.0,33.0,29.0,50.0,28.0,46.0,28.0,24.0,28.0,41.0,24.0,24.0,,24.0,25.0,20.0,20.0,24.0,29.0,34.0,42.0,,28.0
25,22.0,25.0,30.0,26.0,22.0,32.0,28.0,25.0,34.0,34.0,24.0,25.0,31.0,25.0,30.0,35.0,37.0,38.0,32.0,34.0,33.0,37.0,33.0,34.0
26,42.0,34.0,27.0,29.0,32.0,30.0,30.0,29.0,34.0,31.0,36.0,33.0,34.0,37.0,30.0,33.0,34.0,29.0,28.0,30.0,31.0,32.0,31.0,33.0
27,28.0,31.0,22.0,32.0,33.0,29.0,28.0,29.0,33.0,68.0,91.0,52.0,33.0,29.0,30.0,29.0,27.0,23.0,28.0,27.0,28.0,38.0,,43.0
28,33.0,29.0,31.0,26.0,29.0,38.0,49.0,62.0,48.0,32.0,37.0,28.0,,43.0,42.0,32.0,32.0,26.0,,27.0,,31.0,30.0,31.0
29,33.0,23.0,24.0,27.0,38.0,37.0,50.0,42.0,49.0,40.0,36.0,35.0,38.0,36.0,51.0,26.0,31.0,32.0,30.0,33.0,36.0,,35.0,42.0
30,36.0,34.0,35.0,32.0,35.0,65.0,65.0,68.0,58.0,60.0,80.0,78.0,57.0,61.0,69.0,42.0,37.0,,32.0,36.0,38.0,33.0,34.0,43.0
"
"
October-2020,00:00:00,01:00:00,02:00:00,03:00:00,04:00:00,05:00:00,06:00:00,07:00:00,08:00:00,09:00:00,10:00:00,11:00:00,12:00:00,13:00:00,14:00:00,15:00:00,16:00:00,17:00:00,18:00:00,19:00:00,20:00:00,21:00:00,22:00:00,23:00:00
1,36.0,32.0,36.0,39.0,35.0,47.0,57.0,48.0,58.0,55.0,56.0,49.0,55.0,58.0,49.0,36.0,30.0,32.0,31.0,29.0,,38.0,42.0,33.0
2,,37.0,35.0,41.0,46.0,40.0,32.0,69.0,71.0,75.0,75.0,70.0,82.0,66.0,56.0,47.0,46.0,51.0,47.0,47.0,50.0,48.0,53.0,55.0
3,53.0,60.0,61.0,58.0,69.0,85.0,97.0,95.0,95.0,73.0,77.0,68.0,51.0,34.0,27.0,65.0,60.0,60.0,60.0,57.0,55.0,42.0,27.0,50.0
4,43.0,26.0,36.0,67.0,28.0,33.0,25.0,28.0,46.0,32.0,38.0,55.0,,34.0,,37.0,32.0,29.0,37.0,31.0,40.0,32.0,32.0,38.0
5,33.0,31.0,26.0,24.0,26.0,26.0,28.0,37.0,51.0,25.0,43.0,41.0,40.0,35.0,24.0,38.0,22.0,31.0,35.0,39.0,40.0,42.0,41.0,
6,42.0,45.0,42.0,40.0,40.0,43.0,67.0,75.0,66.0,77.0,79.0,89.0,,28.0,50.0,45.0,60.0,58.0,57.0,48.0,41.0,57.0,25.0,57.0
7,58.0,,47.0,58.0,,,52.0,,74.0,,,119.0,,,,,,,,,,,,
8,82.0,83.0,68.0,,,,50.0,,,,,110.0,,,,,,,,,,,,
9,85.0,78.0,,,,,,,,,,94.0,54.0,52.0,40.0,38.0,37.0,35.0,38.0,36.0,113.0,40.0,41.0,47.0
10,97.0,43.0,41.0,44.0,44.0,44.0,44.0,44.0,210.0,260.0,205.0,193.0,50.0,38.0,36.0,34.0,37.0,91.0,107.0,33.0,70.0,53.0,78.0,37.0
11,63.0,75.0,41.0,,45.0,74.0,34.0,38.0,64.0,97.0,80.0,43.0,31.0,28.0,30.0,30.0,32.0,34.0,29.0,68.0,63.0,32.0,82.0,41.0
12,36.0,82.0,35.0,40.0,45.0,117.0,139.0,52.0,43.0,30.0,30.0,,,16.0,68.0,68.0,63.0,28.0,27.0,30.0,,63.0,30.0,89.0
13,34.0,28.0,28.0,77.0,85.0,85.0,92.0,92.0,32.0,32.0,85.0,50.0,89.0,30.0,,58.0,51.0,46.0,49.0,37.0,37.0,63.0,62.0,50.0
14,64.0,75.0,62.0,62.0,70.0,68.0,80.0,71.0,72.0,83.0,121.0,65.0,127.0,114.0,70.0,61.0,32.0,52.0,55.0,57.0,27.0,35.0,42.0,35.0
15,37.0,49.0,54.0,34.0,33.0,35.0,35.0,35.0,,39.0,42.0,36.0,35.0,66.0,33.0,34.0,35.0,31.0,30.0,27.0,48.0,41.0,61.0,91.0
16,74.0,77.0,85.0,70.0,70.0,74.0,38.0,42.0,49.0,52.0,66.0,57.0,33.0,34.0,40.0,36.0,30.0,27.0,43.0,42.0,46.0,38.0,53.0,48.0
17,26.0,40.0,40.0,41.0,38.0,44.0,53.0,44.0,47.0,51.0,43.0,32.0,35.0,,40.0,40.0,44.0,45.0,32.0,32.0,30.0,33.0,52.0,38.0
18,,38.0,42.0,47.0,37.0,40.0,38.0,38.0,37.0,42.0,37.0,40.0,45.0,33.0,33.0,38.0,38.0,35.0,38.0,35.0,34.0,38.0,35.0,35.0
19,37.0,43.0,45.0,43.0,40.0,38.0,50.0,53.0,68.0,52.0,42.0,47.0,53.0,29.0,37.0,37.0,45.0,43.0,43.0,43.0,45.0,45.0,,44.0
20,49.0,51.0,46.0,51.0,48.0,50.0,69.0,66.0,67.0,85.0,91.0,96.0,93.0,63.0,62.0,60.0,46.0,52.0,33.0,45.0,53.0,53.0,47.0,47.0
21,61.0,68.0,63.0,63.0,53.0,50.0,33.0,58.0,56.0,61.0,65.0,91.0,107.0,107.0,106.0,96.0,65.0,,60.0,63.0,58.0,57.0,66.0,75.0
22,69.0,82.0,90.0,94.0,83.0,99.0,85.0,,,110.0,122.0,158.0,170.0,156.0,35.0,38.0,35.0,36.0,34.0,72.0,68.0,45.0,52.0,63.0
23,94.0,86.0,75.0,52.0,58.0,73.0,83.0,81.0,66.0,57.0,85.0,64.0,65.0,77.0,40.0,38.0,39.0,39.0,39.0,39.0,37.0,35.0,,39.0
24,40.0,34.0,34.0,35.0,35.0,36.0,42.0,45.0,50.0,46.0,43.0,38.0,32.0,,,37.0,24.0,38.0,38.0,36.0,33.0,,38.0,35.0
25,32.0,32.0,34.0,42.0,58.0,62.0,60.0,46.0,104.0,68.0,58.0,42.0,45.0,38.0,50.0,43.0,43.0,42.0,38.0,38.0,40.0,40.0,38.0,37.0
26,36.0,38.0,40.0,50.0,37.0,36.0,60.0,48.0,80.0,51.0,69.0,80.0,66.0,46.0,43.0,51.0,48.0,54.0,52.0,42.0,47.0,46.0,53.0,61.0
27,64.0,61.0,114.0,95.0,61.0,60.0,77.0,73.0,63.0,58.0,66.0,76.0,98.0,102.0,48.0,39.0,58.0,65.0,63.0,40.0,54.0,54.0,67.0,72.0
28,136.0,100.0,58.0,56.0,56.0,113.0,121.0,112.0,110.0,108.0,112.0,125.0,106.0,76.0,69.0,75.0,72.0,60.0,48.0,40.0,43.0,45.0,42.0,
29,,,,,,,,,,,,,,,,,,,,,,,,
30,,,,,,,,,,,,,,,,,,,,,,,,
31,,,,,,,,,,,,85.0,66.0,66.0,135.0,69.0,,47.0,,60.0,66.0,66.0,61.0,59.0
"
"
November-2020,00:00:00,01:00:00,02:00:00,03:00:00,04:00:00,05:00:00,06:00:00,07:00:00,08:00:00,09:00:00,10:00:00,11:00:00,12:00:00,13:00:00,14:00:00,15:00:00,16:00:00,17:00:00,18:00:00,19:00:00,20:00:00,21:00:00,22:00:00,23:00:00
1,116.0,151.0,129.0,114.0,116.0,130.0,111.0,132.0,111.0,114.0,120.0,123.0,130.0,126.0,56.0,48.0,41.0,38.0,32.0,36.0,39.0,40.0,43.0,78.0
2,74.0,104.0,99.0,79.0,79.0,72.0,99.0,85.0,100.0,95.0,,115.0,140.0,95.0,94.0,,81.0,64.0,61.0,64.0,,,,
3,,96.0,108.0,,,,135.0,,,98.0,83.0,94.0,,85.0,,74.0,,,53.0,55.0,62.0,53.0,,67.0
4,100.0,95.0,76.0,87.0,117.0,122.0,117.0,108.0,104.0,118.0,105.0,117.0,118.0,99.0,71.0,53.0,54.0,64.0,73.0,61.0,58.0,57.0,71.0,118.0
5,148.0,93.0,109.0,107.0,121.0,115.0,109.0,86.0,94.0,102.0,94.0,102.0,96.0,96.0,81.0,72.0,67.0,66.0,,,,,,
6,,,,,,,,,,,,,,,,,,,,,,,,
7,,,,,,,,,,,,,65.0,67.0,70.0,65.0,60.0,58.0,56.0,52.0,50.0,52.0,60.0,142.0
8,156.0,146.0,136.0,109.0,81.0,104.0,108.0,98.0,66.0,61.0,73.0,88.0,79.0,64.0,50.0,52.0,47.0,48.0,52.0,60.0,60.0,54.0,51.0,55.0
9,124.0,87.0,102.0,107.0,117.0,114.0,103.0,110.0,107.0,108.0,94.0,112.0,109.0,89.0,75.0,71.0,47.0,56.0,82.0,124.0,108.0,65.0,60.0,71.0
10,304.0,118.0,157.0,75.0,102.0,115.0,121.0,129.0,200.0,200.0,71.0,93.0,168.0,135.0,107.0,62.0,110.0,,183.0,45.0,46.0,48.0,49.0,92.0
11,144.0,,108.0,138.0,128.0,137.0,136.0,127.0,111.0,105.0,106.0,109.0,81.0,69.0,68.0,64.0,58.0,56.0,,54.0,59.0,58.0,71.0,107.0
12,126.0,111.0,113.0,82.0,72.0,99.0,,,113.0,113.0,114.0,101.0,96.0,73.0,73.0,65.0,57.0,50.0,51.0,52.0,54.0,57.0,54.0,93.0
13,162.0,175.0,163.0,150.0,116.0,88.0,117.0,135.0,107.0,108.0,90.0,59.0,73.0,74.0,81.0,44.0,47.0,47.0,80.0,49.0,49.0,,63.0,
14,136.0,119.0,112.0,104.0,105.0,101.0,114.0,115.0,118.0,109.0,110.0,138.0,94.0,74.0,46.0,46.0,50.0,47.0,,42.0,44.0,51.0,,60.0
15,102.0,102.0,83.0,72.0,68.0,76.0,111.0,,94.0,69.0,112.0,111.0,99.0,70.0,54.0,47.0,46.0,46.0,47.0,48.0,52.0,53.0,60.0,102.0
16,90.0,86.0,61.0,62.0,85.0,48.0,46.0,49.0,86.0,65.0,52.0,56.0,50.0,46.0,,52.0,52.0,143.0,57.0,57.0,56.0,54.0,64.0,293.0
17,78.0,78.0,74.0,76.0,108.0,60.0,69.0,90.0,112.0,87.0,73.0,81.0,63.0,120.0,120.0,67.0,68.0,86.0,87.0,103.0,100.0,86.0,77.0,89.0
18,93.0,97.0,115.0,142.0,106.0,118.0,,,,,88.0,103.0,94.0,94.0,102.0,88.0,86.0,82.0,75.0,,69.0,66.0,,78.0
19,108.0,92.0,92.0,96.0,100.0,106.0,112.0,113.0,126.0,111.0,84.0,97.0,84.0,75.0,87.0,68.0,83.0,71.0,80.0,61.0,,64.0,81.0,84.0
20,93.0,88.0,137.0,122.0,79.0,75.0,120.0,96.0,111.0,120.0,115.0,101.0,90.0,67.0,84.0,65.0,59.0,63.0,50.0,66.0,65.0,70.0,80.0,99.0
21,107.0,101.0,98.0,101.0,96.0,79.0,70.0,81.0,104.0,98.0,109.0,122.0,82.0,95.0,72.0,60.0,63.0,76.0,58.0,64.0,63.0,69.0,77.0,72.0
22,64.0,58.0,61.0,100.0,108.0,128.0,157.0,150.0,122.0,114.0,122.0,115.0,103.0,96.0,110.0,98.0,90.0,106.0,91.0,77.0,80.0,71.0,74.0,73.0
23,83.0,96.0,95.0,101.0,123.0,129.0,115.0,113.0,113.0,107.0,110.0,115.0,137.0,117.0,86.0,38.0,35.0,34.0,36.0,39.0,41.0,49.0,48.0,56.0
24,59.0,100.0,72.0,79.0,100.0,99.0,93.0,97.0,88.0,,115.0,130.0,140.0,94.0,78.0,72.0,72.0,85.0,91.0,78.0,91.0,86.0,,115.0
25,117.0,115.0,112.0,,103.0,106.0,114.0,129.0,138.0,178.0,230.0,305.0,267.0,209.0,146.0,115.0,130.0,162.0,126.0,102.0,92.0,117.0,123.0,133.0
26,149.0,176.0,173.0,186.0,112.0,155.0,275.0,235.0,169.0,,143.0,150.0,153.0,134.0,94.0,103.0,90.0,,128.0,149.0,134.0,,179.0,186.0
27,206.0,197.0,135.0,137.0,102.0,98.0,98.0,84.0,77.0,83.0,82.0,82.0,114.0,75.0,67.0,48.0,47.0,53.0,85.0,85.0,157.0,147.0,144.0,108.0
28,114.0,103.0,101.0,,101.0,103.0,101.0,97.0,92.0,89.0,79.0,101.0,85.0,69.0,47.0,47.0,55.0,42.0,58.0,72.0,74.0,77.0,110.0,55.0
29,48.0,47.0,42.0,49.0,40.0,66.0,59.0,64.0,79.0,69.0,56.0,51.0,43.0,42.0,42.0,40.0,42.0,42.0,42.0,41.0,42.0,48.0,54.0,92.0
30,100.0,88.0,100.0,107.0,116.0,116.0,112.0,127.0,124.0,92.0,95.0,95.0,103.0,120.0,153.0,86.0,74.0,80.0,80.0,73.0,80.0,86.0,,114.0
"
"
December-2020,00:00:00,01:00:00,02:00:00,03:00:00,04:00:00,05:00:00,06:00:00,07:00:00,08:00:00,09:00:00,10:00:00,11:00:00,12:00:00,13:00:00,14:00:00,15:00:00,16:00:00,17:00:00,18:00:00,19:00:00,20:00:00,21:00:00,22:00:00,23:00:00
1,72.0,74.0,87.0,83.0,91.0,81.0,113.0,173.0,158.0,102.0,142.0,156.0,157.0,182,150.0,110.0,107.0,95.0,120.0,92.0,107.0,87.0,72.0,67.0
2,70.0,85.0,81.0,78.0,88.0,110.0,116.0,220.0,185.0,263.0,280.0,216.0,207.0,200,226.0,167.0,179.0,183.0,110.0,100.0,103.0,78.0,86.0,92.0
3,100.0,98.0,127.0,167.0,98.0,197.0,117.0,97.0,211.0,,134.0,80.0,82.0,87,78.0,80.0,85.0,107.0,81.0,67.0,71.0,73.0,97.0,129.0
4,,,,,,,,167.0,266.0,315.0,277.0,243.0,199.0,227,227.0,90.0,65.0,71.0,57.0,66.0,79.0,93.0,106.0,128.0
5,158.0,147.0,,143.0,175.0,161.0,153.0,256.0,220.0,205.0,174.0,139.0,148.0,197,200.0,,119.0,,70.0,73.0,78.0,118.0,99.0,106.0
6,157.0,147.0,178.0,143.0,225.0,101.0,112.0,110.0,121.0,115.0,94.0,,133.0,114,53.0,58.0,,,,,,,,
7,,,,,,,,,,110.0,,,,92,54.0,41.0,50.0,95.0,84.0,87.0,77.0,63.0,,143.0
8,138.0,106.0,82.0,136.0,,,122.0,150.0,112.0,93.0,85.0,95.0,80.0,106,73.0,52.0,75.0,62.0,57.0,65.0,54.0,47.0,48.0,60.0
9,62.0,60.0,73.0,85.0,80.0,120.0,122.0,120.0,97.0,106.0,150.0,134.0,140.0,153,153.0,95.0,60.0,47.0,46.0,59.0,67.0,59.0,92.0,131.0
10,92.0,63.0,62.0,51.0,73.0,91.0,68.0,94.0,98.0,112.0,153.0,159.0,223.0,133,105.0,72.0,70.0,78.0,74.0,79.0,,85.0,,91.0
11,95.0,84.0,78.0,,,98.0,,93.0,79.0,92.0,113.0,109.0,76.0,81,117.0,76.0,97.0,85.0,79.0,103.0,148.0,209.0,187.0,180.0
12,170.0,137.0,70.0,70.0,57.0,61.0,61.0,60.0,74.0,73.0,57.0,52.0,76.0,97,81.0,67.0,65.0,60.0,54.0,65.0,63.0,71.0,65.0,74.0
13,106.0,143.0,118.0,84.0,,79.0,88.0,86.0,88.0,90.0,64.0,57.0,71.0,68,81.0,86.0,64.0,51.0,43.0,71.0,72.0,71.0,66.0,79.0
14,89.0,,80.0,84.0,75.0,74.0,69.0,39.0,33.0,42.0,60.0,,43.0,53,47.0,51.0,,59.0,79.0,104.0,78.0,65.0,58.0,79.0
15,84.0,80.0,91.0,80.0,119.0,229.0,72.0,77.0,85.0,82.0,80.0,102.0,109.0,67,62.0,63.0,66.0,80.0,86.0,72.0,80.0,81.0,83.0,98.0
16,127.0,,132.0,153.0,,133.0,114.0,104.0,106.0,98.0,107.0,170.0,214.0,95,95.0,79.0,,90.0,74.0,74.0,83.0,86.0,92.0,137.0
17,147.0,153.0,172.0,119.0,99.0,98.0,97.0,97.0,113.0,150.0,134.0,102.0,135.0,137,156.0,109.0,110.0,103.0,106.0,161.0,98.0,117.0,130.0,149.0
18,,213.0,249.0,208.0,213.0,188.0,110.0,97.0,109.0,100.0,,110.0,133.0,187,150.0,134.0,81.0,94.0,98.0,100.0,103.0,85.0,93.0,125.0
19,177.0,113.0,103.0,91.0,175.0,158.0,119.0,81.0,80.0,83.0,89.0,76.0,83.0,124,66.0,90.0,90.0,77.0,97.0,83.0,73.0,81.0,90.0,119.0
20,152.0,176.0,186.0,131.0,132.0,121.0,111.0,115.0,141.0,123.0,114.0,123.0,92.0,74,56.0,62.0,39.0,71.0,75.0,57.0,58.0,65.0,63.0,77.0
21,100.0,116.0,144.0,138.0,187.0,80.0,74.0,108.0,90.0,98.0,,95.0,103.0,80,45.0,41.0,,40.0,,57.0,55.0,44.0,40.0,59.0
22,135.0,140.0,104.0,129.0,164.0,112.0,130.0,153.0,120.0,114.0,98.0,110.0,117.0,117,117.0,97.0,58.0,67.0,84.0,77.0,80.0,52.0,52.0,76.0
23,134.0,56.0,151.0,120.0,124.0,143.0,162.0,132.0,126.0,127.0,258.0,158.0,191.0,138,110.0,81.0,82.0,150.0,87.0,89.0,80.0,57.0,60.0,67.0
24,132.0,170.0,195.0,149.0,144.0,168.0,167.0,132.0,114.0,89.0,81.0,112.0,88.0,80,101.0,75.0,54.0,46.0,,48.0,49.0,50.0,,72.0
25,80.0,127.0,121.0,96.0,100.0,72.0,121.0,130.0,149.0,99.0,,124.0,111.0,129,,114.0,83.0,78.0,83.0,68.0,93.0,80.0,82.0,74.0
26,97.0,125.0,103.0,83.0,137.0,167.0,163.0,141.0,164.0,238.0,164.0,85.0,,243,300.0,110.0,91.0,85.0,60.0,63.0,63.0,55.0,67.0,84.0
27,131.0,98.0,154.0,135.0,,,132.0,139.0,285.0,137.0,160.0,189.0,301.0,132,124.0,100.0,122.0,157.0,147.0,112.0,107.0,87.0,80.0,95.0
28,106.0,113.0,,87.0,70.0,68.0,74.0,97.0,86.0,89.0,99.0,78.0,,75,,45.0,50.0,61.0,69.0,81.0,80.0,82.0,90.0,80.0
29,64.0,79.0,125.0,136.0,216.0,79.0,65.0,66.0,105.0,,117.0,130.0,,50,54.0,36.0,42.0,85.0,67.0,92.0,,142.0,137.0,182.0
30,213.0,237.0,152.0,176.0,107.0,117.0,103.0,119.0,122.0,137.0,143.0,123.0,220.0,188,133.0,88.0,90.0,91.0,83.0,88.0,102.0,100.0,140.0,178.0
31,237.0,250.0,183.0,244.0,193.0,158.0,153.0,150.0,137.0,130.0,104.0,125.0,146.0,213,233.0,,95.0,165.0,130.0,167.0,136.0,101.0,110.0,136.0
"
"
Year,2021
January-2021,00:00:00,01:00:00,02:00:00,03:00:00,04:00:00,05:00:00,06:00:00,07:00:00,08:00:00,09:00:00,10:00:00,11:00:00,12:00:00,13:00:00,14:00:00,15:00:00,16:00:00,17:00:00,18:00:00,19:00:00,20:00:00,21:00:00,22:00:00,23:00:00
1,140.0,150.0,179.0,119.0,149.0,150.0,153.0,176.0,271.0,296.0,316.0,299.0,248,266,283.0,141.0,92.0,103.0,84,67,84.0,155.0,153.0,140.0
2,169.0,170.0,164.0,157.0,147.0,114.0,92.0,95.0,113.0,143.0,197.0,143.0,189,187,164.0,173.0,163.0,163.0,108,82,84.0,82.0,80.0,108.0
3,107.0,103.0,130.0,98.0,103.0,92.0,100.0,100.0,87.0,99.0,100.0,99.0,103,93,96.0,79.0,74.0,71.0,66,56,54.0,55.0,69.0,77.0
4,105.0,113.0,99.0,100.0,101.0,98.0,91.0,90.0,105.0,107.0,124.0,203.0,140,308,181.0,180.0,167.0,183.0,144,137,150.0,137.0,127.0,120.0
5,152.0,115.0,110.0,99.0,100.0,97.0,100.0,93.0,92.0,,129.0,166.0,144,160,200.0,197.0,223.0,204.0,187,190,183.0,151.0,137.0,159.0
6,196.0,213.0,247.0,207.0,178.0,160.0,119.0,123.0,143.0,160.0,179.0,167.0,190,196,177.0,141.0,150.0,159.0,142,175,131.0,127.0,101.0,103.0
7,107.0,116.0,113.0,104.0,98.0,117.0,93.0,103.0,129.0,175.0,173.0,167.0,199,142,116.0,113.0,109.0,105.0,101,106,101.0,103.0,126.0,113.0
8,126.0,97.0,103.0,98.0,110.0,136.0,130.0,162.0,,,200.0,190.0,158,143,163.0,,100.0,113.0,123,93,88.0,102.0,92.0,98.0
9,92.0,101.0,160.0,117.0,103.0,98.0,88.0,96.0,91.0,112.0,88.0,88.0,80,101,95.0,86.0,82.0,94.0,101,96,95.0,86.0,82.0,85.0
10,90.0,90.0,93.0,96.0,116.0,92.0,106.0,110.0,,117.0,88.0,88.0,100,120,92.0,115.0,,120.0,107,120,113.0,95.0,97.0,98.0
11,100.0,116.0,117.0,120.0,97.0,98.0,149.0,147.0,140.0,134.0,107.0,139.0,111,104,110.0,100.0,106.0,83.0,76,78,99.0,,75.0,96.0
12,147.0,94.0,93.0,84.0,,82.0,93.0,136.0,147.0,169.0,186.0,197.0,72,84,67.0,94.0,87.0,118.0,120,173,255.0,187.0,151.0,180.0
13,187.0,160.0,147.0,147.0,105.0,98.0,,92.0,,82.0,100.0,168.0,164,64,72.0,64.0,,85.0,73,63,,60.0,,76.0
14,69.0,68.0,82.0,77.0,90.0,65.0,76.0,85.0,197.0,145.0,143.0,82.0,303,204,106.0,94.0,143.0,85.0,78,63,60.0,56.0,81.0,60.0
15,78.0,74.0,67.0,68.0,195.0,51.0,46.0,52.0,120.0,99.0,78.0,85.0,52,46,50.0,44.0,43.0,,42,52,50.0,50.0,40.0,36.0
16,43.0,156.0,108.0,83.0,60.0,50.0,87.0,86.0,106.0,115.0,115.0,103.0,77,50,,,,,47,53,87.0,69.0,82.0,96.0
17,79.0,69.0,78.0,73.0,70.0,75.0,67.0,78.0,89.0,95.0,92.0,88.0,57,53,48.0,50.0,41.0,40.0,46,40,38.0,35.0,34.0,50.0
18,47.0,45.0,39.0,,32.0,33.0,39.0,39.0,39.0,39.0,,,41,56,185.0,40.0,48.0,38.0,35,31,30.0,34.0,39.0,42.0
19,69.0,99.0,94.0,60.0,56.0,30.0,43.0,81.0,72.0,86.0,59.0,66.0,102,160,,92.0,90.0,60.0,80,79,66.0,74.0,66.0,65.0
20,83.0,109.0,152.0,,88.0,84.0,99.0,107.0,109.0,104.0,102.0,126.0,154,149,100.0,69.0,71.0,73.0,73,70,55.0,56.0,50.0,62.0
21,65.0,54.0,61.0,55.0,57.0,62.0,77.0,67.0,62.0,69.0,91.0,144.0,143,140,104.0,101.0,87.0,99.0,99,94,93.0,77.0,69.0,66.0
22,74.0,83.0,80.0,85.0,81.0,78.0,80.0,122.0,163.0,240.0,243.0,217.0,265,198,95.0,97.0,90.0,88.0,95,92,107.0,92.0,98.0,87.0
23,109.0,128.0,85.0,90.0,92.0,109.0,136.0,92.0,71.0,71.0,66.0,133.0,266,283,264.0,123.0,98.0,101.0,113,104,74.0,76.0,,
24,,,,,,,,,,,127.0,116.0,92,62,51.0,51.0,55.0,63.0,68,57,58.0,,67.0,88.0
25,101.0,120.0,167.0,140.0,150.0,114.0,86.0,105.0,127.0,160.0,186.0,163.0,150,102,86.0,81.0,85.0,76.0,78,84,83.0,91.0,89.0,92.0
26,97.0,86.0,91.0,84.0,81.0,106.0,126.0,123.0,125.0,192.0,232.0,172.0,183,143,89.0,75.0,79.0,88.0,83,77,78.0,90.0,85.0,84.0
27,88.0,95.0,93.0,110.0,75.0,85.0,138.0,86.0,135.0,120.0,132.0,190.0,132,95,75.0,73.0,66.0,71.0,75,71,75.0,69.0,61.0,83.0
28,94.0,106.0,106.0,98.0,85.0,76.0,115.0,140.0,94.0,111.0,128.0,100.0,123,123,77.0,77.0,67.0,79.0,90,110,89.0,77.0,69.0,71.0
29,68.0,82.0,87.0,109.0,103.0,87.0,111.0,127.0,133.0,147.0,149.0,140.0,131,110,87.0,91.0,67.0,77.0,66,80,80.0,74.0,62.0,82.0
30,69.0,89.0,73.0,71.0,80.0,,236.0,257.0,247.0,178.0,146.0,159.0,102,114,113.0,113.0,88.0,74.0,65,60,58.0,55.0,54.0,117.0
31,134.0,,134.0,104.0,98.0,93.0,116.0,,192.0,129.0,153.0,201.0,118,128,117.0,82.0,64.0,54.0,55,51,55.0,51.0,52.0,63.0
"
"
February-2021,00:00:00,01:00:00,02:00:00,03:00:00,04:00:00,05:00:00,06:00:00,07:00:00,08:00:00,09:00:00,10:00:00,11:00:00,12:00:00,13:00:00,14:00:00,15:00:00,16:00:00,17:00:00,18:00:00,19:00:00,20:00:00,21:00:00,22:00:00,23:00:00
1,78.0,58.0,60.0,79.0,91.0,119.0,127.0,119.0,113.0,107.0,93.0,85.0,82.0,91.0,110.0,91,77,67,69.0,70.0,64.0,78.0,69.0,88.0
2,88.0,106.0,74.0,108.0,,185.0,257.0,247.0,240.0,240.0,112.0,104.0,,63.0,64.0,62,72,61,69.0,71.0,72.0,92.0,71.0,63.0
3,70.0,75.0,,83.0,104.0,104.0,127.0,127.0,126.0,162.0,172.0,227.0,270.0,267.0,237.0,74,52,44,,53.0,52.0,74.0,72.0,77.0
4,130.0,119.0,156.0,165.0,136.0,141.0,133.0,107.0,94.0,146.0,160.0,163.0,180.0,167.0,68.0,68,78,72,103.0,88.0,,76.0,75.0,80.0
5,83.0,103.0,88.0,80.0,50.0,49.0,40.0,42.0,,105.0,200.0,,202.0,141.0,62.0,57,71,77,67.0,108.0,170.0,70.0,,55.0
6,64.0,53.0,66.0,85.0,85.0,111.0,103.0,92.0,108.0,121.0,116.0,95.0,75.0,67.0,58.0,62,56,54,54.0,63.0,68.0,,78.0,127.0
7,134.0,126.0,92.0,69.0,73.0,72.0,61.0,75.0,91.0,78.0,74.0,79.0,63.0,64.0,72.0,75,55,53,48.0,43.0,50.0,48.0,52.0,131.0
8,127.0,126.0,116.0,79.0,100.0,115.0,116.0,109.0,116.0,113.0,86.0,100.0,103.0,110.0,95.0,54,72,55,70.0,53.0,53.0,47.0,59.0,47.0
9,75.0,142.0,92.0,117.0,91.0,128.0,124.0,121.0,122.0,167.0,113.0,120.0,127.0,187.0,109.0,74,65,74,67.0,69.0,59.0,57.0,62.0,
10,,,,,,,,,,223.0,177.0,220.0,263.0,177.0,101.0,71,61,67,60.0,55.0,58.0,86.0,91.0,90.0
11,156.0,180.0,312.0,122.0,116.0,109.0,120.0,133.0,270.0,206.0,275.0,190.0,236.0,272.0,,80,91,75,64.0,73.0,64.0,70.0,89.0,105.0
12,129.0,163.0,107.0,103.0,102.0,106.0,150.0,157.0,134.0,,103.0,125.0,219.0,260.0,93.0,69,68,57,28.0,53.0,58.0,65.0,66.0,95.0
13,70.0,87.0,83.0,81.0,78.0,70.0,119.0,109.0,135.0,137.0,167.0,96.0,97.0,96.0,72.0,57,56,49,45.0,56.0,164.0,83.0,65.0,64.0
14,93.0,57.0,61.0,57.0,53.0,52.0,53.0,57.0,71.0,,80.0,55.0,51.0,48.0,49.0,46,43,41,45.0,50.0,56.0,54.0,48.0,49.0
15,48.0,46.0,48.0,38.0,38.0,38.0,36.0,,,,,,,,,32,40,40,46.0,62.0,53.0,57.0,59.0,60.0
16,70.0,49.0,45.0,44.0,43.0,44.0,46.0,46.0,54.0,85.0,143.0,100.0,47.0,38.0,32.0,34,39,38,35.0,40.0,43.0,39.0,43.0,48.0
17,58.0,50.0,40.0,59.0,61.0,51.0,48.0,45.0,66.0,68.0,75.0,54.0,43.0,,33.0,42,69,30,33.0,38.0,45.0,53.0,63.0,78.0
18,75.0,82.0,107.0,98.0,88.0,72.0,80.0,88.0,149.0,223.0,217.0,207.0,153.0,107.0,156.0,104,88,82,85.0,97.0,66.0,58.0,41.0,36.0
19,47.0,47.0,45.0,49.0,48.0,71.0,71.0,66.0,62.0,64.0,76.0,60.0,45.0,42.0,46.0,52,50,52,55.0,,46.0,45.0,62.0,86.0
20,81.0,70.0,66.0,67.0,53.0,50.0,48.0,,75.0,77.0,78.0,76.0,76.0,44.0,44.0,33,37,40,42.0,41.0,43.0,41.0,47.0,73.0
21,93.0,109.0,102.0,103.0,91.0,83.0,70.0,65.0,84.0,83.0,74.0,71.0,62.0,63.0,50.0,46,45,40,44.0,60.0,55.0,53.0,57.0,48.0
22,,,56.0,76.0,96.0,160.0,100.0,101.0,96.0,120.0,153.0,140.0,130.0,97.0,85.0,53,59,52,52.0,54.0,56.0,66.0,60.0,74.0
23,83.0,107.0,58.0,64.0,59.0,112.0,137.0,,61.0,70.0,69.0,207.0,190.0,150.0,95.0,92,83,84,75.0,68.0,77.0,80.0,93.0,106.0
24,82.0,103.0,78.0,77.0,136.0,74.0,74.0,85.0,,160.0,210.0,220.0,270.0,175.0,,84,68,62,64.0,61.0,88.0,80.0,80.0,121.0
25,119.0,105.0,,,89.0,68.0,65.0,67.0,65.0,117.0,203.0,313.0,97.0,80.0,57.0,54,41,48,,63.0,64.0,52.0,53.0,56.0
26,94.0,93.0,84.0,75.0,68.0,58.0,52.0,50.0,63.0,67.0,73.0,123.0,100.0,57.0,45.0,42,45,81,,90.0,56.0,46.0,54.0,44.0
27,39.0,42.0,44.0,32.0,,,,,,,,92.0,65.0,55.0,44.0,42,48,42,39.0,36.0,39.0,48.0,55.0,47.0
28,45.0,40.0,36.0,32.0,33.0,38.0,40.0,,58.0,,147.0,97.0,98.0,,72.0,58,58,57,58.0,66.0,58.0,70.0,68.0,78.0
"
"
March-2021,00:00:00,01:00:00,02:00:00,03:00:00,04:00:00,05:00:00,06:00:00,07:00:00,08:00:00,09:00:00,10:00:00,11:00:00,12:00:00,13:00:00,14:00:00,15:00:00,16:00:00,17:00:00,18:00:00,19:00:00,20:00:00,21:00:00,22:00:00,23:00:00
1,77.0,74.0,75.0,68.0,60.0,59.0,60.0,78.0,80.0,101.0,102.0,96.0,82.0,60.0,64,71.0,93.0,80,65.0,81.0,77.0,83.0,93.0,140.0
2,150.0,110.0,182.0,137.0,76.0,82.0,80.0,86.0,113.0,248.0,170.0,193.0,167.0,143.0,73,57.0,80.0,75,65.0,58.0,63.0,48.0,50.0,79.0
3,55.0,75.0,63.0,53.0,44.0,42.0,44.0,49.0,90.0,96.0,122.0,134.0,102.0,110.0,98,98.0,74.0,65,63.0,76.0,71.0,68.0,61.0,80.0
4,70.0,59.0,55.0,54.0,56.0,119.0,90.0,97.0,120.0,166.0,190.0,270.0,167.0,167.0,101,76.0,74.0,70,67.0,65.0,67.0,71.0,85.0,130.0
5,143.0,101.0,,,,,,,,,,,101.0,94.0,93,95.0,110.0,86,62.0,53.0,67.0,61.0,64.0,68.0
6,73.0,78.0,78.0,70.0,62.0,64.0,58.0,66.0,73.0,97.0,175.0,113.0,110.0,,66,67.0,68.0,62,58.0,,48.0,44.0,44.0,53.0
7,73.0,62.0,64.0,70.0,168.0,61.0,62.0,63.0,65.0,70.0,143.0,133.0,170.0,71.0,53,31.0,48.0,43,37.0,36.0,36.0,42.0,43.0,43.0
8,60.0,68.0,,,,,70.0,65.0,90.0,95.0,72.0,78.0,30.0,73.0,80,37.0,72.0,62,98.0,46.0,107.0,110.0,110.0,110.0
9,102.0,100.0,103.0,104.0,109.0,114.0,114.0,119.0,107.0,104.0,117.0,100.0,122.0,125.0,128,129.0,121.0,118,119.0,122.0,125.0,106.0,54.0,96.0
10,120.0,120.0,104.0,78.0,77.0,125.0,138.0,140.0,128.0,104.0,105.0,117.0,121.0,90.0,50,45.0,38.0,41,106.0,102.0,107.0,140.0,134.0,133.0
11,136.0,109.0,114.0,116.0,120.0,138.0,,138.0,134.0,120.0,108.0,123.0,114.0,124.0,137,134.0,132.0,120,101.0,97.0,106.0,108.0,110.0,105.0
12,128.0,115.0,96.0,84.0,97.0,104.0,132.0,130.0,132.0,139.0,106.0,101.0,96.0,45.0,42,134.0,116.0,115,81.0,58.0,53.0,72.0,107.0,106.0
13,120.0,127.0,68.0,69.0,78.0,100.0,120.0,121.0,125.0,123.0,136.0,130.0,127.0,115.0,176,137.0,132.0,128,112.0,108.0,105.0,104.0,116.0,80.0
14,91.0,103.0,93.0,125.0,132.0,129.0,132.0,56.0,53.0,65.0,135.0,125.0,120.0,112.0,116,136.0,133.0,121,110.0,68.0,77.0,63.0,72.0,96.0
15,,183.0,109.0,87.0,102.0,113.0,118.0,133.0,128.0,128.0,69.0,106.0,123.0,98.0,67,67.0,82.0,70,73.0,,77.0,73.0,86.0,101.0
16,117.0,132.0,,62.0,56.0,48.0,53.0,67.0,63.0,126.0,110.0,85.0,65.0,63.0,133,56.0,67.0,73,95.0,97.0,88.0,90.0,90.0,98.0
17,123.0,140.0,80.0,54.0,,52.0,,57.0,73.0,123.0,213.0,223.0,240.0,217.0,82,62.0,52.0,50,63.0,75.0,98.0,85.0,,120.0
18,203.0,120.0,80.0,62.0,43.0,45.0,60.0,63.0,72.0,85.0,160.0,163.0,97.0,91.0,94,90.0,131.0,85,103.0,103.0,103.0,102.0,107.0,118.0
19,107.0,88.0,35.0,102.0,114.0,,124.0,127.0,122.0,119.0,150.0,170.0,200.0,24.0,54,70.0,102.0,110,112.0,75.0,107.0,87.0,75.0,34.0
20,65.0,93.0,73.0,80.0,65.0,26.0,72.0,27.0,26.0,,45.0,,32.0,30.0,95,103.0,83.0,85,80.0,83.0,87.0,85.0,29.0,32.0
21,83.0,115.0,57.0,127.0,126.0,29.0,56.0,78.0,123.0,138.0,136.0,134.0,134.0,123.0,99,70.0,68.0,109,122.0,75.0,114.0,85.0,68.0,72.0
22,60.0,96.0,104.0,104.0,101.0,47.0,55.0,58.0,67.0,84.0,77.0,78.0,,85.0,87,58.0,,48,109.0,114.0,,74.0,58.0,105.0
23,107.0,115.0,119.0,112.0,107.0,86.0,87.0,85.0,140.0,103.0,,,112.0,108.0,75,59.0,,51,53.0,,,,,
24,,,,,,,,,,,129.0,165.0,130.0,170.0,137,80.0,78.0,79,,109.0,110.0,105.0,73.0,102.0
25,97.0,99.0,121.0,122.0,106.0,140.0,112.0,98.0,,,136.0,116.0,112.0,123.0,58,73.0,83.0,87,,50.0,33.0,96.0,110.0,112.0
26,83.0,87.0,63.0,62.0,67.0,59.0,75.0,98.0,81.0,133.0,140.0,150.0,161.0,203.0,124,122.0,116.0,112,105.0,88.0,83.0,67.0,,60.0
27,132.0,118.0,105.0,,130.0,125.0,131.0,,,,280.0,227.0,197.0,63.0,140,,92.0,115,110.0,103.0,62.0,110.0,98.0,115.0
28,119.0,120.0,114.0,77.0,74.0,49.0,130.0,52.0,64.0,72.0,83.0,83.0,77.0,59.0,52,55.0,63.0,82,65.0,31.0,43.0,40.0,47.0,55.0
29,108.0,34.0,36.0,42.0,63.0,47.0,42.0,42.0,68.0,55.0,93.0,121.0,113.0,107.0,80,76.0,41.0,45,24.0,20.0,27.0,23.0,32.0,78.0
30,35.0,35.0,29.0,28.0,26.0,21.0,25.0,26.0,36.0,32.0,30.0,80.0,107.0,58.0,78,74.0,69.0,72,62.0,66.0,112.0,190.0,139.0,131.0
31,91.0,60.0,64.0,98.0,100.0,100.0,,60.0,,71.0,79.0,102.0,73.0,73.0,64,55.0,75.0,105,105.0,90.0,94.0,335.0,159.0,156.0
"
"
April-2021,00:00:00,01:00:00,02:00:00,03:00:00,04:00:00,05:00:00,06:00:00,07:00:00,08:00:00,09:00:00,10:00:00,11:00:00,12:00:00,13:00:00,14:00:00,15:00:00,16:00:00,17:00:00,18:00:00,19:00:00,20:00:00,21:00:00,22:00:00,23:00:00
1,122.0,108.0,100.0,134.0,152.0,183.0,191.0,,230.0,135.0,179.0,98.0,107.0,153.0,153.0,169.0,169.0,,175.0,179.0,179.0,176.0,167.0,162.0
2,189.0,183.0,137.0,159.0,151.0,133.0,133.0,129.0,148.0,125.0,121.0,125.0,165.0,102.0,77.0,73.0,69.0,72.0,,82.0,35.0,78.0,115.0,131.0
3,125.0,122.0,65.0,113.0,105.0,105.0,128.0,63.0,43.0,30.0,44.0,28.0,53.0,67.0,115.0,123.0,118.0,105.0,28.0,42.0,50.0,78.0,81.0,126.0
4,119.0,111.0,14.0,27.0,74.0,80.0,30.0,24.0,22.0,79.0,32.0,53.0,60.0,32.0,26.0,36.0,,,,,30.0,32.0,32.0,130.0
5,116.0,33.0,28.0,29.0,50.0,48.0,38.0,84.0,100.0,83.0,45.0,45.0,48.0,47.0,48.0,49.0,35.0,33.0,133.0,39.0,53.0,45.0,40.0,84.0
6,39.0,50.0,,47.0,58.0,57.0,79.0,111.0,117.0,119.0,61.0,62.0,85.0,96.0,58.0,47.0,65.0,70.0,65.0,68.0,63.0,63.0,,95.0
7,67.0,47.0,53.0,61.0,137.0,58.0,137.0,133.0,106.0,100.0,109.0,123.0,55.0,59.0,67.0,66.0,103.0,93.0,53.0,64.0,73.0,55.0,40.0,35.0
8,48.0,46.0,140.0,33.0,32.0,38.0,35.0,38.0,111.0,136.0,36.0,66.0,52.0,52.0,50.0,44.0,116.0,64.0,48.0,53.0,48.0,52.0,57.0,67.0
9,124.0,134.0,80.0,58.0,48.0,40.0,38.0,43.0,112.0,102.0,59.0,51.0,61.0,55.0,55.0,56.0,67.0,68.0,73.0,75.0,80.0,78.0,70.0,64.0
10,70.0,66.0,52.0,63.0,62.0,67.0,74.0,80.0,67.0,62.0,63.0,80.0,87.0,,77.0,63.0,53.0,50.0,44.0,63.0,53.0,65.0,68.0,44.0
11,49.0,55.0,55.0,52.0,50.0,55.0,62.0,73.0,78.0,89.0,65.0,90.0,95.0,95.0,143.0,86.0,62.0,45.0,43.0,42.0,40.0,42.0,62.0,60.0
12,53.0,45.0,54.0,42.0,48.0,52.0,47.0,48.0,44.0,98.0,105.0,57.0,96.0,104.0,74.0,87.0,62.0,77.0,109.0,50.0,77.0,52.0,68.0,90.0
13,83.0,68.0,33.0,60.0,76.0,,,,53.0,103.0,213.0,153.0,78.0,132.0,105.0,55.0,58.0,53.0,115.0,125.0,125.0,125.0,76.0,50.0
14,57.0,58.0,60.0,,,,,,,,106.0,99.0,47.0,45.0,42.0,36.0,41.0,38.0,38.0,48.0,71.0,175.0,147.0,48.0
15,29.0,22.0,34.0,60.0,58.0,137.0,80.0,35.0,29.0,38.0,38.0,61.0,75.0,79.0,67.0,36.0,30.0,34.0,,,75.0,93.0,186.0,66.0
16,74.0,44.0,35.0,59.0,65.0,92.0,54.0,35.0,32.0,35.0,,57.0,29.0,32.0,22.0,17.0,16.0,16.0,27.0,24.0,40.0,33.0,,35.0
17,21.0,,20.0,19.0,39.0,23.0,51.0,,33.0,,,,33.0,26.0,,140.0,24.0,,35.0,,35.0,31.0,126.0,500.0
18,17.0,24.0,20.0,28.0,26.0,31.0,126.0,234.0,,35.0,41.0,,,35.0,149.0,266.0,104.0,27.0,36.0,35.0,40.0,88.0,163.0,219.0
19,459.0,21.0,30.0,36.0,38.0,70.0,66.0,133.0,411.0,19.0,44.0,31.0,39.0,43.0,32.0,34.0,66.0,18.0,21.0,24.0,29.0,62.0,68.0,
20,499.0,25.0,,21.0,18.0,44.0,57.0,45.0,55.0,21.0,,21.0,27.0,32.0,37.0,36.0,32.0,,26.0,26.0,,38.0,,406.0
21,56.0,46.0,22.0,21.0,24.0,28.0,49.0,57.0,56.0,47.0,25.0,40.0,25.0,30.0,32.0,39.0,25.0,29.0,23.0,25.0,27.0,26.0,,
22,,64.0,,18.0,20.0,21.0,28.0,24.0,33.0,29.0,38.0,28.0,45.0,28.0,37.0,36.0,,,,22.0,25.0,,33.0,
23,35.0,53.0,,26.0,36.0,,47.0,56.0,,30.0,36.0,33.0,43.0,,,,27.0,,19.0,18.0,20.0,21.0,28.0,46.0
24,39.0,43.0,27.0,25.0,18.0,20.0,30.0,35.0,34.0,58.0,42.0,52.0,55.0,31.0,34.0,38.0,28.0,31.0,,,24.0,25.0,25.0,40.0
25,29.0,119.0,89.0,18.0,21.0,19.0,21.0,54.0,57.0,217.0,105.0,25.0,38.0,,,30.0,30.0,171.0,297.0,109.0,35.0,42.0,44.0,97.0
26,500.0,500.0,411.0,,49.0,72.0,69.0,78.0,84.0,147.0,400.0,248.0,80.0,,,,,,,,,,,
27,,,,,,,,,,,,,,,,,,,,,,,,
28,,,,,,,,,,,,,,,,,,,,,,,,
29,,,,,,,,,,,,,,,,,,,,,,,,
30,,,,,,,,,,,,,,,,,,,,,,,,
"
"
May-2021,00:00:00,01:00:00,02:00:00,03:00:00,04:00:00,05:00:00,06:00:00,07:00:00,08:00:00,09:00:00,10:00:00,11:00:00,12:00:00,13:00:00,14:00:00,15:00:00,16:00:00,17:00:00,18:00:00,19:00:00,20:00:00,21:00:00,22:00:00,23:00:00
1,,,,,,,,,,,,,,,,,,,,,,,,
2,,,,,,,,,,,,,,,,,,,,,,,,
3,,,,,,,,,,,,,,,,,,,,,,,,
4,,,,,,,,,,,,,,,,,,,,,,,,
5,,,,,,,,,,,,,,,,,,,,,,,,
6,,,,,,,,,,,,,,,,,,,,,,,,
7,,,,,,,,,,,,,,,,,,,,,,,,
8,,,,,,,,,,,,,,,,,,,,,,,,
9,,,,,,,,,,,,,,,,,,,,,,,,
10,,,,,,,,,,,,,,,,,,,,,,,,
11,,,,,,,,,,,,,,,,,,,,,,,,
12,,,,,,,,,,,,,,,,,,,,,,,,
13,,,,,,,,,,,,,,,,,,,,,,,,
14,,,,,,,,,,,,,,,,,,,,,,,,
15,,,,,,,,,,,,,,,,,,,,,,,,
16,,,,,,,,,,,,,,,,,,,,,,,,
17,,,,,,,,,,,,,,,,,,,,,,,,
18,,,,,,,,,,,,,,,,,,,,,,,,
19,,,,,,,,,,,,,,,,,,,,,,,,
20,,,,,,,,,,,,,,,60.0,55.0,46.0,41.0,,48.0,45.0,42.0,280.0,300.0
21,283.0,305.0,247.0,243.0,198.0,300.0,309.0,304.0,317.0,42.0,322.0,258.0,136.0,132.0,136.0,135.0,134.0,137.0,137.0,136.0,,135.0,134.0,131.0
22,135.0,133.0,131.0,129.0,128.0,125.0,127.0,,131.0,145.0,147.0,133.0,129.0,130.0,128.0,131.0,130.0,132.0,131.0,135.0,142.0,,134.0,131.0
23,131.0,134.0,131.0,131.0,130.0,125.0,131.0,129.0,129.0,129.0,129.0,131.0,130.0,126.0,129.0,127.0,130.0,131.0,131.0,133.0,131.0,,129.0,125.0
24,129.0,,124.0,125.0,126.0,124.0,127.0,128.0,128.0,127.0,130.0,134.0,134.0,129.0,129.0,125.0,129.0,127.0,128.0,,125.0,127.0,127.0,125.0
25,125.0,125.0,127.0,131.0,125.0,126.0,124.0,127.0,128.0,130.0,129.0,133.0,131.0,128.0,128.0,127.0,123.0,128.0,130.0,128.0,131.0,132.0,124.0,131.0
26,127.0,125.0,126.0,127.0,125.0,123.0,125.0,126.0,,,,,,,,,,,,,,,,
27,,,,,,,,,,,,,,,,,,,,,,,,
28,,,,,,,,,,,,,,,,,,,,,,,,
29,,,,,,,,,,,,,,,,,,,,,,,,
30,,,,,,,,,,,,,,,,,,,,,,,,
31,,,,,,,,,,,,,,,,,,,,,,,,
"
"
June-2021,00:00:00,01:00:00,02:00:00,03:00:00,04:00:00,05:00:00,06:00:00,07:00:00,08:00:00,09:00:00,10:00:00,11:00:00,12:00:00,13:00:00,14:00:00,15:00:00,16:00:00,17:00:00,18:00:00,19:00:00,20:00:00,21:00:00,22:00:00,23:00:00
1,,,,,,,,,,,,,,,,,,,,,,,,
2,,,,,,,,,,,,,,,,,,,,,,,,
3,,,,,,,,,,,,,,,,,,,,,,,,
4,,,,,,,,,,,,,,,,,,,,,,,,
5,,,,,,,,,,,,,,,,,,,,,,,,
6,,,,,,,,,,,,,,,,,,,,,,,,
7,,,,,,,,,,,,,,,,,,,,,,,,
8,,,,,,,,,,,,,,,,,,,,,,,,
9,,,,,,,,,,,,,,,,,,,,,,,,
10,,,,,,,,,,,,,,,,,,,,,,,,
11,,,,,,,,,,,,,,,,,,44.0,39.0,36.0,33.0,28.0,31.0,113.0
12,28.0,27.0,26.0,26.0,26.0,27.0,26.0,27.0,25.0,38.0,117.0,41.0,38.0,36.0,36.0,35.0,34.0,36.0,32.0,32.0,,,32.0,33.0
13,,33.0,34.0,33.0,32.0,33.0,31.0,31.0,37.0,29.0,30.0,30.0,31.0,30.0,35.0,31.0,29.0,33.0,,27.0,27.0,27.0,27.0,27.0
14,35.0,44.0,42.0,,41.0,36.0,33.0,31.0,32.0,,,,55.0,55.0,67.0,68.0,64.0,67.0,67.0,,,64.0,63.0,64.0
15,69.0,51.0,58.0,49.0,57.0,44.0,48.0,,,40.0,34.0,36.0,32.0,27.0,22.0,18.0,27.0,19.0,26.0,19.0,55.0,64.0,44.0,
16,53.0,38.0,44.0,48.0,41.0,59.0,16.0,24.0,53.0,25.0,37.0,44.0,19.0,16.0,17.0,16.0,,,28.0,34.0,32.0,31.0,41.0,58.0
17,103.0,99.0,103.0,105.0,90.0,69.0,65.0,71.0,66.0,56.0,82.0,88.0,40.0,55.0,,70.0,100.0,90.0,98.0,77.0,75.0,84.0,86.0,109.0
18,,96.0,102.0,102.0,89.0,101.0,93.0,77.0,95.0,87.0,97.0,99.0,68.0,75.0,83.0,96.0,100.0,101.0,107.0,96.0,97.0,84.0,84.0,87.0
19,77.0,84.0,77.0,68.0,71.0,79.0,49.0,46.0,66.0,66.0,61.0,41.0,56.0,56.0,44.0,52.0,84.0,45.0,50.0,47.0,34.0,42.0,43.0,54.0
20,53.0,76.0,111.0,124.0,110.0,117.0,131.0,150.0,146.0,147.0,135.0,144.0,124.0,103.0,83.0,145.0,116.0,151.0,162.0,135.0,138.0,134.0,125.0,132.0
21,114.0,120.0,115.0,117.0,141.0,137.0,125.0,124.0,117.0,112.0,115.0,125.0,128.0,,118.0,113.0,108.0,105.0,101.0,101.0,99.0,98.0,85.0,68.0
22,78.0,82.0,71.0,,69.0,68.0,60.0,51.0,65.0,79.0,81.0,85.0,95.0,90.0,87.0,85.0,93.0,82.0,82.0,78.0,76.0,73.0,63.0,80.0
23,91.0,43.0,73.0,81.0,75.0,74.0,74.0,55.0,61.0,72.0,72.0,67.0,99.0,79.0,62.0,64.0,71.0,69.0,74.0,68.0,66.0,77.0,74.0,65.0
24,76.0,74.0,,43.0,68.0,30.0,,40.0,42.0,42.0,,77.0,,52.0,54.0,49.0,,46.0,77.0,306.0,93.0,40.0,22.0,38.0
25,32.0,27.0,18.0,20.0,25.0,19.0,23.0,32.0,23.0,32.0,35.0,41.0,69.0,40.0,30.0,29.0,33.0,33.0,28.0,47.0,106.0,119.0,190.0,100.0
26,42.0,43.0,45.0,,,,,,,,,,,75.0,86.0,85.0,72.0,,61.0,58.0,54.0,107.0,,
27,68.0,38.0,66.0,81.0,53.0,47.0,37.0,30.0,23.0,22.0,,32.0,32.0,33.0,33.0,,20.0,23.0,23.0,40.0,28.0,40.0,18.0,28.0
28,22.0,23.0,35.0,58.0,38.0,24.0,43.0,65.0,68.0,75.0,35.0,28.0,,109.0,58.0,42.0,34.0,28.0,22.0,23.0,64.0,121.0,104.0,41.0
29,35.0,35.0,35.0,,,,,,,,34.0,34.0,33.0,32.0,32.0,32.0,22.0,33.0,,65.0,57.0,56.0,112.0,60.0
30,36.0,34.0,,,34.0,33.0,34.0,33.0,33.0,33.0,33.0,25.0,23.0,34.0,36.0,18.0,22.0,42.0,37.0,29.0,71.0,61.0,75.0,101.0
"
"
July-2021,00:00:00,01:00:00,02:00:00,03:00:00,04:00:00,05:00:00,06:00:00,07:00:00,08:00:00,09:00:00,10:00:00,11:00:00,12:00:00,13:00:00,14:00:00,15:00:00,16:00:00,17:00:00,18:00:00,19:00:00,20:00:00,21:00:00,22:00:00,23:00:00
1,90.0,39.0,38.0,30.0,30.0,33.0,37.0,39.0,45.0,49.0,54,43.0,44.0,45.0,41,,,44.0,47.0,63.0,122.0,163.0,94,66
2,51.0,39.0,43.0,44.0,34.0,35.0,41.0,48.0,35.0,40.0,49,60.0,53.0,51.0,46,41.0,42.0,57.0,,45.0,44.0,107.0,115,123
3,49.0,47.0,50.0,51.0,52.0,51.0,52.0,53.0,50.0,51.0,56,55.0,55.0,43.0,49,44.0,44.0,48.0,55.0,41.0,51.0,51.0,50,49
4,47.0,43.0,44.0,40.0,38.0,32.0,35.0,31.0,36.0,44.0,62,59.0,59.0,,46,43.0,45.0,41.0,44.0,43.0,54.0,59.0,48,45
5,48.0,40.0,42.0,40.0,51.0,62.0,49.0,50.0,52.0,65.0,63,67.0,83.0,59.0,60,68.0,62.0,62.0,57.0,59.0,62.0,68.0,74,73
6,57.0,50.0,60.0,52.0,55.0,56.0,54.0,61.0,60.0,51.0,58,63.0,43.0,44.0,67,68.0,73.0,67.0,71.0,72.0,73.0,74.0,65,70
7,57.0,55.0,52.0,55.0,47.0,57.0,59.0,49.0,54.0,77.0,73,64.0,72.0,73.0,69,93.0,62.0,54.0,63.0,61.0,59.0,67.0,75,79
8,64.0,64.0,52.0,57.0,49.0,34.0,40.0,33.0,44.0,41.0,30,45.0,25.0,32.0,32,40.0,49.0,61.0,47.0,36.0,38.0,40.0,28,40
9,38.0,32.0,28.0,29.0,30.0,28.0,33.0,35.0,30.0,35.0,60,75.0,81.0,45.0,57,,42.0,44.0,92.0,30.0,43.0,33.0,37,26
10,32.0,37.0,37.0,63.0,50.0,40.0,34.0,,34.0,28.0,23,24.0,25.0,24.0,26,28.0,29.0,,25.0,23.0,20.0,22.0,24,27
11,44.0,32.0,28.0,28.0,24.0,25.0,27.0,30.0,35.0,27.0,27,26.0,24.0,24.0,27,22.0,22.0,23.0,24.0,27.0,24.0,26.0,26,25
12,,25.0,26.0,27.0,29.0,28.0,29.0,34.0,34.0,53.0,28,,32.0,38.0,32,27.0,28.0,27.0,25.0,40.0,67.0,80.0,40,32
13,33.0,30.0,36.0,30.0,35.0,47.0,38.0,,30.0,30.0,27,14.0,14.0,34.0,29,31.0,32.0,30.0,34.0,31.0,30.0,21.0,24,24
14,23.0,22.0,22.0,22.0,23.0,22.0,23.0,22.0,26.0,27.0,28,,30.0,27.0,15,30.0,30.0,32.0,110.0,17.0,111.0,105.0,73,50
15,42.0,42.0,,39.0,39.0,40.0,37.0,41.0,,37.0,32,70.0,54.0,36.0,32,32.0,32.0,32.0,32.0,,35.0,28.0,37,31
16,30.0,33.0,25.0,36.0,24.0,25.0,,25.0,25.0,28.0,24,30.0,32.0,37.0,27,28.0,35.0,32.0,37.0,34.0,33.0,28.0,24,26
17,27.0,24.0,26.0,25.0,26.0,48.0,32.0,26.0,28.0,26.0,28,26.0,,30.0,32,27.0,41.0,28.0,24.0,42.0,88.0,53.0,43,34
18,31.0,,,,,,,,37.0,36.0,43,38.0,54.0,51.0,41,50.0,48.0,47.0,50.0,49.0,52.0,54.0,64,54
19,56.0,58.0,,,,,,,,,86,28.0,55.0,54.0,48,41.0,28.0,31.0,27.0,42.0,62.0,84.0,76,54
20,60.0,41.0,33.0,41.0,49.0,43.0,46.0,47.0,51.0,50.0,50,55.0,64.0,68.0,56,65.0,50.0,52.0,52.0,53.0,,57.0,47,46
21,48.0,49.0,42.0,,27.0,58.0,54.0,53.0,56.0,51.0,38,42.0,60.0,48.0,55,39.0,52.0,46.0,47.0,50.0,23.0,48.0,64,61
22,61.0,57.0,63.0,69.0,69.0,69.0,68.0,66.0,71.0,65.0,64,57.0,57.0,63.0,78,62.0,67.0,51.0,59.0,66.0,,70.0,76,71
23,70.0,69.0,57.0,61.0,54.0,58.0,67.0,63.0,60.0,54.0,49,97.0,102.0,70.0,57,42.0,51.0,45.0,47.0,55.0,44.0,101.0,105,60
24,57.0,46.0,43.0,42.0,49.0,43.0,41.0,38.0,39.0,50.0,59,55.0,58.0,56.0,58,50.0,55.0,50.0,52.0,48.0,47.0,103.0,72,54
25,47.0,,39.0,40.0,42.0,41.0,38.0,,44.0,47.0,50,55.0,68.0,71.0,63,56.0,53.0,53.0,51.0,44.0,44.0,27.0,47,47
26,26.0,,52.0,50.0,52.0,53.0,,,52.0,56.0,53,57.0,67.0,65.0,62,61.0,62.0,56.0,54.0,54.0,44.0,57.0,53,53
27,48.0,47.0,47.0,48.0,48.0,35.0,36.0,42.0,42.0,,29,47.0,36.0,45.0,45,44.0,44.0,41.0,51.0,47.0,40.0,57.0,58,48
28,41.0,42.0,46.0,44.0,47.0,48.0,40.0,41.0,43.0,47.0,42,40.0,,,48,51.0,46.0,48.0,55.0,50.0,50.0,43.0,47,46
29,52.0,42.0,40.0,47.0,50.0,38.0,48.0,47.0,,42.0,43,,47.0,47.0,48,61.0,57.0,56.0,48.0,53.0,47.0,63.0,79,78
30,68.0,41.0,,48.0,53.0,51.0,48.0,47.0,49.0,47.0,48,48.0,44.0,47.0,42,41.0,46.0,44.0,48.0,52.0,45.0,65.0,68,57
31,42.0,41.0,40.0,42.0,36.0,40.0,35.0,35.0,33.0,38.0,55,80.0,60.0,42.0,39,56.0,46.0,52.0,53.0,48.0,50.0,,55,40
"
"
August-2021,00:00:00,01:00:00,02:00:00,03:00:00,04:00:00,05:00:00,06:00:00,07:00:00,08:00:00,09:00:00,10:00:00,11:00:00,12:00:00,13:00:00,14:00:00,15:00:00,16:00:00,17:00:00,18:00:00,19:00:00,20:00:00,21:00:00,22:00:00,23:00:00
1,42.0,50.0,60.0,37.0,35.0,43.0,37.0,42.0,39.0,42.0,33.0,44.0,51.0,58,49.0,37,43.0,36.0,38.0,44.0,44.0,100.0,71.0,47.0
2,38.0,39.0,38.0,32.0,31.0,39.0,39.0,34.0,35.0,43.0,44.0,48.0,39.0,32,25.0,37,42.0,35.0,39.0,43.0,59.0,98.0,97.0,52.0
3,39.0,36.0,32.0,32.0,31.0,34.0,36.0,38.0,,,41.0,70.0,55.0,51,43.0,42,32.0,39.0,40.0,41.0,40.0,66.0,42.0,40.0
4,39.0,,40.0,33.0,31.0,,35.0,39.0,36.0,35.0,48.0,46.0,56.0,60,52.0,47,,35.0,38.0,37.0,48.0,53.0,48.0,40.0
5,43.0,52.0,33.0,38.0,33.0,30.0,33.0,32.0,42.0,42.0,43.0,33.0,45.0,57,50.0,51,50.0,48.0,50.0,53.0,54.0,40.0,50.0,51.0
6,48.0,42.0,44.0,46.0,51.0,40.0,44.0,40.0,46.0,53.0,,50.0,48.0,57,60.0,58,68.0,43.0,63.0,53.0,63.0,55.0,63.0,54.0
7,59.0,49.0,43.0,42.0,38.0,40.0,42.0,41.0,43.0,48.0,61.0,67.0,92.0,66,57.0,66,69.0,52.0,59.0,58.0,65.0,136.0,104.0,69.0
8,60.0,56.0,53.0,44.0,47.0,45.0,40.0,40.0,48.0,55.0,57.0,57.0,60.0,130,106.0,59,,,50.0,51.0,51.0,52.0,56.0,53.0
9,52.0,51.0,39.0,42.0,34.0,38.0,36.0,43.0,30.0,35.0,42.0,146.0,108.0,47,38.0,45,42.0,42.0,45.0,52.0,59.0,128.0,118.0,99.0
10,50.0,46.0,42.0,39.0,38.0,35.0,34.0,40.0,38.0,47.0,40.0,,151.0,116,92.0,62,61.0,38.0,46.0,52.0,119.0,114.0,92.0,69.0
11,50.0,44.0,42.0,38.0,37.0,35.0,34.0,37.0,39.0,38.0,33.0,108.0,109.0,74,52.0,42,,35.0,33.0,42.0,106.0,,94.0,62.0
12,46.0,45.0,36.0,33.0,33.0,,34.0,38.0,34.0,38.0,35.0,140.0,173.0,114,85.0,55,66.0,48.0,45.0,51.0,,49.0,122.0,108.0
13,81.0,60.0,,45.0,37.0,39.0,42.0,38.0,42.0,43.0,40.0,72.0,110.0,82,63.0,45,43.0,48.0,42.0,48.0,31.0,41.0,42.0,40.0
14,47.0,43.0,39.0,37.0,37.0,35.0,30.0,30.0,32.0,40.0,36.0,38.0,48.0,47,31.0,40,36.0,41.0,31.0,29.0,30.0,27.0,136.0,114.0
15,102.0,82.0,74.0,64.0,54.0,47.0,41.0,39.0,38.0,39.0,37.0,37.0,163.0,128,109.0,76,60.0,56.0,55.0,50.0,98.0,161.0,123.0,104.0
16,57.0,53.0,51.0,,52.0,52.0,52.0,,51.0,57.0,51.0,141.0,131.0,102,87.0,63,53.0,56.0,55.0,49.0,107.0,167.0,112.0,58.0
17,53.0,56.0,57.0,56.0,54.0,54.0,54.0,54.0,90.0,51.0,50.0,51.0,48.0,46,46.0,23,,44.0,48.0,49.0,73.0,191.0,154.0,75.0
18,55.0,54.0,,62.0,,,,,,,62.0,59.0,122.0,107,70.0,45,53.0,50.0,50.0,45.0,90.0,153.0,110.0,70.0
19,50.0,52.0,50.0,51.0,52.0,52.0,50.0,55.0,60.0,62.0,63.0,92.0,111.0,76,54.0,56,55.0,59.0,44.0,40.0,37.0,115.0,116.0,110.0
20,82.0,62.0,59.0,59.0,59.0,59.0,,57.0,57.0,56.0,55.0,53.0,48.0,46,42.0,40,39.0,37.0,36.0,35.0,36.0,118.0,104.0,70.0
21,,41.0,46.0,46.0,48.0,48.0,49.0,49.0,49.0,49.0,38.0,48.0,39.0,34,32.0,31,36.0,,,,42.0,33.0,40.0,
22,46.0,40.0,38.0,,35.0,35.0,35.0,35.0,34.0,35.0,38.0,35.0,37.0,30,28.0,27,30.0,30.0,30.0,32.0,35.0,34.0,37.0,38.0
23,,35.0,35.0,30.0,28.0,,30.0,74.0,52.0,32.0,37.0,37.0,,32,33.0,31,29.0,34.0,30.0,30.0,35.0,44.0,44.0,28.0
24,42.0,39.0,33.0,34.0,32.0,34.0,34.0,34.0,,37.0,47.0,31.0,35.0,31,34.0,37,35.0,34.0,33.0,35.0,70.0,37.0,36.0,40.0
25,40.0,40.0,39.0,39.0,38.0,38.0,51.0,,,38.0,34.0,33.0,31.0,34,37.0,35,34.0,34.0,33.0,33.0,33.0,36.0,40.0,39.0
26,38.0,35.0,34.0,34.0,33.0,34.0,34.0,34.0,35.0,36.0,34.0,34.0,30.0,33,37.0,31,33.0,34.0,32.0,30.0,30.0,32.0,31.0,31.0
27,31.0,30.0,32.0,33.0,34.0,35.0,32.0,30.0,30.0,32.0,31.0,31.0,30.0,28,29.0,33,30.0,30.0,38.0,34.0,44.0,61.0,51.0,70.0
28,41.0,37.0,45.0,34.0,44.0,46.0,46.0,44.0,57.0,63.0,58.0,63.0,69.0,67,,70,67.0,63.0,64.0,54.0,57.0,66.0,77.0,54.0
29,,42.0,38.0,40.0,39.0,34.0,38.0,37.0,58.0,59.0,48.0,44.0,56.0,59,56.0,55,71.0,52.0,82.0,60.0,73.0,78.0,68.0,68.0
30,78.0,57.0,38.0,42.0,47.0,49.0,54.0,57.0,62.0,62.0,64.0,80.0,50.0,60,59.0,58,59.0,58.0,59.0,62.0,45.0,49.0,,52.0
31,,36.0,39.0,50.0,29.0,27.0,29.0,29.0,30.0,33.0,45.0,33.0,38.0,45,35.0,34,37.0,40.0,43.0,43.0,39.0,47.0,41.0,41.0
"
"
September-2021,00:00:00,01:00:00,02:00:00,03:00:00,04:00:00,05:00:00,06:00:00,07:00:00,08:00:00,09:00:00,10:00:00,11:00:00,12:00:00,13:00:00,14:00:00,15:00:00,16:00:00,17:00:00,18:00:00,19:00:00,20:00:00,21:00:00,22:00:00,23:00:00
1,76.0,34.0,33.0,31.0,31.0,32.0,32.0,31.0,36.0,37.0,34.0,34.0,133.0,138.0,105.0,40.0,33.0,34.0,34.0,34.0,103.0,140.0,164.0,142.0
2,103.0,77.0,53.0,40.0,42.0,38.0,35.0,34.0,34.0,14.0,32.0,94.0,121.0,80.0,58.0,42.0,34.0,36.0,34.0,34.0,31.0,33.0,31.0,31.0
3,30.0,34.0,43.0,35.0,36.0,36.0,36.0,36.0,36.0,37.0,34.0,34.0,135.0,101.0,52.0,41.0,39.0,38.0,36.0,36.0,40.0,105.0,115.0,103.0
4,83.0,32.0,74.0,57.0,50.0,42.0,38.0,39.0,38.0,39.0,38.0,42.0,119.0,92.0,58.0,42.0,37.0,34.0,32.0,33.0,32.0,34.0,35.0,44.0
5,43.0,40.0,41.0,39.0,40.0,39.0,38.0,39.0,39.0,39.0,42.0,48.0,43.0,37.0,38.0,35.0,46.0,40.0,35.0,45.0,39.0,88.0,135.0,105.0
6,66.0,50.0,42.0,42.0,52.0,40.0,38.0,35.0,34.0,32.0,33.0,123.0,27.0,19.0,36.0,32.0,31.0,30.0,31.0,33.0,52.0,43.0,38.0,32.0
7,33.0,33.0,33.0,34.0,35.0,34.0,36.0,37.0,37.0,36.0,37.0,60.0,131.0,102.0,53.0,,40.0,42.0,40.0,40.0,35.0,38.0,39.0,45.0
8,49.0,49.0,47.0,45.0,42.0,41.0,39.0,37.0,32.0,5.0,35.0,32.0,30.0,34.0,32.0,31.0,31.0,32.0,32.0,31.0,32.0,35.0,36.0,36.0
9,,32.0,32.0,33.0,32.0,32.0,32.0,32.0,33.0,,31.0,31.0,32.0,32.0,31.0,30.0,33.0,32.0,32.0,32.0,31.0,32.0,75.0,115.0
10,64.0,42.0,38.0,36.0,36.0,34.0,34.0,34.0,34.0,32.0,34.0,33.0,133.0,137.0,114.0,76.0,54.0,50.0,38.0,35.0,33.0,104.0,138.0,103.0
11,56.0,44.0,39.0,37.0,37.0,36.0,35.0,34.0,41.0,36.0,32.0,101.0,169.0,130.0,101.0,68.0,54.0,42.0,38.0,36.0,35.0,33.0,60.0,122.0
12,105.0,78.0,60.0,52.0,49.0,46.0,42.0,41.0,40.0,38.0,36.0,40.0,40.0,37.0,39.0,38.0,36.0,36.0,32.0,35.0,37.0,36.0,37.0,36.0
13,36.0,,36.0,25.0,44.0,43.0,52.0,54.0,50.0,44.0,36.0,36.0,45.0,186.0,155.0,118.0,98.0,63.0,48.0,42.0,73.0,39.0,158.0,134.0
14,104.0,67.0,72.0,67.0,71.0,68.0,78.0,76.0,74.0,67.0,76.0,115.0,146.0,113.0,88.0,80.0,88.0,96.0,84.0,82.0,61.0,76.0,148.0,113.0
15,97.0,,54.0,70.0,73.0,77.0,71.0,67.0,66.0,65.0,71.0,82.0,145.0,110.0,90.0,62.0,56.0,58.0,54.0,49.0,55.0,57.0,135.0,135.0
16,98.0,56.0,72.0,70.0,61.0,60.0,60.0,63.0,57.0,59.0,55.0,63.0,62.0,56.0,53.0,52.0,64.0,57.0,50.0,57.0,42.0,54.0,48.0,52.0
17,49.0,55.0,42.0,37.0,37.0,44.0,37.0,,46.0,49.0,46.0,51.0,136.0,75.0,48.0,45.0,,42.0,42.0,42.0,30.0,161.0,126.0,108.0
18,87.0,,52.0,47.0,44.0,41.0,38.0,37.0,36.0,37.0,38.0,,118.0,81.0,58.0,42.0,42.0,,,,,,,
19,,,,,,,,,,,,,,,,,,,,,,,,
20,,,,,,,,,,,,,,,,,42.0,40.0,40.0,36.0,,41.0,41.0,119.0
21,117.0,77.0,71.0,56.0,53.0,13.0,,42.0,40.0,,,12.0,102.0,58.0,52.0,48.0,,41.0,38.0,40.0,40.0,41.0,43.0,126.0
22,115.0,99.0,,62.0,55.0,52.0,47.0,44.0,41.0,,40.0,39.0,132.0,113.0,101.0,78.0,59.0,46.0,44.0,42.0,40.0,40.0,39.0,40.0
23,39.0,38.0,36.0,36.0,36.0,38.0,37.0,40.0,39.0,44.0,54.0,44.0,42.0,42.0,41.0,41.0,42.0,44.0,50.0,54.0,58.0,53.0,50.0,157.0
24,113.0,101.0,86.0,68.0,59.0,50.0,47.0,44.0,41.0,44.0,42.0,87.0,154.0,118.0,93.0,66.0,57.0,46.0,43.0,38.0,47.0,48.0,110.0,116.0
25,80.0,72.0,52.0,49.0,45.0,44.0,42.0,41.0,48.0,45.0,47.0,,147.0,30.0,32.0,47.0,22.0,46.0,32.0,40.0,40.0,41.0,43.0,42.0
26,41.0,42.0,39.0,39.0,40.0,40.0,42.0,69.0,65.0,95.0,30.0,54.0,,38.0,36.0,38.0,36.0,32.0,37.0,38.0,38.0,38.0,38.0,36.0
27,34.0,37.0,38.0,36.0,36.0,36.0,36.0,39.0,40.0,33.0,39.0,,36.0,36.0,36.0,36.0,36.0,37.0,38.0,38.0,39.0,40.0,44.0,57.0
28,35.0,166.0,121.0,108.0,80.0,68.0,59.0,52.0,45.0,44.0,94.0,147.0,,52.0,44.0,42.0,39.0,39.0,38.0,38.0,68.0,,121.0,102.0
29,85.0,66.0,47.0,43.0,39.0,,36.0,36.0,38.0,44.0,42.0,40.0,38.0,37.0,36.0,38.0,38.0,,38.0,37.0,37.0,,,38.0
30,38.0,36.0,38.0,109.0,159.0,115.0,101.0,78.0,50.0,45.0,41.0,42.0,,107.0,136.0,76.0,40.0,37.0,37.0,36.0,37.0,40.0,162.0,129.0
"
"
October-2021,00:00:00,01:00:00,02:00:00,03:00:00,04:00:00,05:00:00,06:00:00,07:00:00,08:00:00,09:00:00,10:00:00,11:00:00,12:00:00,13:00:00,14:00:00,15:00:00,16:00:00,17:00:00,18:00:00,19:00:00,20:00:00,21:00:00,22:00:00,23:00:00
1,108.0,91.0,74.0,84,52,48.0,71.0,53.0,72.0,91.0,51.0,108.0,79.0,66.0,50.0,44.0,42.0,42.0,47.0,53.0,43.0,69.0,69.0,80
2,75.0,88.0,82.0,56,79,,119.0,104.0,110.0,58.0,,,,,,77.0,40.0,61.0,47.0,56.0,65.0,66.0,70.0,71
3,145.0,115.0,98.0,84,76,74.0,72.0,77.0,77.0,83.0,,,103.0,129.0,,,67.0,65.0,,55.0,52.0,47.0,193.0,152
4,112.0,129.0,70.0,126,111,,,77.0,92.0,,102.0,113.0,110.0,93.0,,88.0,65.0,53.0,,,,125.0,151.0,128
5,160.0,125.0,114.0,109,102,96.0,91.0,90.0,109.0,95.0,90.0,87.0,137.0,112.0,86.0,77.0,120.0,106.0,80.0,77.0,123.0,148.0,164.0,159
6,122.0,111.0,94.0,93,91,,86.0,83.0,85.0,92.0,95.0,92.0,102.0,78.0,77.0,82.0,21.0,58.0,77.0,98.0,109.0,86.0,173.0,139
7,,96.0,78.0,70,63,57.0,52.0,48.0,68.0,58.0,65.0,77.0,191.0,128.0,93.0,65.0,44.0,45.0,45.0,88.0,109.0,88.0,87.0,161
8,129.0,76.0,52.0,34,32,32.0,30.0,29.0,40.0,71.0,58.0,110.0,72.0,40.0,30.0,25.0,27.0,26.0,,23.0,18.0,37.0,103.0,110
9,,43.0,38.0,35,34,33.0,33.0,32.0,,29.0,29.0,64.0,109.0,66.0,36.0,28.0,,25.0,26.0,26.0,40.0,95.0,101.0,61
10,48.0,66.0,44.0,64,41,37.0,62.0,40.0,37.0,51.0,43.0,44.0,63.0,118.0,95.0,59.0,42.0,37.0,34.0,32.0,29.0,115.0,102.0,62
11,52.0,55.0,46.0,88,111,62.0,59.0,73.0,75.0,93.0,117.0,,,,56.0,38.0,36.0,,,,47.0,37.0,44.0,48
12,45.0,43.0,,38,69,54.0,51.0,83.0,94.0,105.0,101.0,98.0,87.0,92.0,76.0,49.0,48.0,,,56.0,67.0,68.0,50.0,66
13,61.0,49.0,67.0,54,56,57.0,68.0,64.0,73.0,75.0,69.0,85.0,75.0,96.0,103.0,77.0,,84.0,117.0,78.0,103.0,117.0,,140
14,217.0,61.0,160.0,107,117,115.0,177.0,153.0,267.0,217.0,153.0,187.0,187.0,173.0,203.0,117.0,88.0,76.0,84.0,113.0,115.0,167.0,277.0,247
15,303.0,302.0,287.0,193,227,187.0,250.0,193.0,134.0,119.0,127.0,127.0,137.0,137.0,121.0,137.0,,98.0,97.0,112.0,103.0,101.0,107.0,114
16,137.0,114.0,106.0,110,107,94.0,94.0,97.0,105.0,112.0,105.0,106.0,,115.0,95.0,105.0,110.0,114.0,117.0,147.0,132.0,135.0,126.0,123
17,150.0,159.0,153.0,170,145,129.0,111.0,,125.0,173.0,227.0,173.0,,153.0,141.0,144.0,117.0,117.0,125.0,147.0,140.0,102.0,111.0,92
18,90.0,85.0,76.0,73,70,70.0,67.0,68.0,72.0,81.0,79.0,91.0,92.0,137.0,93.0,81.0,87.0,101.0,117.0,147.0,94.0,68.0,72.0,58
19,40.0,36.0,53.0,49,47,49.0,51.0,87.0,,149.0,190.0,103.0,79.0,,59.0,58.0,55.0,50.0,52.0,52.0,50.0,58.0,,59
20,56.0,61.0,63.0,62,53,91.0,74.0,55.0,60.0,67.0,62.0,85.0,70.0,47.0,60.0,42.0,45.0,47.0,50.0,58.0,48.0,45.0,40.0,48
21,47.0,52.0,50.0,43,53,67.0,63.0,67.0,70.0,82.0,78.0,117.0,98.0,82.0,97.0,107.0,83.0,80.0,70.0,73.0,67.0,78.0,95.0,97
22,110.0,157.0,133.0,160,143,190.0,183.0,157.0,203.0,193.0,180.0,163.0,173.0,77.0,,93.0,80.0,62.0,58.0,68.0,80.0,80.0,82.0,78
23,77.0,,88.0,90,63,63.0,53.0,55.0,43.0,65.0,88.0,63.0,47.0,47.0,43.0,43.0,40.0,33.0,32.0,32.0,34.0,48.0,75.0,57
24,37.0,34.0,32.0,32,30,31.0,32.0,34.0,37.0,42.0,65.0,52.0,43.0,34.0,34.0,,31.0,7.0,30.0,29.0,30.0,30.0,30.0,35
25,38.0,,33.0,32,32,34.0,38.0,39.0,48.0,39.0,38.0,37.0,35.0,35.0,34.0,32.0,31.0,30.0,35.0,50.0,53.0,61.0,67.0,80
26,81.0,107.0,237.0,93,94,83.0,94.0,103.0,107.0,177.0,117.0,130.0,120.0,102.0,105.0,123.0,88.0,86.0,,103.0,113.0,82.0,80.0,94
27,121.0,130.0,123.0,113,117,101.0,129.0,105.0,98.0,120.0,160.0,117.0,143.0,317.0,151.0,97.0,78.0,75.0,73.0,76.0,86.0,85.0,,127
28,,243.0,,130,157,100.0,,89.0,150.0,153.0,102.0,187.0,267.0,233.0,157.0,118.0,97.0,111.0,95.0,110.0,95.0,95.0,101.0,100
29,117.0,223.0,113.0,112,101,160.0,,107.0,105.0,,133.0,213.0,139.0,120.0,,116.0,116.0,116.0,116.0,116.0,137.0,116.0,126.0,213
30,167.0,187.0,116.0,116,116,116.0,116.0,116.0,,116.0,116.0,117.0,237.0,220.0,125.0,98.0,117.0,95.0,,109.0,116.0,,111.0,143
31,180.0,190.0,247.0,247,160,137.0,97.0,108.0,112.0,115.0,117.0,213.0,142.0,125.0,123.0,133.0,127.0,113.0,109.0,113.0,130.0,,119.0,140
"
"
November-2021,00:00:00,01:00:00,02:00:00,03:00:00,04:00:00,05:00:00,06:00:00,07:00:00,08:00:00,09:00:00,10:00:00,11:00:00,12:00:00,13:00:00,14:00:00,15:00:00,16:00:00,17:00:00,18:00:00,19:00:00,20:00:00,21:00:00,22:00:00,23:00:00
1,145,123,111,119.0,130.0,143.0,217.0,240.0,287.0,250.0,203,170,173.0,177.0,64.0,253.0,227.0,187.0,283.0,240,217.0,173,227,270.0
2,280,308,223,190.0,213.0,308.0,324.0,303.0,303.0,283.0,240,307,287.0,247.0,151.0,151.0,233.0,187.0,151.0,151,151.0,287,170,243.0
3,197,193,203,237.0,267.0,305.0,207.0,177.0,151.0,151.0,151,210,290.0,160.0,60.0,130.0,113.0,113.0,105.0,105,110.0,111,141,217.0
4,230,270,180,167.0,140.0,123.0,111.0,107.0,112.0,130.0,257,180,166.0,117.0,227.0,190.0,147.0,103.0,109.0,105,122.0,133,192,373.0
5,217,107,140,167.0,167.0,193.0,,253.0,320.0,328.0,273,108,217.0,207.0,93.0,80.0,85.0,85.0,74.0,83,157.0,143,203,60.0
6,75,43,41,41.0,40.0,40.0,40.0,34.0,45.0,53.0,80,107,105.0,80.0,103.0,86.0,64.0,69.0,78.0,77,61.0,87,52,65.0
7,62,71,60,56.0,55.0,60.0,60.0,64.0,53.0,60.0,59,69,80.0,91.0,83.0,76.0,108.0,115.0,96.0,98,127.0,140,103,170.0
8,133,160,270,143.0,108.0,127.0,127.0,167.0,183.0,170.0,103,103,183.0,131.0,112.0,123.0,133.0,110.0,98.0,97,110.0,190,167,
9,312,283,213,153.0,207.0,237.0,217.0,263.0,283.0,167.0,210,150,127.0,105.0,118.0,100.0,,103.0,93.0,105,117.0,140,130,318.0
10,304,183,260,183.0,150.0,130.0,150.0,177.0,170.0,133.0,250,290,207.0,153.0,153.0,153.0,153.0,153.0,153.0,110,127.0,143,160,203.0
11,243,197,200,210.0,257.0,180.0,127.0,,100.0,95.0,100,92,123.0,97.0,113.0,95.0,90.0,90.0,113.0,107,143.0,151,395,330.0
12,307,210,210,124.0,120.0,127.0,130.0,173.0,127.0,143.0,137,227,110.0,83.0,120.0,113.0,130.0,113.0,140.0,177,133.0,263,305,280.0
13,309,243,190,160.0,,150.0,147.0,150.0,177.0,237.0,137,177,166.0,21.0,,190.0,160.0,217.0,160.0,200,220.0,197,146,130.0
14,220,320,197,180.0,230.0,213.0,207.0,167.0,153.0,220.0,318,313,122.0,170.0,130.0,163.0,273.0,,210.0,173,180.0,157,217,143.0
15,250,311,223,187.0,217.0,147.0,193.0,223.0,220.0,,203,164,129.0,187.0,197.0,213.0,193.0,177.0,237.0,273,237.0,213,207,
16,263,237,210,190.0,305.0,243.0,263.0,273.0,223.0,177.0,167,173,129.0,223.0,150.0,105.0,140.0,121.0,108.0,127,260.0,147,153,153.0
17,337,322,180,,,,,,,,68,124,125.0,103.0,87.0,94.0,98.0,143.0,61.0,60,59.0,74,164,116.0
18,106,89,71,64.0,61.0,60.0,29.0,60.0,62.0,64.0,113,158,120.0,109.0,98.0,75.0,75.0,73.0,71.0,67,63.0,61,60,59.0
19,83,68,68,100.0,102.0,110.0,72.0,70.0,90.0,77.0,83,90,101.0,107.0,92.0,86.0,97.0,82.0,92.0,98,87.0,63,65,64.0
20,92,100,65,72.0,65.0,83.0,107.0,110.0,93.0,123.0,88,153,164.0,124.0,,76.0,71.0,93.0,90.0,96,118.0,101,123,135.0
21,113,77,57,56.0,56.0,57.0,57.0,58.0,58.0,58.0,56,57,58.0,58.0,59.0,59.0,59.0,58.0,58.0,55,54.0,54,53,53.0
22,53,53,53,53.0,54.0,53.0,52.0,52.0,51.0,51.0,50,154,,,,,,,,47,46.0,45,45,57.0
23,49,60,43,43.0,42.0,106.0,124.0,95.0,85.0,76.0,97,79,108.0,48.0,47.0,48.0,48.0,48.0,52.0,55,49.0,44,43,42.0
24,43,45,48,44.0,49.0,55.0,62.0,82.0,96.0,110.0,119,177,152.0,170.0,153.0,134.0,203.0,117.0,110.0,139,96.0,110,104,130.0
25,133,157,126,126.0,150.0,108.0,138.0,147.0,133.0,130.0,102,96,143.0,100.0,141.0,103.0,99.0,123.0,,69,,103,127,170.0
26,205,187,201,165.0,109.0,107.0,167.0,158.0,190.0,177.0,163,123,,,127.0,103.0,,110.0,99.0,98,187.0,170,183,
27,158,133,96,95.0,107.0,158.0,226.0,197.0,224.0,197.0,197,200,240.0,290.0,250.0,120.0,143.0,163.0,113.0,99,98.0,96,93,96.0
28,96,98,116,109.0,121.0,174.0,140.0,122.0,197.0,210.0,190,104,91.0,98.0,,99.0,80.0,79.0,96.0,113,114.0,104,109,149.0
29,141,114,106,79.0,88.0,102.0,107.0,95.0,92.0,97.0,96,99,121.0,177.0,132.0,113.0,113.0,89.0,75.0,74,84.0,93,89,84.0
30,101,117,137,122.0,118.0,117.0,109.0,115.0,111.0,111.0,116,117,173.0,111.0,134.0,112.0,138.0,253.0,110.0,132,117.0,126,119,115.0
"
"
December-2021,00:00:00,01:00:00,02:00:00,03:00:00,04:00:00,05:00:00,06:00:00,07:00:00,08:00:00,09:00:00,10:00:00,11:00:00,12:00:00,13:00:00,14:00:00,15:00:00,16:00:00,17:00:00,18:00:00,19:00:00,20:00:00,21:00:00,22:00:00,23:00:00
1,166.0,110,127.0,148.0,121,105,111.0,107.0,107.0,107.0,103.0,98.0,93.0,83.0,88.0,83.0,98.0,95.0,81.0,74.0,98.0,87.0,73.0,45.0
2,36.0,35,35.0,42.0,46,51,49.0,56.0,48.0,48.0,58.0,56.0,124.0,55.0,70.0,55.0,37.0,16.0,37.0,37.0,44.0,69.0,80.0,86.0
3,103.0,100,78.0,84.0,91,77,74.0,,89.0,87.0,83.0,121.0,144.0,114.0,100.0,72.0,,58.0,52.0,56.0,81.0,86.0,81.0,84.0
4,74.0,77,75.0,98.0,101,107,109.0,108.0,112.0,117.0,131.0,108.0,76.0,97.0,80.0,73.0,41.0,40.0,40.0,44.0,81.0,73.0,105.0,
5,101.0,61,47.0,48.0,63,90,85.0,77.0,49.0,71.0,83.0,82.0,79.0,79.0,83.0,67.0,38.0,37.0,37.0,54.0,120.0,59.0,63.0,71.0
6,101.0,75,79.0,94.0,96,99,104.0,101.0,115.0,128.0,119.0,102.0,89.0,91.0,68.0,56.0,97.0,137.0,209.0,241.0,313.0,307.0,298.0,285.0
7,302.0,301,264.0,178.0,153,114,115.0,134.0,137.0,180.0,180.0,180.0,181.0,211.0,184.0,195.0,180.0,159.0,304.0,224.0,191.0,200.0,197.0,206.0
8,237.0,272,244.0,215.0,187,189,182.0,192.0,173.0,217.0,170.0,167.0,328.0,324.0,210.0,147.0,137.0,195.0,163.0,155.0,176.0,167.0,,219.0
9,237.0,206,199.0,152.0,126,123,,,,,,173.0,,141.0,143.0,140.0,183.0,180.0,161.0,185.0,200.0,180.0,183.0,209.0
10,247.0,284,260.0,243.0,201,175,190.0,183.0,183.0,140.0,,150.0,163.0,,119.0,110.0,120.0,127.0,143.0,183.0,157.0,,175.0,200.0
11,,252,176.0,170.0,169,142,122.0,107.0,153.0,137.0,,,147.0,123.0,136.0,,151.0,156.0,146.0,136.0,135.0,127.0,127.0,147.0
12,173.0,214,253.0,201.0,207,211,192.0,167.0,180.0,157.0,123.0,113.0,115.0,122.0,128.0,125.0,124.0,124.0,113.0,111.0,107.0,113.0,120.0,115.0
13,130.0,133,147.0,174.0,183,180,177.0,168.0,184.0,212.0,200.0,217.0,185.0,133.0,117.0,109.0,127.0,133.0,88.0,72.0,78.0,79.0,92.0,96.0
14,109.0,109,116.0,123.0,117,105,101.0,119.0,104.0,123.0,148.0,200.0,150.0,220.0,207.0,34.0,35.0,203.0,190.0,207.0,157.0,120.0,137.0,143.0
15,180.0,153,93.0,92.0,103,130,153.0,167.0,197.0,167.0,,243.0,300.0,280.0,200.0,,130.0,137.0,143.0,177.0,177.0,123.0,115.0,133.0
16,132.0,153,143.0,160.0,187,237,302.0,307.0,280.0,301.0,273.0,260.0,311.0,300.0,303.0,260.0,280.0,257.0,220.0,167.0,160.0,,170.0,210.0
17,273.0,253,203.0,270.0,300,280,217.0,183.0,160.0,203.0,160.0,183.0,351.0,300.0,200.0,240.0,304.0,253.0,203.0,207.0,190.0,187.0,183.0,250.0
18,253.0,310,270.0,300.0,283,277,,210.0,247.0,273.0,247.0,253.0,260.0,203.0,167.0,210.0,233.0,263.0,47.0,233.0,207.0,230.0,150.0,200.0
19,237.0,283,223.0,283.0,163,163,253.0,190.0,183.0,233.0,147.0,137.0,127.0,125.0,130.0,108.0,109.0,112.0,122.0,134.0,150.0,119.0,127.0,140.0
20,213.0,227,163.0,127.0,130,130,127.0,120.0,125.0,143.0,160.0,137.0,40.0,193.0,227.0,233.0,190.0,207.0,243.0,303.0,167.0,140.0,130.0,143.0
21,160.0,321,200.0,210.0,223,250,180.0,193.0,223.0,267.0,333.0,253.0,263.0,217.0,220.0,217.0,170.0,153.0,110.0,116.0,,108.0,105.0,110.0
22,122.0,128,127.0,170.0,227,253,253.0,280.0,263.0,267.0,263.0,308.0,320.0,314.0,220.0,200.0,143.0,133.0,112.0,111.0,110.0,117.0,113.0,124.0
23,122.0,197,157.0,200.0,177,180,200.0,,147.0,180.0,240.0,313.0,290.0,260.0,197.0,119.0,103.0,98.0,101.0,103.0,102.0,102.0,98.0,96.0
24,94.0,109,120.0,104.0,107,115,,104.0,113.0,115.0,130.0,220.0,267.0,144.0,80.0,70.0,62.0,42.0,37.0,37.0,23.0,39.0,38.0,58.0
25,66.0,76,75.0,,74,78,93.0,89.0,78.0,79.0,101.0,95.0,93.0,,79.0,92.0,103.0,87.0,99.0,107.0,,,93.0,91.0
26,118.0,160,163.0,153.0,157,147,137.0,200.0,160.0,200.0,167.0,153.0,123.0,,117.0,103.0,103.0,99.0,95.0,123.0,119.0,130.0,143.0,187.0
27,203.0,237,250.0,207.0,230,170,163.0,153.0,180.0,200.0,,127.0,140.0,121.0,121.0,,120.0,110.0,104.0,111.0,123.0,115.0,123.0,190.0
28,170.0,153,,127.0,150,133,134.0,227.0,253.0,233.0,230.0,210.0,180.0,140.0,117.0,157.0,197.0,137.0,,111.0,115.0,,124.0,157.0
29,167.0,130,121.0,118.0,106,65,72.0,78.0,,102.0,101.0,104.0,109.0,100.0,117.0,96.0,93.0,97.0,100.0,100.0,101.0,101.0,106.0,110.0
30,112.0,131,131.0,116.0,111,107,109.0,111.0,110.0,108.0,108.0,115.0,122.0,125.0,116.0,107.0,107.0,109.0,114.0,109.0,110.0,107.0,115.0,157.0
31,180.0,150,140.0,126.0,130,121,113.0,108.0,102.0,101.0,105.0,114.0,110.0,100.0,,93.0,,,,,,,,
"
"
Year,2022
January-2022,00:00:00,01:00:00,02:00:00,03:00:00,04:00:00,05:00:00,06:00:00,07:00:00,08:00:00,09:00:00,10:00:00,11:00:00,12:00:00,13:00:00,14:00:00,15:00:00,16:00:00,17:00:00,18:00:00,19:00:00,20:00:00,21:00:00,22:00:00,23:00:00
1,,,,,,,,,,,,,,101.0,120.0,128.0,123.0,111.0,103.0,100.0,103.0,99.0,90.0,98.0
2,112.0,127.0,140.0,173.0,133.0,120.0,118.0,106.0,100.0,97.0,99.0,104.0,111.0,,122.0,122.0,116.0,101.0,100.0,107.0,114.0,96.0,98.0,110.0
3,117.0,134.0,137.0,143.0,147.0,130.0,117.0,,133.0,120.0,115.0,119.0,137.0,120.0,87.0,92.0,,107.0,101.0,94.0,95.0,101.0,127.0,160.0
4,177.0,302.0,117.0,283.0,237.0,293.0,,305.0,240.0,305.0,318.0,330.0,240.0,128.0,160.0,,167.0,133.0,110.0,107.0,105.0,120.0,97.0,133.0
5,125.0,124.0,131.0,121.0,110.0,,111.0,115.0,127.0,153.0,173.0,162.0,237.0,210.0,220.0,227.0,213.0,190.0,183.0,147.0,120.0,113.0,110.0,101.0
6,98.0,97.0,114.0,111.0,123.0,117.0,94.0,94.0,99.0,116.0,213.0,200.0,217.0,160.0,75.0,70.0,74.0,74.0,68.0,67.0,67.0,108.0,133.0,133.0
7,143.0,147.0,134.0,140.0,150.0,,139.0,180.0,167.0,153.0,131.0,173.0,297.0,257.0,117.0,100.0,101.0,98.0,95.0,80.0,87.0,70.0,68.0,62.0
8,55.0,56.0,64.0,68.0,62.0,91.0,95.0,97.0,106.0,88.0,59.0,53.0,82.0,92.0,53.0,56.0,69.0,74.0,78.0,78.0,67.0,58.0,53.0,72.0
9,86.0,83.0,80.0,85.0,96.0,77.0,71.0,76.0,71.0,53.0,56.0,64.0,63.0,69.0,71.0,71.0,73.0,69.0,65.0,63.0,57.0,60.0,59.0,53.0
10,49.0,49.0,44.0,47.0,60.0,63.0,59.0,63.0,71.0,83.0,105.0,106.0,117.0,138.0,72.0,63.0,76.0,43.0,59.0,62.0,66.0,37.0,74.0,76.0
11,76.0,,88.0,,92.0,65.0,143.0,136.0,104.0,103.0,113.0,136.0,156.0,159.0,117.0,86.0,86.0,,103.0,127.0,137.0,83.0,87.0,87.0
12,89.0,92.0,88.0,102.0,97.0,90.0,90.0,78.0,,99.0,83.0,86.0,90.0,112.0,119.0,106.0,95.0,89.0,87.0,,,,,
13,,,,,,,,,,,,,,,,,,,,,,,,
14,,,,,,,,,,,,,216.0,206.0,266.0,167.0,119.0,102.0,113.0,,103.0,106.0,105.0,104.0
15,103.0,108.0,115.0,118.0,121.0,156.0,121.0,114.0,128.0,142.0,133.0,121.0,119.0,122.0,122.0,126.0,127.0,109.0,114.0,107.0,107.0,101.0,105.0,115.0
16,143.0,227.0,210.0,166.0,115.0,107.0,106.0,112.0,109.0,105.0,105.0,109.0,113.0,121.0,115.0,99.0,139.0,113.0,97.0,105.0,120.0,103.0,95.0,100.0
17,113.0,152.0,166.0,156.0,116.0,109.0,,,97.0,,,127.0,210.0,203.0,,,163.0,167.0,,108.0,120.0,120.0,118.0,113.0
18,113.0,177.0,203.0,137.0,153.0,163.0,153.0,124.0,190.0,230.0,197.0,163.0,143.0,163.0,173.0,147.0,98.0,113.0,103.0,107.0,133.0,111.0,96.0,102.0
19,112.0,114.0,132.0,142.0,150.0,130.0,143.0,160.0,163.0,190.0,191.0,193.0,230.0,287.0,207.0,140.0,123.0,107.0,89.0,190.0,120.0,143.0,137.0,137.0
20,116.0,110.0,117.0,120.0,117.0,116.0,123.0,105.0,81.0,98.0,106.0,91.0,75.0,80.0,80.0,77.0,78.0,74.0,71.0,85.0,63.0,59.0,57.0,56.0
21,56.0,58.0,71.0,98.0,68.0,77.0,109.0,200.0,203.0,200.0,186.0,339.0,203.0,118.0,80.0,62.0,59.0,58.0,67.0,71.0,73.0,75.0,75.0,72.0
22,61.0,62.0,60.0,30.0,62.0,54.0,53.0,46.0,57.0,108.0,260.0,217.0,142.0,87.0,41.0,46.0,70.0,73.0,72.0,90.0,81.0,64.0,67.0,78.0
23,87.0,95.0,110.0,91.0,85.0,119.0,301.0,349.0,500.0,500.0,500.0,500.0,500.0,500.0,500.0,500.0,500.0,461.0,426.0,417.0,413.0,406.0,352.0,326.0
24,323.0,312.0,283.0,324.0,329.0,325.0,361.0,392.0,402.0,405.0,408.0,412.0,382.0,337.0,338.0,320.0,308.0,308.0,277.0,260.0,217.0,210.0,227.0,302.0
25,301.0,323.0,220.0,240.0,250.0,217.0,260.0,263.0,304.0,309.0,302.0,306.0,333.0,36.0,322.0,322.0,332.0,325.0,322.0,310.0,305.0,309.0,313.0,312.0
26,314.0,316.0,313.0,306.0,263.0,230.0,233.0,220.0,227.0,213.0,250.0,280.0,302.0,300.0,306.0,287.0,280.0,240.0,257.0,233.0,200.0,147.0,130.0,160.0
27,237.0,283.0,223.0,250.0,270.0,310.0,305.0,207.0,237.0,270.0,190.0,177.0,200.0,237.0,207.0,180.0,200.0,207.0,187.0,,,,,
28,,,,,,,,,,112.0,137.0,217.0,153.0,141.0,132.0,130.0,,,,,,,113.0,116.0
29,117.0,117.0,167.0,243.0,142.0,121.0,117.0,127.0,111.0,127.0,120.0,220.0,173.0,190.0,165.0,133.0,150.0,160.0,120.0,87.0,109.0,104.0,103.0,
30,,,,,,,,,,,,,,,,,,,,,,,,
31,,,,,,,,,,,,,306.0,177.0,143.0,98.0,97.0,97.0,96.0,,,127.0,173.0,237.0
"
"
February-2022,00:00:00,01:00:00,02:00:00,03:00:00,04:00:00,05:00:00,06:00:00,07:00:00,08:00:00,09:00:00,10:00:00,11:00:00,12:00:00,13:00:00,14:00:00,15:00:00,16:00:00,17:00:00,18:00:00,19:00:00,20:00:00,21:00:00,22:00:00,23:00:00
1,223.0,210,247,170.0,130.0,104.0,91,93,132.0,308,177.0,137.0,187.0,42.0,21.0,80.0,77.0,78.0,74.0,87.0,98.0,104.0,103.0,102
2,103.0,105,111,,,,121,124,126.0,130,207.0,210.0,267.0,267.0,163.0,150.0,120.0,110.0,98.0,107.0,157.0,130.0,121.0,308
3,313.0,283,240,122.0,119.0,114.0,111,116,134.0,283,297.0,190.0,173.0,119.0,103.0,76.0,76.0,73.0,69.0,74.0,104.0,97.0,71.0,66
4,70.0,82,93,100.0,108.0,128.0,173,213,180.0,163,302.0,312.0,273.0,200.0,150.0,146.0,150.0,171.0,217.0,220.0,237.0,302.0,308.0,303
5,304.0,306,300,297.0,247.0,260.0,293,317,308.0,311,312.0,338.0,301.0,,,273.0,267.0,,223.0,203.0,243.0,,243.0,32
6,313.0,290,183,193.0,179.0,187.0,197,203,293.0,332,257.0,285.0,263.0,256.0,250.0,223.0,240.0,193.0,181.0,190.0,200.0,179.0,190.0,200
7,207.0,173,152,167.0,139.0,140.0,142,147,155.0,280,,23.0,24.0,145.0,137.0,119.0,111.0,117.0,126.0,118.0,120.0,106.0,109.0,113
8,108.0,98,89,91.0,93.0,101.0,104,106,112.0,240,128.0,133.0,115.0,93.0,90.0,90.0,71.0,61.0,54.0,51.0,117.0,116.0,72.0,78
9,78.0,61,77,68.0,74.0,84.0,107,117,145.0,158,143.0,250.0,130.0,108.0,73.0,68.0,72.0,78.0,78.0,85.0,110.0,114.0,117.0,130
10,131.0,257,150,166.0,173.0,151.0,125,115,117.0,123,143.0,128.0,126.0,117.0,119.0,122.0,113.0,117.0,131.0,130.0,122.0,124.0,120.0,133
11,213.0,253,230,203.0,158.0,130.0,124,121,153.0,154,131.0,126.0,141.0,159.0,158.0,143.0,126.0,111.0,113.0,140.0,111.0,119.0,124.0,126
12,134.0,143,157,144.0,134.0,135.0,127,125,122.0,118,253.0,114.0,230.0,173.0,156.0,150.0,121.0,157.0,94.0,107.0,187.0,120.0,107.0,153
13,140.0,190,161,163.0,161.0,163.0,160,137,131.0,253,183.0,237.0,210.0,280.0,153.0,106.0,95.0,105.0,111.0,109.0,103.0,83.0,72.0,83
14,86.0,85,100,108.0,108.0,108.0,93,87,101.0,129,141.0,130.0,131.0,230.0,180.0,95.0,83.0,93.0,101.0,91.0,92.0,104.0,115.0,120
15,117.0,120,100,79.0,83.0,78.0,67,64,61.0,67,81.0,83.0,73.0,71.0,17.0,60.0,62.0,62.0,58.0,65.0,70.0,70.0,66.0,65
16,81.0,87,85,77.0,53.0,40.0,72,77,146.0,240,312.0,197.0,94.0,52.0,43.0,47.0,46.0,40.0,43.0,53.0,46.0,40.0,49.0,56
17,60.0,68,54,72.0,72.0,55.0,43,62,69.0,66,83.0,100.0,150.0,87.0,65.0,59.0,46.0,50.0,70.0,48.0,99.0,106.0,67.0,77
18,107.0,119,103,74.0,95.0,68.0,81,126,127.0,110,273.0,153.0,108.0,84.0,73.0,70.0,72.0,70.0,76.0,77.0,102.0,220.0,111.0,126
19,133.0,123,104,83.0,98.0,117.0,146,177,239.0,312,310.0,243.0,183.0,113.0,86.0,85.0,177.0,82.0,103.0,80.0,90.0,100.0,97.0,102
20,101.0,190,96,82.0,78.0,75.0,80,90,113.0,115,122.0,123.0,118.0,111.0,88.0,99.0,101.0,102.0,103.0,94.0,90.0,97.0,95.0,99
21,,132,134,116.0,,126.0,118,110,,118,181.0,184.0,157.0,130.0,89.0,108.0,95.0,61.0,102.0,106.0,87.0,119.0,119.0,121
22,132.0,93,124,105.0,121.0,117.0,89,100,110.0,247,295.0,308.0,267.0,240.0,142.0,103.0,85.0,60.0,59.0,62.0,65.0,62.0,58.0,56
23,59.0,61,78,110.0,100.0,139.0,165,155,154.0,155,141.0,270.0,143.0,94.0,79.0,103.0,89.0,49.0,45.0,47.0,53.0,68.0,130.0,167
24,144.0,154,220,131.0,113.0,93.0,105,106,108.0,112,283.0,143.0,113.0,133.0,,,,,,,,139.0,144.0,142
25,227.0,142,150,128.0,128.0,140.0,157,163,175.0,243,293.0,352.0,319.0,280.0,210.0,207.0,230.0,257.0,207.0,197.0,306.0,287.0,273.0,233
26,290.0,210,180,273.0,210.0,177.0,150,137,141.0,233,217.0,312.0,267.0,193.0,173.0,150.0,160.0,140.0,163.0,137.0,200.0,153.0,144.0,138
27,131.0,131,130,127.0,120.0,113.0,119,124,122.0,139,173.0,,,,,,,,,,,,,190
28,193.0,157,250,193.0,203.0,197.0,150,143,163.0,160,170.0,312.0,293.0,237.0,187.0,155.0,162.0,128.0,144.0,150.0,144.0,135.0,128.0,128
"
"
March-2022,00:00:00,01:00:00,02:00:00,03:00:00,04:00:00,05:00:00,06:00:00,07:00:00,08:00:00,09:00:00,10:00:00,11:00:00,12:00:00,13:00:00,14:00:00,15:00:00,16:00:00,17:00:00,18:00:00,19:00:00,20:00:00,21:00:00,22:00:00,23:00:00
1,137.0,145.0,207.0,270.0,228.0,124.0,128.0,141.0,142.0,175.0,227.0,284,304,200.0,190.0,159.0,154,237,250,138,193.0,203,163,161.0
2,240.0,273.0,322.0,308.0,144.0,155.0,121.0,133.0,155.0,256.0,370.0,389,351,225.0,210.0,190.0,227,200,207,130,129.0,143,130,126.0
3,137.0,132.0,141.0,187.0,144.0,148.0,129.0,139.0,160.0,195.0,279.0,353,234,167.0,154.0,135.0,180,143,176,160,143.0,137,130,145.0
4,147.0,156.0,177.0,171.0,165.0,142.0,125.0,115.0,120.0,155.0,194.0,168,128,125.0,118.0,111.0,108,147,214,140,139.0,123,107,108.0
5,125.0,136.0,127.0,156.0,141.0,126.0,128.0,121.0,164.0,250.0,267.0,316,266,179.0,139.0,125.0,132,177,143,119,125.0,140,132,148.0
6,151.0,144.0,253.0,121.0,130.0,136.0,122.0,113.0,119.0,144.0,246.0,310,290,272.0,152.0,137.0,131,164,247,244,118.0,143,133,148.0
7,267.0,157.0,303.0,134.0,122.0,109.0,114.0,107.0,102.0,162.0,237.0,183,179,163.0,177.0,45.0,188,102,153,207,147.0,237,131,217.0
8,76.0,267.0,223.0,125.0,102.0,79.0,88.0,96.0,120.0,180.0,375.0,347,363,325.0,270.0,247.0,250,301,260,133,166.0,160,132,140.0
9,334.0,303.0,227.0,56.0,201.0,118.0,115.0,110.0,133.0,240.0,247.0,338,349,308.0,266.0,220.0,237,197,163,160,192.0,143,134,193.0
10,320.0,341.0,220.0,59.0,178.0,157.0,,,156.0,265.0,334.0,353,307,201.0,215.0,229.0,144,146,125,123,127.0,114,109,117.0
11,133.0,158.0,203.0,139.0,145.0,157.0,138.0,135.0,151.0,177.0,,306,218,195.0,140.0,133.0,190,130,123,122,127.0,137,146,240.0
12,190.0,167.0,197.0,263.0,119.0,117.0,120.0,111.0,105.0,102.0,127.0,301,137,132.0,118.0,115.0,109,103,105,109,99.0,97,111,253.0
13,220.0,137.0,107.0,80.0,94.0,110.0,126.0,232.0,309.0,318.0,312.0,340,183,144.0,148.0,,115,123,124,114,106.0,104,105,98.0
14,,,,,,,,,,,210.0,305,200,131.0,113.0,127.0,114,81,110,106,125.0,139,143,
15,183.0,170.0,233.0,319.0,127.0,87.0,100.0,107.0,119.0,178.0,342.0,432,399,318.0,197.0,167.0,133,173,150,190,243.0,200,148,135.0
16,177.0,177.0,114.0,94.0,99.0,103.0,101.0,101.0,120.0,153.0,124.0,190,283,122.0,104.0,105.0,130,137,138,180,200.0,138,213,110.0
17,338.0,398.0,240.0,98.0,68.0,117.0,85.0,102.0,122.0,129.0,200.0,150,177,190.0,138.0,103.0,123,128,187,180,137.0,132,307,144.0
18,98.0,137.0,125.0,121.0,111.0,101.0,110.0,123.0,153.0,160.0,247.0,190,121,119.0,111.0,101.0,109,105,112,124,139.0,338,128,93.0
19,87.0,117.0,67.0,61.0,66.0,67.0,74.0,82.0,83.0,109.0,117.0,43,68,55.0,123.0,84.0,78,80,88,85,,96,79,81.0
20,90.0,87.0,73.0,72.0,69.0,71.0,70.0,70.0,77.0,160.0,99.0,101,90,77.0,79.0,89.0,97,103,104,103,115.0,136,152,159.0
21,277.0,168.0,227.0,136.0,122.0,115.0,124.0,145.0,153.0,,156.0,163,189,152.0,156.0,160.0,137,105,97,102,124.0,321,183,147.0
22,364.0,350.0,157.0,173.0,91.0,94.0,101.0,102.0,102.0,111.0,123.0,124,153,139.0,148.0,145.0,140,182,170,165,135.0,132,151,151.0
23,143.0,118.0,99.0,98.0,106.0,118.0,117.0,121.0,156.0,185.0,164.0,178,156,152.0,131.0,129.0,169,230,232,243,206.0,203,203,204.0
24,239.0,145.0,130.0,132.0,133.0,138.0,147.0,148.0,151.0,160.0,160.0,152,151,146.0,141.0,147.0,149,147,139,119,113.0,119,141,147.0
25,116.0,66.0,59.0,97.0,89.0,182.0,144.0,126.0,146.0,156.0,143.0,144,158,142.0,103.0,76.0,64,62,63,68,86.0,90,95,105.0
26,108.0,82.0,74.0,78.0,79.0,80.0,87.0,82.0,79.0,84.0,95.0,104,112,102.0,101.0,98.0,99,98,87,81,122.0,105,86,82.0
27,86.0,80.0,88.0,109.0,100.0,83.0,82.0,85.0,97.0,94.0,132.0,125,118,108.0,93.0,80.0,90,94,91,92,115.0,114,110,99.0
28,93.0,93.0,103.0,102.0,88.0,82.0,59.0,62.0,63.0,64.0,70.0,71,68,,,77.0,81,75,95,92,101.0,103,96,100.0
29,100.0,101.0,98.0,113.0,105.0,104.0,100.0,112.0,124.0,126.0,121.0,120,122,113.0,100.0,96.0,101,104,105,102,107.0,144,118,58.0
30,184.0,108.0,109.0,160.0,123.0,115.0,114.0,120.0,155.0,149.0,116.0,180,115,,112.0,107.0,92,83,76,77,95.0,88,68,72.0
31,75.0,86.0,92.0,84.0,79.0,77.0,78.0,73.0,72.0,108.0,131.0,92,77,70.0,67.0,61.0,103,142,142,135,140.0,154,150,154.0
"
"
April-2022,00:00:00,01:00:00,02:00:00,03:00:00,04:00:00,05:00:00,06:00:00,07:00:00,08:00:00,09:00:00,10:00:00,11:00:00,12:00:00,13:00:00,14:00:00,15:00:00,16:00:00,17:00:00,18:00:00,19:00:00,20:00:00,21:00:00,22:00:00,23:00:00
1,172.0,181.0,193.0,201.0,208.0,191.0,238.0,252.0,287.0,304.0,262.0,301,284,286,283.0,302,160,262,247,242,235,245.0,228,218
2,262.0,280.0,269.0,185.0,204.0,206.0,224.0,327.0,187.0,220.0,223.0,222,216,226,189.0,189,184,175,176,176,185,182.0,169,165
3,163.0,161.0,156.0,151.0,149.0,149.0,149.0,155.0,170.0,179.0,187.0,187,187,192,205.0,164,154,147,139,135,131,132.0,132,130
4,130.0,129.0,126.0,124.0,119.0,116.0,110.0,110.0,118.0,123.0,141.0,149,136,126,118.0,121,119,115,111,108,132,158.0,128,100
5,94.0,95.0,139.0,88.0,84.0,82.0,80.0,189.0,102.0,97.0,101.0,102,103,107,113.0,106,104,100,98,99,103,103.0,100,88
6,82.0,84.0,84.0,87.0,85.0,83.0,80.0,91.0,94.0,94.0,87.0,91,96,96,103.0,101,99,102,101,93,90,93.0,87,82
7,84.0,78.0,67.0,57.0,57.0,58.0,58.0,70.0,81.0,77.0,81.0,102,103,97,87.0,78,79,81,80,80,122,97.0,71,69
8,72.0,74.0,60.0,63.0,64.0,54.0,66.0,68.0,67.0,94.0,94.0,81,83,79,76.0,72,76,107,86,155,122,80.0,63,58
9,75.0,68.0,27.0,55.0,56.0,58.0,55.0,52.0,54.0,57.0,64.0,59,78,53,59.0,53,60,77,72,76,66,64.0,78,65
10,63.0,62.0,63.0,60.0,60.0,60.0,59.0,55.0,60.0,62.0,61.0,58,67,59,59.0,62,66,100,71,63,89,68.0,60,74
11,58.0,54.0,52.0,52.0,52.0,52.0,50.0,49.0,62.0,55.0,54.0,167,95,69,78.0,75,67,75,84,80,73,85.0,81,92
12,118.0,129.0,100.0,86.0,79.0,89.0,90.0,98.0,121.0,144.0,130.0,116,235,111,94.0,84,81,84,84,83,83,,75,147
13,68.0,66.0,64.0,,63.0,68.0,,94.0,,132.0,,308,181,125,,83,95,103,100,99,101,102.0,107,102
14,101.0,,62.0,113.0,59.0,55.0,54.0,64.0,73.0,78.0,68.0,133,88,69,66.0,66,68,74,80,82,73,88.0,86,70
15,66.0,64.0,65.0,70.0,64.0,63.0,63.0,60.0,72.0,78.0,72.0,89,88,75,70.0,67,70,77,76,72,92,84.0,74,77
16,80.0,86.0,82.0,113.0,78.0,62.0,73.0,100.0,109.0,99.0,96.0,103,98,92,88.0,88,98,94,127,90,91,84.0,81,80
17,83.0,78.0,74.0,71.0,67.0,78.0,78.0,75.0,75.0,84.0,82.0,77,75,77,76.0,76,75,76,79,78,79,83.0,81,76
18,73.0,74.0,72.0,73.0,68.0,63.0,59.0,65.0,75.0,75.0,67.0,67,71,71,69.0,74,73,71,76,82,77,73.0,74,77
19,74.0,83.0,100.0,80.0,65.0,78.0,77.0,75.0,80.0,99.0,111.0,203,107,74,71.0,77,78,77,81,82,90,93.0,93,80
20,72.0,74.0,130.0,65.0,59.0,53.0,52.0,57.0,72.0,82.0,84.0,89,90,68,72.0,70,66,73,83,87,109,116.0,109,111
21,105.0,107.0,96.0,91.0,94.0,106.0,103.0,102.0,124.0,,128.0,229,129,141,127.0,140,200,137,111,109,102,92.0,93,97
22,103.0,104.0,107.0,84.0,86.0,88.0,89.0,93.0,90.0,89.0,103.0,230,153,128,140.0,122,112,111,107,110,150,157.0,147,99
23,103.0,85.0,123.0,136.0,90.0,95.0,96.0,67.0,106.0,111.0,122.0,140,300,167,140.0,114,107,104,104,186,104,82.0,88,83
24,82.0,125.0,72.0,48.0,63.0,64.0,66.0,67.0,63.0,73.0,71.0,81,83,60,66.0,70,70,71,72,71,66,95.0,80,80
25,89.0,91.0,59.0,69.0,80.0,83.0,93.0,120.0,135.0,154.0,137.0,129,108,102,100.0,93,117,129,117,116,131,104.0,121,108
26,114.0,,86.0,61.0,,80.0,60.0,52.0,,78.0,82.0,131,83,61,68.0,67,62,59,53,55,84,79.0,103,97
27,72.0,93.0,50.0,46.0,38.0,38.0,42.0,56.0,130.0,94.0,116.0,129,99,67,67.0,58,60,70,87,108,107,95.0,94,96
28,96.0,86.0,82.0,82.0,71.0,65.0,70.0,78.0,101.0,105.0,104.0,101,93,88,75.0,65,70,70,72,125,102,75.0,69,64
29,62.0,61.0,62.0,59.0,56.0,54.0,53.0,52.0,53.0,57.0,62.0,58,56,58,63.0,70,78,85,86,98,93,79.0,76,75
30,,,,,,,,,,,82.0,107,67,50,48.0,54,54,54,62,60,77,64.0,47,42
"
"
May-2022,00:00:00,01:00:00,02:00:00,03:00:00,04:00:00,05:00:00,06:00:00,07:00:00,08:00:00,09:00:00,10:00:00,11:00:00,12:00:00,13:00:00,14:00:00,15:00:00,16:00:00,17:00:00,18:00:00,19:00:00,20:00:00,21:00:00,22:00:00,23:00:00
1,45.0,44.0,27.0,41.0,36.0,32.0,34.0,40.0,44.0,55.0,51.0,46.0,42.0,46.0,48.0,50.0,48.0,45.0,47.0,49.0,70.0,66.0,48.0,43.0
2,42.0,45.0,39.0,40.0,38.0,37.0,38.0,43.0,50.0,49.0,47.0,46.0,35.0,51.0,28.0,63.0,64.0,67.0,67.0,86.0,108.0,96.0,65.0,64.0
3,68.0,76.0,72.0,64.0,82.0,69.0,,66.0,79.0,79.0,82.0,343.0,110.0,75.0,78.0,75.0,69.0,70.0,78.0,80.0,93.0,99.0,84.0,75.0
4,71.0,74.0,78.0,81.0,88.0,92.0,91.0,96.0,113.0,113.0,108.0,110.0,109.0,109.0,104.0,106.0,107.0,96.0,101.0,99.0,98.0,98.0,94.0,89.0
5,83.0,83.0,84.0,82.0,82.0,83.0,90.0,99.0,111.0,113.0,104.0,167.0,101.0,103.0,104.0,98.0,94.0,,18.0,88.0,95.0,100.0,94.0,93.0
6,90.0,123.0,93.0,112.0,126.0,125.0,138.0,146.0,146.0,158.0,161.0,223.0,197.0,177.0,170.0,160.0,173.0,177.0,180.0,150.0,148.0,160.0,150.0,134.0
7,203.0,,,,,,,,,,155.0,250.0,207.0,200.0,210.0,210.0,193.0,177.0,173.0,163.0,173.0,152.0,12.0,167.0
8,127.0,121.0,122.0,305.0,119.0,116.0,120.0,123.0,126.0,167.0,122.0,118.0,117.0,117.0,114.0,109.0,109.0,110.0,111.0,112.0,107.0,102.0,100.0,99.0
9,92.0,92.0,90.0,86.0,87.0,88.0,95.0,94.0,92.0,98.0,101.0,110.0,108.0,107.0,105.0,102.0,101.0,104.0,100.0,96.0,95.0,94.0,95.0,85.0
10,60.0,87.0,150.0,73.0,80.0,83.0,50.0,84.0,80.0,50.0,78.0,89.0,110.0,101.0,312.0,92.0,96.0,102.0,104.0,106.0,106.0,102.0,99.0,100.0
11,79.0,88.0,80.0,74.0,77.0,80.0,75.0,71.0,82.0,90.0,105.0,105.0,123.0,112.0,103.0,105.0,104.0,105.0,105.0,101.0,163.0,136.0,96.0,97.0
12,110.0,98.0,100.0,163.0,80.0,160.0,77.0,80.0,78.0,87.0,85.0,88.0,94.0,92.0,97.0,99.0,103.0,104.0,101.0,128.0,125.0,103.0,91.0,87.0
13,86.0,88.0,100.0,93.0,96.0,90.0,87.0,92.0,94.0,96.0,99.0,100.0,99.0,100.0,104.0,106.0,108.0,114.0,116.0,119.0,125.0,134.0,125.0,115.0
14,118.0,116.0,115.0,114.0,117.0,115.0,114.0,117.0,120.0,127.0,132.0,134.0,153.0,133.0,140.0,133.0,140.0,122.0,114.0,109.0,135.0,240.0,112.0,101.0
15,101.0,101.0,96.0,89.0,84.0,80.0,79.0,85.0,94.0,95.0,95.0,95.0,95.0,99.0,103.0,103.0,105.0,100.0,89.0,103.0,106.0,108.0,101.0,91.0
16,93.0,93.0,84.0,80.0,82.0,87.0,92.0,97.0,96.0,102.0,105.0,108.0,122.0,123.0,124.0,128.0,120.0,123.0,124.0,117.0,107.0,102.0,96.0,97.0
17,102.0,108.0,213.0,126.0,133.0,144.0,153.0,159.0,177.0,193.0,217.0,302.0,277.0,270.0,207.0,203.0,203.0,180.0,174.0,183.0,165.0,176.0,213.0,167.0
18,197.0,240.0,180.0,173.0,230.0,193.0,253.0,257.0,267.0,303.0,300.0,280.0,306.0,315.0,413.0,274.0,315.0,364.0,360.0,326.0,271.0,209.0,187.0,187.0
19,195.0,199.0,203.0,228.0,249.0,230.0,215.0,229.0,240.0,232.0,257.0,302.0,253.0,227.0,230.0,223.0,227.0,230.0,213.0,177.0,190.0,257.0,195.0,156.0
20,157.0,163.0,153.0,147.0,150.0,146.0,142.0,140.0,141.0,147.0,156.0,153.0,146.0,147.0,141.0,142.0,143.0,143.0,140.0,138.0,138.0,138.0,134.0,224.0
21,211.0,128.0,123.0,121.0,121.0,118.0,115.0,114.0,115.0,115.0,114.0,115.0,115.0,118.0,121.0,117.0,120.0,138.0,120.0,111.0,117.0,107.0,96.0,90.0
22,91.0,100.0,92.0,20.0,82.0,82.0,79.0,81.0,81.0,76.0,80.0,187.0,84.0,80.0,,,,,,,,75.0,100.0,66.0
23,61.0,58.0,54.0,54.0,53.0,48.0,48.0,52.0,55.0,55.0,56.0,66.0,68.0,65.0,68.0,62.0,65.0,67.0,64.0,63.0,69.0,62.0,50.0,53.0
24,52.0,50.0,52.0,52.0,50.0,51.0,49.0,52.0,55.0,59.0,61.0,75.0,65.0,61.0,66.0,65.0,67.0,66.0,70.0,72.0,146.0,60.0,63.0,58.0
25,58.0,58.0,54.0,55.0,52.0,54.0,56.0,62.0,60.0,61.0,65.0,65.0,64.0,75.0,74.0,65.0,65.0,,71.0,140.0,136.0,75.0,82.0,80.0
26,71.0,72.0,70.0,66.0,60.0,56.0,58.0,61.0,70.0,77.0,130.0,74.0,77.0,77.0,68.0,65.0,66.0,64.0,62.0,60.0,69.0,124.0,110.0,87.0
27,57.0,50.0,49.0,47.0,44.0,46.0,47.0,50.0,61.0,54.0,64.0,59.0,61.0,60.0,53.0,52.0,61.0,60.0,56.0,56.0,119.0,84.0,51.0,47.0
28,49.0,47.0,47.0,46.0,46.0,41.0,38.0,46.0,47.0,51.0,58.0,72.0,61.0,47.0,45.0,49.0,52.0,47.0,35.0,35.0,122.0,92.0,36.0,32.0
29,32.0,32.0,34.0,,40.0,41.0,45.0,50.0,49.0,56.0,61.0,55.0,55.0,61.0,64.0,64.0,62.0,66.0,62.0,62.0,120.0,99.0,55.0,55.0
30,52.0,47.0,47.0,48.0,48.0,53.0,,56.0,,,,,,,,,,37.0,42.0,,,,,
31,,33.0,36.0,23.0,28.0,30.0,40.0,36.0,33.0,43.0,53.0,47.0,52.0,54.0,61.0,53.0,48.0,49.0,52.0,58.0,76.0,45.0,40.0,37.0
"
"
June-2022,00:00:00,01:00:00,02:00:00,03:00:00,04:00:00,05:00:00,06:00:00,07:00:00,08:00:00,09:00:00,10:00:00,11:00:00,12:00:00,13:00:00,14:00:00,15:00:00,16:00:00,17:00:00,18:00:00,19:00:00,20:00:00,21:00:00,22:00:00,23:00:00
1,36.0,32.0,37.0,31.0,45.0,67.0,41.0,33.0,45.0,45.0,42.0,44.0,68.0,60.0,47.0,53.0,48.0,47.0,54.0,58.0,62.0,82.0,84.0,79.0
2,88.0,120.0,54.0,54.0,44.0,49.0,53.0,49.0,51.0,42.0,44.0,48.0,69.0,61.0,57.0,52.0,63.0,64.0,67.0,72.0,73.0,209.0,73.0,98.0
3,71.0,68.0,61.0,46.0,42.0,45.0,43.0,45.0,55.0,59.0,64.0,71.0,63.0,71.0,67.0,71.0,56.0,62.0,55.0,65.0,58.0,86.0,85.0,66.0
4,62.0,64.0,40.0,42.0,47.0,38.0,32.0,47.0,32.0,63.0,27.0,23.0,35.0,38.0,35.0,42.0,37.0,37.0,48.0,34.0,39.0,,43.0,27.0
5,,30.0,21.0,28.0,,20.0,21.0,42.0,,28.0,28.0,26.0,30.0,28.0,28.0,37.0,30.0,28.0,33.0,28.0,33.0,52.0,48.0,43.0
6,43.0,40.0,20.0,23.0,35.0,38.0,28.0,27.0,33.0,35.0,25.0,32.0,27.0,37.0,30.0,38.0,38.0,45.0,73.0,45.0,82.0,35.0,45.0,55.0
7,48.0,40.0,23.0,23.0,28.0,28.0,20.0,35.0,52.0,40.0,37.0,30.0,32.0,38.0,28.0,32.0,42.0,33.0,44.0,50.0,114.0,113.0,18.0,45.0
8,33.0,30.0,20.0,32.0,32.0,27.0,26.0,27.0,41.0,38.0,23.0,55.0,29.0,33.0,31.0,55.0,55.0,52.0,50.0,82.0,,,,
9,,,,,,,,,,,,,,,,,,,,,,,,
10,,,,,,,,,,,,,,,,,,,,,,,,
11,,,,,,,,,,,,,,,,,,,,,,,,
12,,,,,,,,,,,,,,,,,,,,,,,,
13,,,,,,,,,,,,,,,,,,,,,,,,
14,,,,,,,,,,,,,,,,,,,,,,,,
15,,,,,,,,,,,,,,,,,,,,,,,,
16,,,,,,,,,,,,,,,,,,,,,,,,
17,,,,,,,,,,,,,,,,,,,42.0,22.0,27.0,38.0,45.0,46.0
18,43.0,,40.0,70.0,,,47.0,60.0,45.0,,,,,,,,,,,,,,,
19,,,,,,,,,,,,,,,,,,,,,,,,
20,,,,,,,,,,,,,,,,,,,,,,,,
21,,,,,,,,,,,,,,,,,,,,,,,,
22,,,,,,,,,,,,,,,,,,,,,,,,
23,,,,,,,,,,,,,,,,,,,,,,,,
24,,,,,,,,,,,,,,,,,,,,32.0,,,,
25,,,,,,,,,,,,,34.0,,,,,,,,11.0,,,
26,,,,,,36.0,,,,,,,,2.0,,,,,,,,,33.0,
27,,,,,,,,,,,,,,,,,,,,,,,,
28,,,,,,,,,,,,,,,,,,,,,,,,
29,,,,,,,,,,,,,,37.0,40.0,39.0,41.0,42.0,35.0,34.0,38.0,35.0,32.0,31.0
30,32.0,43.0,30.0,30.0,30.0,30.0,31.0,31.0,33.0,33.0,38.0,36.0,31.0,35.0,28.0,29.0,29.0,29.0,28.0,26.0,25.0,25.0,25.0,24.0
"
"
July-2022,00:00:00,01:00:00,02:00:00,03:00:00,04:00:00,05:00:00,06:00:00,07:00:00,08:00:00,09:00:00,10:00:00,11:00:00,12:00:00,13:00:00,14:00:00,15:00:00,16:00:00,17:00:00,18:00:00,19:00:00,20:00:00,21:00:00,22:00:00,23:00:00
1,42.0,24.0,24.0,38.0,25.0,58.0,46.0,26.0,26.0,25.0,26.0,26.0,29.0,31.0,42.0,34.0,42.0,36.0,40.0,43.0,58.0,63.0,57.0,58.0
2,55.0,58.0,78.0,71.0,73.0,86.0,93.0,94.0,91.0,92.0,106.0,89.0,95.0,94.0,85.0,68.0,70.0,80.0,72.0,71.0,80.0,66.0,61.0,61.0
3,69.0,69.0,66.0,64.0,66.0,42.0,35.0,33.0,71.0,76.0,80.0,78.0,80.0,84.0,82.0,84.0,72.0,69.0,67.0,73.0,72.0,73.0,62.0,56.0
4,56.0,50.0,48.0,45.0,41.0,41.0,44.0,42.0,43.0,43.0,42.0,46.0,45.0,43.0,45.0,48.0,55.0,51.0,44.0,33.0,32.0,34.0,34.0,33.0
5,,,,,,,,,,,,45.0,40.0,38.0,43.0,46.0,49.0,49.0,43.0,46.0,46.0,41.0,38.0,41.0
6,46.0,38.0,33.0,32.0,28.0,34.0,35.0,35.0,36.0,43.0,51.0,56.0,44.0,44.0,60.0,52.0,54.0,49.0,41.0,43.0,44.0,37.0,36.0,27.0
7,30.0,38.0,30.0,37.0,41.0,39.0,41.0,48.0,44.0,42.0,40.0,43.0,50.0,48.0,53.0,62.0,61.0,68.0,78.0,88.0,85.0,82.0,79.0,65.0
8,60.0,68.0,68.0,55.0,67.0,81.0,82.0,77.0,69.0,54.0,57.0,57.0,61.0,65.0,67.0,67.0,63.0,66.0,63.0,66.0,61.0,55.0,57.0,58.0
9,56.0,68.0,58.0,53.0,47.0,50.0,53.0,54.0,56.0,62.0,62.0,73.0,75.0,85.0,120.0,79.0,74.0,69.0,51.0,56.0,57.0,63.0,82.0,57.0
10,57.0,59.0,61.0,61.0,62.0,61.0,65.0,63.0,64.0,65.0,66.0,59.0,57.0,61.0,67.0,60.0,61.0,58.0,54.0,52.0,56.0,62.0,58.0,55.0
11,55.0,59.0,56.0,61.0,61.0,61.0,64.0,59.0,62.0,69.0,71.0,66.0,60.0,60.0,62.0,61.0,55.0,48.0,51.0,46.0,41.0,51.0,54.0,46.0
12,44.0,44.0,52.0,55.0,58.0,57.0,56.0,57.0,58.0,49.0,,45.0,46.0,46.0,56.0,63.0,50.0,47.0,48.0,50.0,53.0,55.0,51.0,52.0
13,,61.0,59.0,,55.0,56.0,56.0,58.0,52.0,,50.0,47.0,48.0,,52.0,48.0,47.0,48.0,48.0,,,,,
14,,,,,,,,,,,,,,,,,,,,,,,,
15,,,,,,,,,,,68.0,82.0,70.0,68.0,68.0,67.0,70.0,70.0,110.0,253.0,88.0,75.0,75.0,78.0
16,79.0,77.0,73.0,71.0,70.0,70.0,71.0,70.0,72.0,73.0,75.0,73.0,73.0,70.0,68.0,67.0,69.0,69.0,67.0,71.0,68.0,66.0,66.0,66.0
17,65.0,64.0,65.0,65.0,66.0,66.0,66.0,66.0,66.0,66.0,65.0,64.0,63.0,63.0,63.0,62.0,65.0,71.0,69.0,70.0,73.0,76.0,77.0,79.0
18,81.0,83.0,84.0,85.0,87.0,89.0,89.0,91.0,91.0,92.0,94.0,96.0,98.0,99.0,99.0,100.0,101.0,101.0,101.0,100.0,97.0,93.0,93.0,94.0
19,93.0,91.0,89.0,87.0,86.0,85.0,86.0,86.0,85.0,86.0,84.0,81.0,80.0,78.0,81.0,,,313.0,100.0,99.0,100.0,100.0,101.0,101.0
20,101.0,102.0,103.0,103.0,103.0,103.0,104.0,104.0,104.0,104.0,104.0,105.0,105.0,105.0,105.0,105.0,105.0,105.0,105.0,105.0,105.0,106.0,106.0,106.0
21,106.0,107.0,107.0,107.0,107.0,107.0,107.0,107.0,106.0,107.0,107.0,107.0,107.0,107.0,108.0,108.0,95.0,39.0,45.0,49.0,57.0,55.0,54.0,49.0
22,46.0,49.0,47.0,44.0,27.0,35.0,33.0,36.0,33.0,36.0,39.0,45.0,46.0,48.0,52.0,59.0,53.0,48.0,52.0,73.0,63.0,57.0,56.0,
23,58.0,46.0,40.0,7.0,32.0,,37.0,43.0,54.0,48.0,40.0,42.0,,55.0,54.0,46.0,45.0,50.0,50.0,46.0,42.0,42.0,38.0,31.0
24,32.0,28.0,27.0,30.0,40.0,41.0,43.0,40.0,39.0,43.0,46.0,43.0,,38.0,39.0,32.0,35.0,38.0,35.0,37.0,40.0,45.0,35.0,34.0
25,37.0,40.0,36.0,34.0,32.0,32.0,36.0,34.0,35.0,37.0,39.0,38.0,36.0,35.0,41.0,45.0,41.0,43.0,43.0,42.0,42.0,40.0,45.0,44.0
26,39.0,35.0,40.0,38.0,35.0,30.0,31.0,36.0,41.0,42.0,37.0,36.0,38.0,28.0,26.0,31.0,41.0,53.0,60.0,,70.0,73.0,75.0,77.0
27,78.0,76.0,77.0,77.0,79.0,81.0,82.0,89.0,96.0,94.0,95.0,93.0,93.0,94.0,96.0,99.0,100.0,,102.0,18.0,102.0,102.0,102.0,102.0
28,102.0,102.0,102.0,102.0,102.0,102.0,102.0,101.0,102.0,102.0,102.0,103.0,103.0,104.0,105.0,104.0,102.0,100.0,88.0,81.0,70.0,62.0,59.0,63.0
29,70.0,63.0,59.0,56.0,56.0,56.0,52.0,54.0,53.0,53.0,61.0,59.0,56.0,55.0,59.0,49.0,44.0,44.0,43.0,43.0,47.0,43.0,43.0,38.0
30,36.0,37.0,36.0,35.0,33.0,38.0,38.0,31.0,34.0,43.0,,40.0,,46.0,,43.0,,,36.0,34.0,39.0,43.0,46.0,48.0
31,46.0,47.0,37.0,35.0,35.0,39.0,41.0,39.0,41.0,41.0,46.0,47.0,47.0,48.0,50.0,50.0,52.0,50.0,48.0,48.0,50.0,52.0,60.0,51.0
"
"
August-2022,00:00:00,01:00:00,02:00:00,03:00:00,04:00:00,05:00:00,06:00:00,07:00:00,08:00:00,09:00:00,10:00:00,11:00:00,12:00:00,13:00:00,14:00:00,15:00:00,16:00:00,17:00:00,18:00:00,19:00:00,20:00:00,21:00:00,22:00:00,23:00:00
1,40,41.0,40,38,37.0,35,34.0,36,38.0,48.0,48.0,49,52.0,50.0,45.0,42,44,42,47.0,44,50,46,45,44
2,43,41.0,39,40,41.0,43,39.0,42,50.0,58.0,63.0,62,60.0,66.0,62.0,55,56,53,43.0,42,47,51,50,48
3,50,40.0,36,42,39.0,35,36.0,36,36.0,38.0,35.0,34,32.0,35.0,36.0,37,37,32,32.0,34,38,44,46,46
4,45,,35,34,,30,26.0,23,,,,41,39.0,38.0,33.0,25,26,22,18.0,19,25,27,29,38
5,41,44.0,41,38,38.0,28,22.0,24,21.0,23.0,21.0,21,21.0,22.0,23.0,22,20,19,19.0,20,22,38,54,22
6,23,,19,19,20.0,20,20.0,21,20.0,18.0,21.0,20,23.0,25.0,26.0,26,27,29,29.0,28,21,19,17,16
7,24,22.0,19,21,18.0,12,11.0,11,16.0,18.0,28.0,21,15.0,16.0,20.0,26,21,14,14.0,16,19,17,17,17
8,14,12.0,12,11,11.0,14,17.0,17,29.0,35.0,23.0,12,15.0,13.0,15.0,18,14,16,16.0,22,24,23,22,20
9,17,115.0,14,22,22.0,27,27.0,29,39.0,46.0,44.0,41,37.0,42.0,79.0,39,39,46,49.0,49,60,44,45,46
10,44,46.0,40,28,38.0,51,52.0,51,40.0,44.0,53.0,55,49.0,48.0,56.0,51,43,50,34.0,41,30,36,39,38
11,29,23.0,29,29,42.0,51,51.0,61,,60.0,56.0,65,67.0,67.0,64.0,51,52,56,,46,51,53,49,55
12,49,52.0,54,50,47.0,47,41.0,45,42.0,36.0,44.0,61,58.0,55.0,53.0,46,47,49,51.0,50,46,46,46,45
13,58,58.0,48,43,40.0,39,44.0,42,35.0,39.0,56.0,68,46.0,47.0,48.0,44,42,46,45.0,42,38,35,39,41
14,44,40.0,30,34,32.0,33,38.0,38,31.0,33.0,40.0,38,33.0,40.0,49.0,46,45,41,41.0,46,44,38,35,38
15,44,41.0,39,35,39.0,40,37.0,39,44.0,41.0,41.0,41,32.0,36.0,38.0,34,28,35,39.0,37,36,39,33,33
16,31,29.0,31,33,31.0,34,35.0,32,28.0,27.0,21.0,20,23.0,31.0,36.0,37,41,39,36.0,37,35,35,35,37
17,37,18.0,55,36,45.0,59,69.0,71,76.0,80.0,87.0,93,94.0,86.0,83.0,83,81,83,81.0,79,82,79,80,86
18,92,92.0,28,101,101.0,103,103.0,104,104.0,103.0,102.0,103,101.0,100.0,101.0,101,37,37,45.0,44,39,39,40,39
19,42,38.0,37,34,33.0,31,30.0,35,35.0,29.0,61.0,65,,,,41,42,39,40.0,39,37,31,34,30
20,31,32.0,35,38,34.0,34,39.0,41,40.0,38.0,40.0,47,47.0,43.0,38.0,53,37,33,29.0,31,28,32,35,34
21,33,37.0,42,41,38.0,41,38.0,35,31.0,,25.0,29,,40.0,42.0,35,36,41,35.0,46,34,26,31,35
22,31,22.0,31,27,24.0,27,37.0,36,,22.0,39.0,36,42.0,38.0,31.0,37,43,39,38.0,38,31,39,42,34
23,40,23.0,65,28,28.0,32,,33,28.0,,35.0,35,47.0,44.0,48.0,38,41,38,42.0,42,37,35,27,23
24,25,24.0,50,30,39.0,26,33.0,39,34.0,27.0,21.0,24,29.0,28.0,33.0,48,44,44,42.0,42,39,30,35,33
25,29,25.0,23,18,20.0,20,21.0,23,26.0,26.0,32.0,34,25.0,27.0,25.0,25,46,56,106.0,87,60,58,47,39
26,42,45.0,60,42,42.0,40,28.0,34,37.0,37.0,40.0,40,20.0,33.0,45.0,51,53,54,56.0,55,57,57,55,60
27,60,61.0,58,54,58.0,62,65.0,65,68.0,81.0,79.0,71,69.0,72.0,68.0,60,63,68,66.0,72,61,59,57,60
28,56,50.0,44,44,41.0,40,40.0,41,48.0,61.0,82.0,86,69.0,61.0,59.0,58,55,53,55.0,53,57,55,49,50
29,50,50.0,44,36,30.0,34,39.0,43,34.0,31.0,31.0,38,48.0,54.0,52.0,56,55,57,59.0,59,60,63,65,69
30,74,65.0,56,57,49.0,55,60.0,58,68.0,85.0,97.0,92,82.0,78.0,71.0,71,70,71,80.0,78,77,79,78,71
31,76,72.0,69,73,66.0,58,66.0,71,70.0,77.0,76.0,72,70.0,73.0,75.0,70,74,71,71.0,77,72,78,73,57
"
"
September-2022,00:00:00,01:00:00,02:00:00,03:00:00,04:00:00,05:00:00,06:00:00,07:00:00,08:00:00,09:00:00,10:00:00,11:00:00,12:00:00,13:00:00,14:00:00,15:00:00,16:00:00,17:00:00,18:00:00,19:00:00,20:00:00,21:00:00,22:00:00,23:00:00
1,54.0,57.0,42.0,37.0,26.0,30.0,31.0,27.0,37.0,47.0,43.0,43.0,45.0,,,,,,,,,,,
2,,,,,,,,,,,80.0,78.0,107.0,117.0,39.0,36.0,43.0,57.0,59.0,62.0,61.0,55.0,50.0,62.0
3,55.0,47.0,55.0,56.0,40.0,34.0,34.0,66.0,65.0,53.0,51.0,46.0,42.0,30.0,23.0,,30.0,30.0,31.0,30.0,50.0,273.0,91.0,103.0
4,57.0,46.0,46.0,41.0,40.0,42.0,38.0,38.0,49.0,45.0,31.0,28.0,27.0,31.0,35.0,34.0,35.0,35.0,43.0,42.0,39.0,37.0,38.0,37.0
5,40.0,39.0,35.0,30.0,33.0,34.0,34.0,34.0,34.0,39.0,36.0,35.0,41.0,40.0,39.0,35.0,33.0,32.0,35.0,35.0,32.0,31.0,33.0,42.0
6,44.0,38.0,37.0,39.0,31.0,27.0,26.0,26.0,29.0,30.0,28.0,25.0,23.0,27.0,28.0,29.0,30.0,34.0,35.0,34.0,39.0,46.0,47.0,49.0
7,47.0,42.0,41.0,43.0,43.0,47.0,49.0,48.0,51.0,57.0,57.0,58.0,62.0,65.0,61.0,58.0,50.0,50.0,55.0,46.0,36.0,34.0,27.0,28.0
8,37.0,33.0,33.0,26.0,26.0,31.0,31.0,24.0,25.0,30.0,30.0,38.0,52.0,73.0,62.0,52.0,40.0,50.0,47.0,42.0,37.0,42.0,32.0,24.0
9,23.0,26.0,35.0,31.0,27.0,31.0,35.0,35.0,45.0,47.0,40.0,40.0,48.0,41.0,45.0,43.0,38.0,28.0,24.0,24.0,22.0,22.0,21.0,23.0
10,25.0,19.0,21.0,24.0,26.0,23.0,23.0,27.0,28.0,25.0,25.0,,26.0,26.0,24.0,20.0,18.0,19.0,21.0,18.0,22.0,17.0,18.0,22.0
11,29.0,38.0,35.0,33.0,27.0,28.0,28.0,34.0,42.0,42.0,34.0,38.0,33.0,25.0,24.0,23.0,23.0,29.0,40.0,32.0,33.0,32.0,35.0,32.0
12,49.0,46.0,29.0,22.0,20.0,20.0,19.0,19.0,20.0,19.0,25.0,25.0,24.0,20.0,20.0,20.0,19.0,19.0,18.0,19.0,24.0,26.0,22.0,24.0
13,26.0,26.0,22.0,20.0,21.0,21.0,25.0,29.0,23.0,24.0,26.0,23.0,23.0,22.0,21.0,21.0,18.0,19.0,20.0,23.0,29.0,29.0,28.0,26.0
14,27.0,24.0,25.0,19.0,19.0,19.0,21.0,23.0,26.0,19.0,22.0,22.0,17.0,22.0,25.0,22.0,29.0,31.0,27.0,28.0,25.0,27.0,24.0,19.0
15,23.0,30.0,34.0,29.0,28.0,23.0,25.0,27.0,31.0,31.0,33.0,38.0,35.0,34.0,38.0,32.0,31.0,32.0,34.0,,,,21.0,18.0
16,21.0,21.0,21.0,19.0,23.0,27.0,19.0,21.0,22.0,22.0,25.0,25.0,24.0,28.0,29.0,30.0,51.0,54.0,46.0,36.0,31.0,28.0,29.0,15.0
17,30.0,38.0,39.0,32.0,32.0,8.0,31.0,30.0,18.0,35.0,37.0,34.0,35.0,36.0,31.0,18.0,27.0,29.0,27.0,24.0,20.0,18.0,12.0,15.0
18,20.0,11.0,16.0,21.0,16.0,16.0,16.0,19.0,22.0,20.0,19.0,15.0,26.0,46.0,52.0,52.0,43.0,67.0,35.0,94.0,65.0,45.0,35.0,20.0
19,21.0,19.0,21.0,22.0,20.0,18.0,24.0,23.0,21.0,23.0,23.0,26.0,33.0,41.0,46.0,35.0,35.0,48.0,32.0,33.0,34.0,32.0,34.0,47.0
20,56.0,72.0,54.0,56.0,55.0,40.0,28.0,20.0,26.0,29.0,25.0,31.0,37.0,44.0,42.0,35.0,34.0,34.0,26.0,23.0,31.0,26.0,30.0,35.0
21,37.0,28.0,48.0,109.0,83.0,73.0,32.0,21.0,19.0,22.0,20.0,20.0,28.0,21.0,27.0,34.0,36.0,18.0,36.0,35.0,17.0,36.0,37.0,35.0
22,33.0,35.0,39.0,47.0,51.0,51.0,39.0,41.0,,32.0,31.0,,15.0,27.0,26.0,20.0,23.0,23.0,32.0,44.0,44.0,53.0,42.0,27.0
23,37.0,38.0,50.0,39.0,20.0,30.0,30.0,17.0,36.0,68.0,58.0,61.0,38.0,27.0,25.0,26.0,24.0,26.0,29.0,30.0,31.0,30.0,17.0,18.0
24,16.0,36.0,35.0,21.0,14.0,7.0,33.0,34.0,17.0,29.0,25.0,24.0,24.0,23.0,17.0,17.0,16.0,20.0,19.0,24.0,22.0,24.0,,
25,,,,,,,,,,,,,,,,,,,,,,,,
26,,,,,,,,,,,,,30.0,29.0,,,27.0,37.0,,,,,,
27,,,,,,,,,,,,,,26.0,26.0,32.0,34.0,38.0,38.0,36.0,36.0,50.0,80.0,68.0
28,69.0,69.0,59.0,51.0,42.0,32.0,93.0,99.0,73.0,62.0,71.0,91.0,92.0,64.0,38.0,35.0,37.0,38.0,45.0,47.0,42.0,42.0,46.0,50.0
29,57.0,58.0,64.0,60.0,68.0,58.0,51.0,54.0,69.0,63.0,67.0,66.0,44.0,37.0,37.0,43.0,49.0,61.0,59.0,60.0,53.0,58.0,57.0,55.0
30,54.0,53.0,46.0,54.0,83.0,54.0,40.0,42.0,39.0,35.0,62.0,83.0,61.0,56.0,52.0,51.0,50.0,55.0,56.0,57.0,57.0,59.0,56.0,55.0
"
"
October-2022,00:00:00,01:00:00,02:00:00,03:00:00,04:00:00,05:00:00,06:00:00,07:00:00,08:00:00,09:00:00,10:00:00,11:00:00,12:00:00,13:00:00,14:00:00,15:00:00,16:00:00,17:00:00,18:00:00,19:00:00,20:00:00,21:00:00,22:00:00,23:00:00
1,56.0,37.0,38.0,49.0,72.0,78.0,84.0,86.0,95.0,48.0,53.0,56.0,65.0,40.0,36.0,40.0,42.0,36.0,36.0,41.0,37.0,33.0,38.0,38.0
2,32.0,26.0,22.0,23.0,19.0,17.0,18.0,20.0,20.0,25.0,38.0,33.0,23.0,32.0,32.0,24.0,19.0,21.0,26.0,24.0,23.0,25.0,26.0,26.0
3,26.0,24.0,20.0,22.0,27.0,23.0,22.0,22.0,27.0,65.0,153.0,78.0,57.0,44.0,40.0,35.0,35.0,33.0,32.0,35.0,38.0,33.0,43.0,43.0
4,39.0,39.0,37.0,37.0,29.0,35.0,40.0,47.0,72.0,77.0,92.0,87.0,72.0,61.0,58.0,51.0,47.0,44.0,68.0,72.0,62.0,61.0,63.0,59.0
5,59.0,59.0,63.0,63.0,53.0,41.0,42.0,42.0,45.0,49.0,69.0,64.0,52.0,48.0,58.0,65.0,65.0,60.0,57.0,45.0,69.0,56.0,47.0,49.0
6,51.0,48.0,44.0,36.0,31.0,28.0,30.0,33.0,40.0,34.0,34.0,38.0,47.0,35.0,36.0,33.0,32.0,33.0,32.0,37.0,38.0,34.0,31.0,34.0
7,37.0,31.0,24.0,26.0,28.0,28.0,36.0,35.0,35.0,40.0,42.0,44.0,40.0,41.0,35.0,33.0,30.0,30.0,29.0,30.0,31.0,32.0,34.0,31.0
8,32.0,28.0,26.0,24.0,23.0,28.0,28.0,24.0,24.0,24.0,22.0,23.0,22.0,24.0,23.0,22.0,23.0,25.0,22.0,23.0,26.0,33.0,26.0,27.0
9,23.0,21.0,21.0,27.0,31.0,22.0,20.0,22.0,27.0,25.0,22.0,22.0,23.0,23.0,22.0,21.0,21.0,22.0,23.0,26.0,38.0,35.0,32.0,34.0
10,27.0,29.0,32.0,27.0,24.0,27.0,31.0,26.0,43.0,80.0,65.0,72.0,74.0,71.0,58.0,42.0,39.0,38.0,37.0,42.0,46.0,57.0,58.0,51.0
11,50.0,53.0,44.0,38.0,31.0,37.0,44.0,47.0,52.0,60.0,78.0,72.0,63.0,60.0,52.0,47.0,48.0,43.0,46.0,44.0,36.0,31.0,31.0,33.0
12,40.0,,,54.0,47.0,48.0,51.0,47.0,55.0,64.0,64.0,77.0,73.0,75.0,62.0,78.0,72.0,58.0,57.0,72.0,77.0,32.0,55.0,77.0
13,52.0,92.0,87.0,110.0,150.0,140.0,103.0,72.0,76.0,170.0,114.0,118.0,112.0,105.0,95.0,93.0,48.0,57.0,54.0,47.0,58.0,55.0,62.0,63.0
14,69.0,63.0,64.0,79.0,92.0,77.0,66.0,58.0,72.0,87.0,78.0,90.0,77.0,71.0,73.0,92.0,120.0,92.0,93.0,54.0,83.0,52.0,36.0,30.0
15,32.0,40.0,60.0,63.0,61.0,62.0,62.0,62.0,67.0,82.0,99.0,107.0,127.0,110.0,89.0,102.0,97.0,91.0,80.0,81.0,152.0,119.0,94.0,135.0
16,144.0,130.0,134.0,115.0,102.0,99.0,105.0,97.0,85.0,81.0,82.0,81.0,79.0,76.0,64.0,59.0,56.0,53.0,58.0,87.0,90.0,87.0,119.0,155.0
17,135.0,116.0,114.0,130.0,144.0,114.0,136.0,118.0,109.0,109.0,95.0,59.0,50.0,50.0,33.0,44.0,47.0,51.0,51.0,43.0,50.0,39.0,40.0,54.0
18,93.0,42.0,40.0,38.0,50.0,97.0,70.0,46.0,66.0,55.0,48.0,52.0,54.0,54.0,39.0,40.0,40.0,40.0,42.0,42.0,39.0,59.0,45.0,38.0
19,39.0,47.0,48.0,42.0,55.0,48.0,60.0,74.0,70.0,62.0,96.0,84.0,77.0,,,,,,,,,,,
20,,,,,,,,,,,,,,,,45.0,57.0,38.0,42.0,58.0,43.0,51.0,64.0,107.0
21,95.0,80.0,107.0,50.0,97.0,107.0,118.0,126.0,106.0,87.0,196.0,140.0,117.0,117.0,55.0,61.0,63.0,66.0,71.0,56.0,47.0,38.0,38.0,38.0
22,40.0,41.0,45.0,46.0,59.0,45.0,49.0,44.0,41.0,43.0,56.0,65.0,73.0,81.0,70.0,65.0,67.0,64.0,73.0,80.0,95.0,91.0,74.0,112.0
23,80.0,72.0,82.0,102.0,161.0,183.0,157.0,105.0,105.0,116.0,143.0,106.0,107.0,109.0,107.0,74.0,62.0,61.0,69.0,91.0,110.0,104.0,98.0,107.0
24,120.0,165.0,147.0,179.0,238.0,198.0,108.0,133.0,103.0,142.0,137.0,121.0,133.0,111.0,94.0,91.0,87.0,103.0,94.0,81.0,92.0,117.0,214.0,343.0
25,435.0,301.0,164.0,170.0,160.0,121.0,108.0,109.0,191.0,304.0,321.0,325.0,311.0,311.0,260.0,287.0,91.0,83.0,89.0,95.0,86.0,92.0,104.0,110.0
26,229.0,185.0,128.0,127.0,130.0,221.0,220.0,272.0,283.0,210.0,239.0,176.0,109.0,106.0,121.0,106.0,100.0,92.0,125.0,100.0,106.0,105.0,115.0,155.0
27,303.0,223.0,194.0,200.0,148.0,198.0,206.0,210.0,233.0,188.0,164.0,137.0,99.0,97.0,121.0,128.0,121.0,108.0,108.0,104.0,,,,134.0
28,143.0,,157.0,138.0,,253.0,,193.0,183.0,174.0,130.0,129.0,128.0,,103.0,79.0,78.0,77.0,103.0,,115.0,100.0,97.0,119.0
29,132.0,139.0,136.0,183.0,199.0,,,187.0,158.0,169.0,131.0,,123.0,,113.0,94.0,79.0,68.0,69.0,102.0,173.0,101.0,97.0,126.0
30,121.0,180.0,173.0,115.0,100.0,98.0,117.0,115.0,103.0,117.0,110.0,94.0,112.0,123.0,107.0,83.0,59.0,77.0,87.0,100.0,92.0,91.0,105.0,107.0
31,111.0,117.0,103.0,101.0,114.0,158.0,,,,126.0,136.0,139.0,46.0,46.0,97.0,108.0,,134.0,108.0,,120.0,106.0,97.0,115.0
"
"
November-2022,00:00:00,01:00:00,02:00:00,03:00:00,04:00:00,05:00:00,06:00:00,07:00:00,08:00:00,09:00:00,10:00:00,11:00:00,12:00:00,13:00:00,14:00:00,15:00:00,16:00:00,17:00:00,18:00:00,19:00:00,20:00:00,21:00:00,22:00:00,23:00:00
1,,159.0,189.0,145.0,143.0,127.0,139.0,176.0,160.0,145.0,137.0,126.0,149.0,154.0,133.0,110.0,111.0,98.0,102.0,168.0,126.0,148.0,104.0,127.0
2,144.0,141.0,182.0,200.0,143.0,137.0,131.0,123.0,127.0,121.0,124.0,131.0,138.0,128.0,132.0,137.0,138.0,124.0,113.0,107.0,113.0,115.0,104.0,103.0
3,118.0,123.0,217.0,210.0,116.0,115.0,184.0,,180.0,151.0,144.0,,119.0,88.0,100.0,,124.0,103.0,101.0,,116.0,111.0,125.0,
4,121.0,121.0,119.0,241.0,178.0,134.0,248.0,136.0,163.0,153.0,141.0,,130.0,108.0,118.0,126.0,110.0,109.0,95.0,181.0,119.0,99.0,116.0,154.0
5,125.0,123.0,158.0,192.0,123.0,119.0,137.0,147.0,130.0,131.0,136.0,130.0,131.0,176.0,147.0,119.0,131.0,116.0,117.0,108.0,101.0,101.0,111.0,123.0
6,295.0,162.0,140.0,195.0,238.0,270.0,296.0,198.0,206.0,158.0,153.0,163.0,183.0,134.0,155.0,128.0,114.0,116.0,90.0,83.0,82.0,88.0,99.0,187.0
7,155.0,172.0,167.0,247.0,261.0,275.0,266.0,228.0,213.0,294.0,310.0,303.0,297.0,249.0,168.0,202.0,177.0,101.0,109.0,99.0,93.0,101.0,128.0,176.0
8,126.0,172.0,337.0,169.0,309.0,296.0,276.0,296.0,311.0,315.0,307.0,316.0,330.0,280.0,298.0,113.0,137.0,108.0,105.0,101.0,110.0,113.0,172.0,112.0
9,111.0,120.0,141.0,115.0,,222.0,221.0,242.0,266.0,267.0,347.0,273.0,323.0,199.0,156.0,136.0,124.0,112.0,103.0,116.0,140.0,132.0,145.0,153.0
10,134.0,176.0,160.0,304.0,333.0,306.0,285.0,254.0,235.0,280.0,253.0,269.0,259.0,157.0,,,,,,,,,,
11,,,,,,,,,,,,,,,,,121.0,133.0,125.0,127.0,114.0,156.0,281.0,218.0
12,163.0,202.0,165.0,141.0,126.0,158.0,158.0,174.0,192.0,151.0,203.0,164.0,156.0,140.0,140.0,110.0,111.0,109.0,117.0,123.0,132.0,122.0,127.0,176.0
13,235.0,232.0,214.0,195.0,146.0,202.0,183.0,150.0,179.0,149.0,151.0,146.0,131.0,124.0,118.0,119.0,115.0,112.0,122.0,123.0,117.0,121.0,123.0,119.0
14,128.0,123.0,124.0,127.0,188.0,183.0,234.0,218.0,211.0,219.0,200.0,180.0,184.0,167.0,143.0,118.0,129.0,136.0,163.0,140.0,150.0,138.0,169.0,166.0
15,178.0,162.0,176.0,205.0,153.0,193.0,226.0,240.0,219.0,252.0,290.0,270.0,207.0,205.0,203.0,144.0,130.0,137.0,163.0,146.0,132.0,,112.0,113.0
16,122.0,128.0,143.0,193.0,235.0,230.0,259.0,233.0,185.0,221.0,198.0,197.0,205.0,148.0,133.0,128.0,114.0,106.0,108.0,113.0,115.0,115.0,119.0,234.0
17,228.0,242.0,192.0,181.0,171.0,196.0,197.0,161.0,162.0,172.0,151.0,198.0,180.0,160.0,136.0,132.0,126.0,116.0,101.0,113.0,107.0,94.0,141.0,175.0
18,206.0,99.0,142.0,172.0,,,135.0,195.0,197.0,174.0,156.0,154.0,127.0,107.0,101.0,120.0,105.0,90.0,107.0,129.0,96.0,115.0,114.0,102.0
19,275.0,263.0,202.0,144.0,174.0,161.0,177.0,217.0,225.0,160.0,177.0,220.0,190.0,195.0,163.0,122.0,98.0,100.0,146.0,124.0,116.0,105.0,92.0,105.0
20,154.0,166.0,245.0,185.0,145.0,219.0,243.0,178.0,185.0,186.0,166.0,193.0,200.0,139.0,137.0,128.0,115.0,90.0,91.0,98.0,97.0,90.0,113.0,218.0
21,252.0,131.0,140.0,251.0,232.0,152.0,146.0,107.0,98.0,,104.0,126.0,191.0,147.0,145.0,115.0,125.0,124.0,131.0,107.0,97.0,100.0,101.0,103.0
22,113.0,293.0,299.0,155.0,160.0,199.0,170.0,203.0,235.0,202.0,184.0,194.0,,,,,,99.0,97.0,102.0,118.0,118.0,121.0,172.0
23,248.0,179.0,140.0,174.0,200.0,239.0,165.0,212.0,163.0,187.0,199.0,178.0,177.0,142.0,151.0,141.0,124.0,124.0,121.0,131.0,124.0,110.0,119.0,159.0
24,164.0,165.0,170.0,139.0,182.0,241.0,232.0,166.0,148.0,177.0,138.0,192.0,,247.0,158.0,153.0,145.0,141.0,109.0,118.0,118.0,122.0,111.0,131.0
25,212.0,229.0,246.0,233.0,292.0,375.0,262.0,197.0,192.0,210.0,166.0,218.0,186.0,219.0,212.0,200.0,156.0,141.0,133.0,171.0,131.0,121.0,193.0,159.0
26,166.0,143.0,149.0,159.0,168.0,249.0,257.0,,206.0,235.0,213.0,196.0,190.0,240.0,211.0,184.0,185.0,170.0,149.0,150.0,147.0,139.0,155.0,168.0
27,151.0,,149.0,149.0,168.0,150.0,148.0,202.0,224.0,275.0,307.0,326.0,216.0,190.0,190.0,213.0,201.0,160.0,156.0,154.0,132.0,112.0,104.0,123.0
28,142.0,136.0,121.0,142.0,142.0,136.0,141.0,147.0,160.0,132.0,182.0,225.0,158.0,154.0,141.0,125.0,103.0,106.0,95.0,102.0,109.0,104.0,117.0,114.0
29,104.0,107.0,115.0,109.0,118.0,138.0,155.0,155.0,148.0,130.0,197.0,162.0,131.0,135.0,123.0,133.0,128.0,118.0,117.0,119.0,113.0,134.0,123.0,133.0
30,145.0,135.0,138.0,142.0,141.0,166.0,195.0,219.0,248.0,219.0,183.0,201.0,252.0,322.0,311.0,148.0,163.0,159.0,189.0,161.0,126.0,126.0,131.0,166.0
"
"
December-2022,00:00:00,01:00:00,02:00:00,03:00:00,04:00:00,05:00:00,06:00:00,07:00:00,08:00:00,09:00:00,10:00:00,11:00:00,12:00:00,13:00:00,14:00:00,15:00:00,16:00:00,17:00:00,18:00:00,19:00:00,20:00:00,21:00:00,22:00:00,23:00:00
1,148.0,160.0,147.0,151.0,150.0,163.0,156.0,137.0,134.0,172.0,157.0,132.0,107.0,123.0,103.0,106.0,120.0,125.0,123.0,124.0,126.0,141.0,122.0,123.0
2,125.0,159.0,151.0,167.0,274.0,226.0,,177.0,175.0,207.0,211.0,189.0,206.0,240.0,223.0,179.0,182.0,180.0,154.0,135.0,,129.0,123.0,160.0
3,182.0,181.0,229.0,255.0,180.0,187.0,181.0,196.0,189.0,192.0,164.0,193.0,243.0,274.0,172.0,142.0,129.0,119.0,121.0,,,125.0,135.0,151.0
4,178.0,198.0,183.0,246.0,314.0,332.0,311.0,235.0,271.0,232.0,227.0,172.0,229.0,216.0,140.0,108.0,86.0,120.0,139.0,106.0,81.0,73.0,74.0,83.0
5,91.0,127.0,101.0,76.0,81.0,131.0,136.0,151.0,181.0,126.0,162.0,231.0,218.0,170.0,127.0,101.0,112.0,167.0,169.0,167.0,156.0,146.0,164.0,169.0
6,173.0,173.0,165.0,165.0,169.0,,251.0,219.0,221.0,302.0,260.0,256.0,212.0,187.0,190.0,,,,,,,,,
7,,,,,,,,,,,,,,,,,,,,,,,,
8,,,,,,,,,,,,,,155.0,153.0,159.0,181.0,165.0,148.0,155.0,138.0,127.0,139.0,151.0
9,183.0,143.0,150.0,135.0,127.0,186.0,204.0,157.0,185.0,140.0,122.0,155.0,137.0,105.0,133.0,155.0,131.0,104.0,75.0,67.0,80.0,97.0,100.0,116.0
10,142.0,141.0,161.0,159.0,237.0,226.0,241.0,218.0,210.0,173.0,169.0,207.0,184.0,145.0,339.0,182.0,156.0,138.0,103.0,132.0,115.0,109.0,108.0,174.0
11,230.0,178.0,186.0,224.0,249.0,249.0,235.0,223.0,211.0,222.0,261.0,239.0,271.0,198.0,172.0,137.0,122.0,112.0,101.0,103.0,98.0,100.0,102.0,102.0
12,110.0,124.0,136.0,105.0,132.0,,,239.0,251.0,227.0,241.0,232.0,249.0,198.0,112.0,,174.0,117.0,189.0,136.0,120.0,117.0,130.0,119.0
13,,128.0,223.0,199.0,243.0,249.0,254.0,,166.0,181.0,,155.0,159.0,118.0,112.0,111.0,111.0,,155.0,147.0,112.0,107.0,145.0,144.0
14,138.0,186.0,222.0,129.0,,,116.0,164.0,117.0,109.0,68.0,80.0,78.0,73.0,,,,,,,,,,
15,,,,,,,,,,,,,173.0,128.0,110.0,79.0,90.0,128.0,92.0,96.0,84.0,93.0,122.0,147.0
16,147.0,172.0,200.0,148.0,204.0,190.0,162.0,223.0,220.0,199.0,228.0,221.0,259.0,189.0,194.0,,,,,,,,,
17,,,,,,,,,,,,,,,,,,,,,,,,
18,,,,,,,,,,,,,,,,,,,,,,,,
19,,,,,,,,,,,,,,,,,,,,,,,,
20,,,,,,,,,,,,225.0,198.0,,,,,101.0,100.0,91.0,94.0,112.0,119.0,
21,209.0,252.0,219.0,258.0,245.0,246.0,222.0,179.0,206.0,213.0,247.0,,,,,,,118.0,109.0,105.0,113.0,131.0,239.0,296.0
22,170.0,228.0,158.0,307.0,308.0,278.0,309.0,202.0,192.0,271.0,199.0,288.0,218.0,168.0,128.0,106.0,,,,,,,,
23,,,,,,,,,,,,191.0,142.0,129.0,116.0,109.0,113.0,118.0,119.0,126.0,138.0,126.0,109.0,123.0
24,150.0,136.0,149.0,170.0,172.0,279.0,283.0,254.0,231.0,241.0,231.0,247.0,216.0,160.0,120.0,107.0,111.0,105.0,107.0,101.0,121.0,109.0,117.0,157.0
25,231.0,194.0,161.0,172.0,266.0,233.0,209.0,152.0,242.0,252.0,256.0,160.0,133.0,130.0,116.0,110.0,116.0,141.0,121.0,113.0,112.0,123.0,106.0,124.0
26,139.0,122.0,123.0,127.0,142.0,297.0,245.0,231.0,225.0,245.0,249.0,,259.0,179.0,155.0,122.0,113.0,117.0,114.0,146.0,142.0,155.0,161.0,177.0
27,183.0,157.0,159.0,159.0,208.0,245.0,235.0,263.0,234.0,220.0,262.0,311.0,207.0,165.0,143.0,133.0,134.0,,,,150.0,144.0,139.0,143.0
28,167.0,163.0,159.0,215.0,166.0,173.0,176.0,182.0,192.0,258.0,252.0,199.0,216.0,175.0,193.0,145.0,133.0,121.0,122.0,128.0,129.0,139.0,121.0,117.0
29,133.0,155.0,184.0,177.0,188.0,184.0,186.0,348.0,266.0,284.0,281.0,259.0,318.0,217.0,180.0,124.0,108.0,103.0,121.0,115.0,129.0,116.0,131.0,
30,,127.0,129.0,143.0,140.0,128.0,127.0,133.0,169.0,199.0,233.0,229.0,293.0,203.0,165.0,125.0,133.0,127.0,139.0,182.0,162.0,140.0,133.0,153.0
31,175.0,161.0,174.0,193.0,195.0,,162.0,139.0,137.0,138.0,173.0,222.0,134.0,115.0,112.0,101.0,98.0,92.0,103.0,95.0,84.0,78.0,65.0,63.0
"
"
Year,2023
January-2023,00:00:00,01:00:00,02:00:00,03:00:00,04:00:00,05:00:00,06:00:00,07:00:00,08:00:00,09:00:00,10:00:00,11:00:00,12:00:00,13:00:00,14:00:00,15:00:00,16:00:00,17:00:00,18:00:00,19:00:00,20:00:00,21:00:00,22:00:00,23:00:00
1,75.0,86.0,101.0,115.0,129.0,121.0,117.0,150.0,167.0,131.0,139.0,123.0,123.0,120.0,102.0,101.0,94.0,105.0,121.0,106.0,84.0,81.0,107.0,140.0
2,149.0,159.0,162.0,163.0,150.0,,141.0,,147.0,167.0,149.0,141.0,147.0,,153.0,124.0,107.0,105.0,101.0,109.0,98.0,107.0,132.0,138.0
3,140.0,149.0,133.0,133.0,149.0,189.0,214.0,,173.0,159.0,208.0,199.0,189.0,169.0,129.0,117.0,103.0,122.0,109.0,114.0,127.0,132.0,134.0,126.0
4,134.0,146.0,167.0,148.0,131.0,107.0,117.0,159.0,165.0,148.0,145.0,149.0,152.0,155.0,,189.0,176.0,131.0,137.0,142.0,135.0,116.0,107.0,144.0
5,155.0,141.0,159.0,151.0,177.0,192.0,174.0,186.0,232.0,211.0,189.0,162.0,163.0,167.0,166.0,136.0,155.0,171.0,151.0,157.0,153.0,143.0,161.0,185.0
6,184.0,193.0,193.0,240.0,241.0,387.0,419.0,224.0,187.0,199.0,212.0,180.0,181.0,,125.0,119.0,119.0,134.0,138.0,151.0,159.0,149.0,143.0,131.0
7,129.0,149.0,155.0,277.0,320.0,185.0,158.0,153.0,143.0,179.0,200.0,179.0,154.0,165.0,163.0,156.0,161.0,164.0,165.0,168.0,167.0,160.0,145.0,141.0
8,140.0,154.0,173.0,173.0,190.0,420.0,406.0,311.0,239.0,188.0,149.0,153.0,155.0,156.0,143.0,133.0,121.0,119.0,115.0,114.0,103.0,90.0,92.0,101.0
9,123.0,137.0,127.0,129.0,123.0,115.0,121.0,124.0,125.0,116.0,117.0,118.0,127.0,146.0,124.0,101.0,77.0,81.0,82.0,84.0,75.0,81.0,89.0,113.0
10,139.0,142.0,133.0,169.0,163.0,141.0,,,,,121.0,124.0,126.0,115.0,113.0,131.0,108.0,102.0,83.0,85.0,105.0,99.0,85.0,104.0
11,121.0,148.0,139.0,147.0,141.0,142.0,220.0,202.0,204.0,258.0,238.0,196.0,172.0,167.0,184.0,168.0,116.0,107.0,107.0,119.0,121.0,93.0,95.0,112.0
12,,,,,,,,,,,,,,,,,,,,,,,,
13,,,,,,,,,,,,,,,37.0,,,281.0,314.0,342.0,289.0,234.0,207.0,198.0
14,189.0,204.0,210.0,214.0,204.0,217.0,215.0,196.0,185.0,201.0,220.0,212.0,200.0,176.0,169.0,150.0,137.0,137.0,115.0,111.0,117.0,101.0,101.0,115.0
15,119.0,127.0,145.0,129.0,150.0,166.0,161.0,147.0,176.0,165.0,151.0,154.0,185.0,159.0,134.0,123.0,135.0,133.0,139.0,133.0,125.0,125.0,155.0,139.0
16,150.0,125.0,113.0,112.0,126.0,160.0,159.0,166.0,201.0,219.0,232.0,205.0,183.0,190.0,138.0,131.0,133.0,135.0,124.0,133.0,126.0,162.0,146.0,131.0
17,147.0,147.0,167.0,189.0,180.0,223.0,212.0,221.0,254.0,247.0,213.0,186.0,211.0,253.0,242.0,146.0,132.0,133.0,135.0,137.0,127.0,146.0,143.0,130.0
18,143.0,,166.0,181.0,161.0,159.0,182.0,265.0,288.0,268.0,201.0,222.0,244.0,249.0,219.0,171.0,179.0,165.0,149.0,149.0,157.0,139.0,134.0,133.0
19,138.0,163.0,156.0,163.0,167.0,163.0,169.0,184.0,175.0,195.0,272.0,250.0,274.0,260.0,150.0,149.0,223.0,321.0,228.0,190.0,197.0,250.0,293.0,254.0
20,276.0,303.0,227.0,298.0,,,,,301.0,310.0,333.0,345.0,300.0,165.0,98.0,103.0,100.0,83.0,85.0,94.0,88.0,77.0,103.0,101.0
21,115.0,,,122.0,110.0,107.0,193.0,157.0,102.0,109.0,114.0,148.0,236.0,266.0,134.0,147.0,256.0,220.0,167.0,113.0,125.0,117.0,111.0,109.0
22,107.0,123.0,117.0,,117.0,,107.0,105.0,119.0,127.0,127.0,122.0,128.0,128.0,115.0,101.0,107.0,,,,,98.0,89.0,88.0
23,106.0,136.0,152.0,112.0,108.0,109.0,119.0,246.0,168.0,165.0,125.0,125.0,136.0,138.0,136.0,130.0,134.0,130.0,116.0,120.0,101.0,102.0,98.0,97.0
24,93.0,100.0,103.0,121.0,119.0,118.0,110.0,113.0,130.0,131.0,136.0,136.0,135.0,135.0,123.0,111.0,121.0,126.0,160.0,128.0,130.0,133.0,153.0,143.0
25,133.0,125.0,132.0,117.0,133.0,140.0,135.0,140.0,163.0,187.0,193.0,190.0,193.0,193.0,145.0,156.0,147.0,137.0,140.0,121.0,166.0,153.0,130.0,150.0
26,180.0,167.0,190.0,190.0,216.0,194.0,223.0,184.0,131.0,150.0,176.0,230.0,197.0,200.0,193.0,180.0,203.0,180.0,213.0,236.0,302.0,308.0,244.0,257.0
27,243.0,257.0,220.0,237.0,210.0,236.0,277.0,305.0,250.0,247.0,224.0,280.0,257.0,237.0,273.0,197.0,203.0,180.0,163.0,180.0,163.0,183.0,167.0,187.0
28,203.0,200.0,213.0,167.0,150.0,180.0,173.0,263.0,150.0,299.0,340.0,245.0,112.0,106.0,183.0,117.0,100.0,82.0,87.0,81.0,189.0,160.0,75.0,78.0
29,86.0,92.0,76.0,92.0,105.0,125.0,104.0,249.0,318.0,107.0,109.0,100.0,119.0,133.0,121.0,137.0,150.0,153.0,111.0,101.0,123.0,113.0,117.0,103.0
30,104.0,104.0,100.0,103.0,98.0,90.0,90.0,92.0,105.0,112.0,96.0,106.0,101.0,109.0,153.0,127.0,133.0,160.0,230.0,260.0,237.0,237.0,200.0,170.0
31,210.0,193.0,190.0,160.0,147.0,107.0,123.0,133.0,163.0,187.0,183.0,203.0,200.0,213.0,210.0,187.0,177.0,223.0,273.0,287.0,297.0,270.0,220.0,200.0
"
"
February-2023,00:00:00,01:00:00,02:00:00,03:00:00,04:00:00,05:00:00,06:00:00,07:00:00,08:00:00,09:00:00,10:00:00,11:00:00,12:00:00,13:00:00,14:00:00,15:00:00,16:00:00,17:00:00,18:00:00,19:00:00,20:00:00,21:00:00,22:00:00,23:00:00
1,230.0,220.0,220.0,210.0,184.0,183.0,173.0,160.0,167.0,180.0,157.0,133.0,137.0,137.0,170.0,140.0,108.0,156.0,137.0,130,123,101,,
2,,,,,,,,,,,,110.0,116.0,146.0,131.0,129.0,134.0,121.0,111.0,126,115,117,111.0,136.0
3,130.0,121.0,122.0,116.0,136.0,193.0,290.0,305.0,267.0,223.0,243.0,122.0,116.0,170.0,177.0,143.0,223.0,137.0,104.0,163,103,94,86.0,102.0
4,113.0,144.0,126.0,,118.0,151.0,240.0,287.0,273.0,273.0,237.0,177.0,180.0,217.0,220.0,150.0,99.0,105.0,110.0,115,135,119,130.0,130.0
5,123.0,139.0,170.0,167.0,132.0,223.0,177.0,170.0,266.0,311.0,316.0,294.0,260.0,247.0,280.0,223.0,170.0,160.0,163.0,183,177,147,150.0,133.0
6,148.0,133.0,119.0,104.0,115.0,96.0,97.0,95.0,116.0,133.0,130.0,203.0,260.0,117.0,114.0,120.0,203.0,197.0,138.0,200,210,133,115.0,123.0
7,133.0,112.0,88.0,81.0,83.0,66.0,71.0,75.0,77.0,180.0,207.0,308.0,217.0,177.0,125.0,130.0,147.0,120.0,127.0,98,112,173,177.0,143.0
8,160.0,187.0,180.0,223.0,220.0,190.0,200.0,253.0,280.0,308.0,325.0,324.0,310.0,312.0,267.0,157.0,147.0,117.0,101.0,108,133,133,140.0,132.0
9,177.0,150.0,143.0,123.0,153.0,140.0,180.0,283.0,308.0,314.0,325.0,325.0,339.0,317.0,315.0,342.0,308.0,303.0,153.0,123,106,102,,
10,,,,,,130.0,107.0,106.0,122.0,143.0,302.0,336.0,328.0,267.0,177.0,167.0,142.0,93.0,100.0,96,111,107,107.0,103.0
11,109.0,111.0,105.0,93.0,55.0,90.0,94.0,117.0,319.0,,,,173.0,217.0,177.0,97.0,90.0,86.0,107.0,90,108,97,82.0,101.0
12,113.0,147.0,144.0,129.0,135.0,147.0,138.0,160.0,127.0,170.0,210.0,157.0,140.0,153.0,125.0,103.0,,,,107,93,105,121.0,147.0
13,114.0,110.0,105.0,88.0,95.0,102.0,101.0,94.0,101.0,100.0,107.0,114.0,136.0,162.0,143.0,127.0,119.0,117.0,125.0,128,117,106,109.0,117.0
14,190.0,163.0,139.0,118.0,140.0,280.0,308.0,283.0,293.0,290.0,273.0,157.0,149.0,162.0,170.0,167.0,119.0,105.0,102.0,103,109,116,,157.0
15,130.0,183.0,250.0,124.0,128.0,137.0,253.0,305.0,283.0,342.0,366.0,316.0,253.0,311.0,319.0,310.0,130.0,102.0,86.0,106,91,106,177.0,315.0
16,260.0,120.0,117.0,150.0,187.0,335.0,356.0,400.0,318.0,313.0,317.0,297.0,173.0,107.0,76.0,127.0,118.0,107.0,111.0,113,116,120,122.0,140.0
17,163.0,177.0,200.0,213.0,227.0,303.0,308.0,354.0,356.0,315.0,308.0,273.0,304.0,283.0,230.0,217.0,120.0,95.0,108.0,103,117,170,147.0,137.0
18,193.0,200.0,187.0,124.0,253.0,297.0,305.0,314.0,287.0,237.0,170.0,270.0,200.0,113.0,123.0,203.0,153.0,107.0,105.0,107,115,115,111.0,123.0
19,157.0,203.0,203.0,187.0,163.0,405.0,344.0,307.0,305.0,308.0,300.0,302.0,233.0,150.0,109.0,99.0,108.0,157.0,167.0,100,113,92,110.0,114.0
20,139.0,120.0,99.0,127.0,123.0,123.0,90.0,85.0,133.0,187.0,183.0,253.0,305.0,307.0,95.0,98.0,150.0,92.0,86.0,83,92,101,123.0,147.0
21,310.0,260.0,233.0,210.0,217.0,227.0,270.0,305.0,247.0,250.0,318.0,364.0,384.0,325.0,197.0,93.0,69.0,56.0,61.0,61,77,69,65.0,92.0
22,78.0,90.0,79.0,72.0,86.0,71.0,66.0,89.0,125.0,237.0,183.0,95.0,94.0,94.0,84.0,69.0,74.0,83.0,85.0,93,101,115,109.0,114.0
23,111.0,125.0,120.0,133.0,217.0,108.0,112.0,111.0,123.0,161.0,280.0,260.0,270.0,187.0,112.0,113.0,,,,240,140,173,,
24,,134.0,125.0,146.0,180.0,167.0,157.0,131.0,125.0,153.0,177.0,,,,,,101.0,124.0,297.0,128,140,124,112.0,128.0
25,143.0,139.0,149.0,119.0,123.0,113.0,173.0,133.0,120.0,147.0,149.0,114.0,247.0,280.0,173.0,117.0,108.0,101.0,108.0,115,140,160,117.0,150.0
26,213.0,220.0,176.0,135.0,140.0,127.0,117.0,123.0,147.0,160.0,287.0,264.0,290.0,236.0,153.0,123.0,130.0,160.0,177.0,183,150,153,167.0,143.0
27,187.0,163.0,147.0,130.0,163.0,160.0,160.0,133.0,127.0,190.0,257.0,224.0,253.0,190.0,137.0,120.0,101.0,95.0,101.0,104,115,122,128.0,316.0
28,110.0,116.0,108.0,91.0,80.0,110.0,193.0,113.0,115.0,164.0,301.0,307.0,240.0,293.0,196.0,104.0,56.0,100.0,86.0,91,107,104,105.0,109.0
"
"
March-2023,00:00:00,01:00:00,02:00:00,03:00:00,04:00:00,05:00:00,06:00:00,07:00:00,08:00:00,09:00:00,10:00:00,11:00:00,12:00:00,13:00:00,14:00:00,15:00:00,16:00:00,17:00:00,18:00:00,19:00:00,20:00:00,21:00:00,22:00:00,23:00:00
1,131.0,173.0,115.0,113.0,93.0,78.0,95.0,103.0,113.0,231.0,365.0,361.0,341.0,223.0,226.0,130.0,83.0,89.0,85.0,102.0,104.0,115.0,110.0,135.0
2,131.0,132.0,147.0,144.0,197.0,193.0,163.0,167.0,227.0,306.0,240.0,318.0,322.0,333.0,257.0,233.0,210.0,187.0,157.0,143.0,150.0,203.0,223.0,224.0
3,301.0,180.0,170.0,200.0,160.0,167.0,263.0,220.0,157.0,230.0,,,,,,,,,,233.0,293.0,283.0,,
4,311.0,,,,,,,,244.0,306.0,322.0,339.0,337.0,340.0,345.0,339.0,286.0,253.0,200.0,230.0,183.0,194.0,234.0,308.0
5,217.0,207.0,277.0,280.0,273.0,204.0,247.0,316.0,343.0,324.0,316.0,337.0,348.0,364.0,332.0,325.0,327.0,280.0,296.0,253.0,238.0,340.0,301.0,310.0
6,303.0,326.0,311.0,315.0,320.0,314.0,354.0,325.0,346.0,327.0,311.0,208.0,156.0,123.0,140.0,111.0,120.0,183.0,140.0,134.0,164.0,387.0,144.0,115.0
7,126.0,107.0,105.0,102.0,77.0,114.0,248.0,56.0,92.0,94.0,88.0,129.0,70.0,,,,,,,,,,,
8,,,,,,,,,,,,,,,,,,,,,,,,
9,,,,,,,,,,,,,,,,,,,,,,,,
10,,,,,,,,,,,,,,,,,,,,,,,,
11,,,,,,,,,,,,,,,,,,,,,126.0,123.0,105.0,113.0
12,250.0,240.0,170.0,105.0,117.0,,166.0,239.0,200.0,266.0,263.0,277.0,,,266.0,213.0,210.0,227.0,233.0,220.0,220.0,213.0,197.0,224.0
13,293.0,257.0,280.0,270.0,,,290.0,277.0,284.0,316.0,330.0,343.0,324.0,250.0,244.0,270.0,246.0,203.0,157.0,153.0,140.0,117.0,160.0,160.0
14,167.0,157.0,157.0,,173.0,190.0,167.0,190.0,178.0,296.0,254.0,309.0,315.0,308.0,210.0,220.0,260.0,253.0,266.0,199.0,88.0,91.0,95.0,112.0
15,114.0,109.0,109.0,118.0,109.0,78.0,66.0,87.0,131.0,103.0,121.0,138.0,185.0,,87.0,156.0,107.0,133.0,123.0,98.0,82.0,68.0,80.0,95.0
16,87.0,68.0,87.0,103.0,97.0,,92.0,127.0,134.0,157.0,147.0,137.0,187.0,167.0,163.0,136.0,123.0,98.0,86.0,87.0,89.0,235.0,65.0,63.0
17,65.0,98.0,100.0,107.0,150.0,147.0,102.0,125.0,131.0,114.0,91.0,83.0,80.0,147.0,106.0,107.0,108.0,108.0,,,110.0,113.0,110.0,111.0
18,111.0,112.0,112.0,113.0,69.0,108.0,61.0,76.0,88.0,151.0,167.0,144.0,131.0,118.0,118.0,118.0,119.0,119.0,120.0,120.0,120.0,120.0,121.0,75.0
19,79.0,122.0,74.0,59.0,60.0,72.0,58.0,57.0,88.0,86.0,81.0,84.0,68.0,68.0,70.0,72.0,74.0,48.0,48.0,66.0,110.0,92.0,62.0,54.0
20,54.0,50.0,49.0,48.0,47.0,48.0,48.0,53.0,55.0,60.0,57.0,50.0,56.0,61.0,55.0,69.0,60.0,61.0,56.0,73.0,65.0,65.0,56.0,61.0
21,56.0,62.0,64.0,48.0,53.0,42.0,43.0,53.0,80.0,57.0,28.0,30.0,116.0,22.0,18.0,21.0,95.0,95.0,98.0,98.0,100.0,100.0,101.0,101.0
22,102.0,50.0,41.0,40.0,23.0,33.0,28.0,84.0,52.0,60.0,50.0,53.0,47.0,51.0,51.0,38.0,37.0,107.0,107.0,107.0,108.0,108.0,108.0,108.0
23,108.0,109.0,109.0,109.0,109.0,110.0,110.0,110.0,110.0,110.0,110.0,110.0,110.0,85.0,63.0,64.0,74.0,,,,,,,
24,,,,,,,,,,,,,,,,,,,,,,,,
25,,,,,,,,,,,,,,,,,,,,,,,,
26,,,,,,,,,,,,,,,,,,,,,,,,
27,,,,,,,,,,,,,,,,,,,,,,,,
28,,,,,,,,,,,,,,,,,,126.0,126.0,126.0,127.0,128.0,126.0,126.0
29,127.0,128.0,130.0,130.0,130.0,130.0,126.0,126.0,126.0,127.0,128.0,128.0,129.0,128.0,127.0,,,,,,,,,
30,,,,,,,,,,,,,,,,,,,,,,,,
31,,,,,,,,,,,,,47.0,75.0,70.0,72.0,68.0,66.0,59.0,54.0,57.0,63.0,62.0,67.0
"
"
April-2023,00:00:00,01:00:00,02:00:00,03:00:00,04:00:00,05:00:00,06:00:00,07:00:00,08:00:00,09:00:00,10:00:00,11:00:00,12:00:00,13:00:00,14:00:00,15:00:00,16:00:00,17:00:00,18:00:00,19:00:00,20:00:00,21:00:00,22:00:00,23:00:00
1,63.0,126.0,126.0,128.0,128.0,128.0,127.0,127.0,127.0,126.0,126.0,128.0,128.0,128.0,128.0,127.0,126.0,126.0,127.0,128.0,128.0,128.0,128.0,127.0
2,127.0,127.0,127.0,128.0,129.0,,,,,,,,,,,,,,,,,,,
3,,,,,,,,,,,,,,,124.0,125.0,,,109.0,51.0,,,,
4,,,,,,,,,,,,57.0,54.0,48.0,48.0,45.0,51.0,55.0,19.0,51.0,52.0,47.0,50.0,57.0
5,56.0,49.0,54.0,50.0,48.0,53.0,51.0,58.0,90.0,73.0,66.0,67.0,50.0,60.0,55.0,54.0,67.0,69.0,74.0,81.0,74.0,88.0,72.0,70.0
6,72.0,93.0,77.0,67.0,65.0,65.0,69.0,77.0,83.0,85.0,108.0,124.0,103.0,84.0,79.0,78.0,92.0,100.0,125.0,127.0,32.0,142.0,141.0,143.0
7,158.0,147.0,121.0,107.0,107.0,23.0,112.0,102.0,120.0,133.0,124.0,119.0,135.0,111.0,123.0,85.0,102.0,127.0,159.0,153.0,123.0,141.0,149.0,174.0
8,133.0,121.0,99.0,100.0,130.0,120.0,277.0,90.0,87.0,130.0,101.0,121.0,108.0,40.0,220.0,50.0,,94.0,91.0,101.0,105.0,205.0,348.0,121.0
9,105.0,190.0,237.0,120.0,440.0,240.0,375.0,173.0,125.0,217.0,263.0,310.0,237.0,270.0,187.0,500.0,99.0,110.0,111.0,122.0,111.0,120.0,114.0,250.0
10,111.0,124.0,72.0,78.0,85.0,88.0,63.0,247.0,24.0,60.0,143.0,190.0,230.0,153.0,112.0,119.0,150.0,129.0,123.0,123.0,126.0,107.0,,
11,,,,,,,,,,,,98.0,136.0,34.0,69.0,80.0,70.0,86.0,88.0,88.0,105.0,103.0,36.0,148.0
12,82.0,41.0,71.0,68.0,56.0,61.0,66.0,79.0,117.0,115.0,123.0,113.0,109.0,90.0,99.0,100.0,121.0,106.0,105.0,110.0,104.0,121.0,80.0,500.0
13,36.0,57.0,61.0,62.0,69.0,109.0,79.0,411.0,35.0,68.0,77.0,69.0,76.0,75.0,,,36.0,103.0,113.0,121.0,127.0,145.0,27.0,162.0
14,498.0,77.0,73.0,82.0,85.0,105.0,28.0,90.0,105.0,82.0,79.0,91.0,95.0,88.0,85.0,104.0,83.0,87.0,89.0,92.0,98.0,95.0,91.0,89.0
15,108.0,350.0,63.0,59.0,50.0,91.0,71.0,98.0,68.0,115.0,111.0,127.0,151.0,58.0,58.0,53.0,58.0,61.0,54.0,63.0,61.0,77.0,130.0,73.0
16,73.0,96.0,93.0,74.0,49.0,59.0,65.0,69.0,79.0,94.0,85.0,93.0,92.0,76.0,87.0,63.0,63.0,74.0,62.0,83.0,79.0,67.0,60.0,71.0
17,84.0,57.0,55.0,52.0,52.0,52.0,60.0,61.0,68.0,83.0,101.0,96.0,95.0,87.0,75.0,69.0,78.0,88.0,82.0,78.0,82.0,79.0,74.0,80.0
18,72.0,69.0,65.0,51.0,58.0,53.0,73.0,90.0,93.0,120.0,133.0,129.0,90.0,78.0,,,86.0,103.0,114.0,107.0,123.0,114.0,101.0,101.0
19,19.0,271.0,89.0,66.0,60.0,70.0,72.0,71.0,134.0,128.0,297.0,116.0,79.0,103.0,113.0,167.0,133.0,131.0,115.0,107.0,122.0,124.0,124.0,257.0
20,19.0,22.0,90.0,91.0,70.0,55.0,57.0,55.0,76.0,91.0,22.0,67.0,58.0,64.0,,65.0,,,,59.0,44.0,68.0,64.0,74.0
21,90.0,74.0,72.0,75.0,43.0,71.0,63.0,35.0,52.0,58.0,48.0,52.0,49.0,54.0,79.0,55.0,56.0,60.0,75.0,103.0,46.0,57.0,44.0,43.0
22,52.0,51.0,48.0,18.0,22.0,48.0,40.0,38.0,48.0,50.0,,56.0,48.0,61.0,56.0,47.0,53.0,65.0,64.0,62.0,85.0,72.0,53.0,52.0
23,34.0,65.0,63.0,93.0,90.0,53.0,54.0,64.0,59.0,81.0,53.0,62.0,51.0,54.0,64.0,59.0,60.0,59.0,63.0,52.0,45.0,51.0,77.0,70.0
24,45.0,52.0,500.0,66.0,18.0,55.0,64.0,67.0,56.0,73.0,79.0,24.0,63.0,56.0,68.0,55.0,50.0,60.0,70.0,70.0,76.0,66.0,63.0,77.0
25,61.0,72.0,67.0,70.0,65.0,60.0,54.0,62.0,73.0,76.0,83.0,102.0,117.0,106.0,88.0,85.0,79.0,72.0,71.0,155.0,88.0,111.0,84.0,81.0
26,78.0,78.0,74.0,74.0,71.0,76.0,71.0,59.0,60.0,59.0,72.0,73.0,68.0,85.0,85.0,82.0,78.0,79.0,91.0,77.0,83.0,107.0,112.0,71.0
27,73.0,69.0,113.0,88.0,64.0,93.0,61.0,60.0,82.0,77.0,84.0,121.0,133.0,121.0,115.0,69.0,85.0,61.0,60.0,50.0,39.0,55.0,39.0,31.0
28,38.0,34.0,62.0,30.0,32.0,35.0,40.0,40.0,64.0,52.0,61.0,61.0,59.0,49.0,53.0,54.0,54.0,51.0,49.0,52.0,53.0,60.0,62.0,62.0
29,75.0,81.0,60.0,63.0,64.0,67.0,75.0,74.0,76.0,76.0,72.0,73.0,75.0,76.0,82.0,86.0,86.0,87.0,82.0,84.0,84.0,86.0,92.0,92.0
30,92.0,92.0,88.0,87.0,90.0,92.0,98.0,98.0,96.0,96.0,94.0,90.0,90.0,88.0,96.0,88.0,91.0,90.0,82.0,81.0,78.0,80.0,82.0,82.0
"
"
May-2023,00:00:00,01:00:00,02:00:00,03:00:00,04:00:00,05:00:00,06:00:00,07:00:00,08:00:00,09:00:00,10:00:00,11:00:00,12:00:00,13:00:00,14:00:00,15:00:00,16:00:00,17:00:00,18:00:00,19:00:00,20:00:00,21:00:00,22:00:00,23:00:00
1,80,77,70,68,67,66.0,70.0,71.0,69.0,67.0,62.0,36.0,62.0,66.0,96.0,106.0,135.0,150.0,151,148.0,145.0,148,150,154
2,152,152,145,142,144,147.0,150.0,158.0,155.0,150.0,150.0,145.0,143.0,142.0,146.0,153.0,153.0,150.0,146,139.0,137.0,139,138,147
3,147,143,141,131,130,132.0,132.0,146.0,142.0,142.0,140.0,134.0,125.0,129.0,135.0,140.0,140.0,53.0,55,50.0,57.0,98,86,68
4,70,42,48,45,60,48.0,67.0,100.0,170.0,47.0,61.0,65.0,71.0,73.0,49.0,43.0,53.0,40.0,48,39.0,68.0,61,59,58
5,57,62,38,42,34,49.0,52.0,63.0,14.0,118.0,115.0,94.0,84.0,57.0,51.0,46.0,51.0,45.0,40,43.0,54.0,73,70,20
6,52,68,31,46,53,65.0,54.0,49.0,59.0,52.0,49.0,39.0,48.0,55.0,53.0,50.0,55.0,60.0,54,52.0,57.0,55,68,66
7,61,97,43,39,38,39.0,52.0,44.0,75.0,85.0,69.0,49.0,62.0,62.0,61.0,54.0,56.0,57.0,47,50.0,63.0,51,55,55
8,66,98,55,52,36,38.0,45.0,50.0,69.0,64.0,52.0,52.0,48.0,50.0,65.0,50.0,51.0,22.0,52,49.0,59.0,61,67,67
9,61,63,56,61,76,62.0,64.0,67.0,67.0,62.0,96.0,61.0,63.0,72.0,69.0,62.0,76.0,72.0,69,72.0,103.0,82,86,94
10,97,96,119,108,121,107.0,56.0,100.0,100.0,94.0,99.0,90.0,97.0,104.0,98.0,94.0,91.0,95.0,92,,,129,90,88
11,82,82,88,95,111,113.0,113.0,52.0,78.0,86.0,93.0,74.0,83.0,91.0,88.0,95.0,85.0,92.0,96,120.0,149.0,111,103,17
12,365,56,458,301,187,116.0,104.0,67.0,342.0,31.0,436.0,177.0,121.0,97.0,109.0,96.0,85.0,82.0,78,65.0,66.0,68,65,58
13,61,337,373,24,182,260.0,49.0,49.0,151.0,358.0,496.0,498.0,133.0,69.0,61.0,64.0,68.0,111.0,53,46.0,70.0,106,80,47
14,16,55,22,28,54,14.0,40.0,43.0,18.0,30.0,27.0,24.0,26.0,29.0,30.0,38.0,46.0,38.0,49,80.0,90.0,77,72,62
15,12,78,62,59,91,62.0,73.0,70.0,24.0,61.0,55.0,59.0,49.0,56.0,50.0,63.0,57.0,138.0,38,47.0,121.0,58,65,63
16,37,53,40,40,93,60.0,22.0,77.0,58.0,41.0,52.0,36.0,226.0,158.0,150.0,154.0,131.0,119.0,135,150.0,145.0,131,153,132
17,143,146,45,51,41,81.0,52.0,65.0,71.0,49.0,50.0,52.0,62.0,56.0,29.0,22.0,44.0,45.0,53,47.0,56.0,45,46,23
18,20,29,40,20,46,36.0,19.0,40.0,49.0,37.0,56.0,68.0,62.0,49.0,40.0,38.0,48.0,49.0,58,23.0,23.0,144,27,36
19,35,18,30,28,31,68.0,64.0,70.0,90.0,80.0,59.0,62.0,,106.0,107.0,108.0,108.0,105.0,101,108.0,105.0,119,119,118
20,120,119,115,114,116,127.0,131.0,130.0,134.0,131.0,128.0,129.0,128.0,137.0,145.0,147.0,146.0,145.0,142,151.0,198.0,137,84,37
21,50,63,11,27,31,20.0,90.0,29.0,35.0,18.0,21.0,32.0,50.0,52.0,72.0,63.0,55.0,61.0,53,,,49,500,11
22,38,39,44,25,20,22.0,18.0,14.0,39.0,57.0,56.0,28.0,30.0,28.0,23.0,23.0,24.0,38.0,45,63.0,67.0,82,73,16
23,103,103,23,47,49,75.0,101.0,130.0,101.0,83.0,88.0,40.0,53.0,59.0,68.0,50.0,59.0,11.0,14,15.0,28.0,49,500,58
24,43,58,58,34,65,15.0,15.0,72.0,19.0,61.0,61.0,22.0,35.0,25.0,28.0,17.0,12.0,22.0,33,63.0,40.0,332,491,15
25,52,73,65,51,22,25.0,28.0,30.0,41.0,15.0,20.0,20.0,24.0,33.0,28.0,106.0,108.0,108.0,108,108.0,108.0,108,108,27
26,39,65,110,57,19,109.0,406.0,169.0,143.0,19.0,30.0,111.0,110.0,111.0,111.0,111.0,112.0,112.0,112,112.0,428.0,111,111,112
27,112,113,113,113,112,112.0,112.0,113.0,113.0,114.0,114.0,114.0,113.0,113.0,113.0,113.0,114.0,114.0,114,114.0,114.0,114,115,116
28,117,118,119,119,119,119.0,119.0,119.0,120.0,120.0,120.0,120.0,120.0,120.0,119.0,120.0,120.0,121.0,121,120.0,120.0,120,120,120
29,500,121,121,121,121,121.0,121.0,121.0,121.0,122.0,122.0,122.0,122.0,500.0,121.0,121.0,121.0,456.0,123,122.0,123.0,122,122,122
30,122,123,125,123,123,,,,,,,,,,,,,,124,124.0,124.0,317,124,124
31,357,125,124,124,124,125.0,125.0,125.0,125.0,125.0,126.0,126.0,125.0,126.0,125.0,126.0,125.0,125.0,125,126.0,126.0,126,126,126
"
"
June-2023,00:00:00,01:00:00,02:00:00,03:00:00,04:00:00,05:00:00,06:00:00,07:00:00,08:00:00,09:00:00,10:00:00,11:00:00,12:00:00,13:00:00,14:00:00,15:00:00,16:00:00,17:00:00,18:00:00,19:00:00,20:00:00,21:00:00,22:00:00,23:00:00
1,126.0,126.0,127.0,127.0,127.0,127.0,127.0,127.0,127.0,127.0,127.0,128,128,127,127,127.0,127,127,128,128,128,128,128,128.0
2,128.0,128.0,128.0,128.0,128.0,128.0,128.0,128.0,128.0,128.0,129.0,129,129,129,129,129.0,129,129,129,129,129,129,129,
3,129.0,129.0,129.0,129.0,129.0,,,129.0,130.0,130.0,130.0,130,130,130,130,130.0,130,130,130,130,130,131,130,130.0
4,130.0,131.0,131.0,131.0,131.0,131.0,130.0,130.0,131.0,131.0,131.0,131,132,132,132,131.0,131,131,147,131,132,132,132,132.0
5,132.0,132.0,132.0,132.0,132.0,132.0,132.0,132.0,132.0,132.0,132.0,132,133,132,133,133.0,132,132,132,132,133,133,133,133.0
6,132.0,132.0,132.0,132.0,133.0,133.0,133.0,133.0,132.0,132.0,132.0,132,134,134,134,134.0,133,132,132,133,134,134,135,135.0
7,134.0,134.0,134.0,134.0,135.0,135.0,302.0,136.0,135.0,135.0,135.0,135,500,136,136,136.0,136,135,135,135,136,137,137,137.0
8,137.0,136.0,136.0,363.0,356.0,459.0,138.0,138.0,139.0,138.0,138.0,418,368,312,142,143.0,142,142,500,484,142,468,143,143.0
9,143.0,142.0,142.0,500.0,476.0,379.0,144.0,144.0,144.0,144.0,144.0,415,497,146,108,111.0,10,18,47,38,46,39,78,78.0
10,46.0,52.0,24.0,85.0,72.0,50.0,39.0,38.0,41.0,50.0,53.0,62,80,65,44,102.0,100,106,92,38,42,54,67,51.0
11,79.0,73.0,72.0,101.0,121.0,131.0,126.0,132.0,127.0,125.0,120.0,123,116,124,130,90.0,127,129,111,110,121,107,101,121.0
12,121.0,116.0,129.0,135.0,135.0,135.0,134.0,134.0,133.0,131.0,135.0,136,136,136,135,135.0,135,134,136,136,135,135,135,135.0
13,135.0,135.0,135.0,136.0,136.0,136.0,77.0,135.0,135.0,135.0,134.0,135,135,135,18,135.0,135,135,135,136,153,135,58,
14,,,,,,,,,,,,82,134,134,134,135.0,135,135,135,135,135,135,134,135.0
15,134.0,135.0,135.0,135.0,135.0,135.0,134.0,134.0,135.0,135.0,135.0,135,134,135,134,135.0,135,135,136,135,135,135,135,135.0
16,135.0,135.0,135.0,136.0,135.0,135.0,134.0,135.0,135.0,135.0,135.0,135,135,134,135,135.0,135,135,136,136,135,134,47,134.0
17,135.0,135.0,135.0,135.0,136.0,135.0,135.0,135.0,135.0,135.0,135.0,135,135,134,135,135.0,135,133,132,127,125,132,132,128.0
18,127.0,124.0,119.0,117.0,122.0,120.0,119.0,120.0,125.0,127.0,124.0,123,58,120,128,124.0,135,130,132,135,135,135,135,135.0
19,135.0,135.0,135.0,135.0,135.0,134.0,133.0,134.0,134.0,132.0,135.0,135,135,135,134,135.0,135,135,135,131,133,130,132,135.0
20,134.0,134.0,135.0,135.0,135.0,136.0,135.0,134.0,126.0,130.0,131.0,134,135,134,131,,128,133,135,132,135,135,135,133.0
21,130.0,132.0,135.0,135.0,135.0,133.0,130.0,128.0,129.0,128.0,126.0,124,126,126,122,119.0,123,121,123,120,121,122,121,122.0
22,117.0,117.0,117.0,119.0,123.0,130.0,132.0,125.0,126.0,122.0,124.0,124,129,133,63,79.0,77,67,63,62,68,58,60,64.0
23,59.0,63.0,64.0,77.0,62.0,59.0,59.0,73.0,62.0,51.0,52.0,55,56,70,131,78.0,84,51,49,65,73,60,63,78.0
24,73.0,69.0,78.0,71.0,91.0,83.0,74.0,75.0,72.0,75.0,36.0,44,62,64,64,63.0,67,43,55,42,76,73,65,60.0
25,76.0,43.0,31.0,27.0,85.0,59.0,58.0,58.0,52.0,66.0,42.0,42,59,61,57,41.0,64,25,15,15,41,48,34,35.0
26,42.0,30.0,34.0,22.0,33.0,49.0,48.0,52.0,58.0,61.0,31.0,68,26,55,51,52.0,46,104,51,102,49,62,61,56.0
27,59.0,68.0,36.0,36.0,55.0,74.0,71.0,61.0,62.0,85.0,34.0,20,28,84,66,99.0,33,49,32,45,30,36,41,43.0
28,39.0,50.0,35.0,61.0,86.0,38.0,43.0,29.0,25.0,44.0,60.0,32,28,43,25,27.0,64,25,61,50,30,26,21,37.0
29,99.0,61.0,128.0,55.0,34.0,38.0,35.0,42.0,41.0,43.0,73.0,63,45,65,33,39.0,35,119,41,37,35,47,40,29.0
30,31.0,51.0,26.0,48.0,57.0,54.0,48.0,49.0,45.0,41.0,52.0,49,40,42,47,44.0,41,49,48,70,32,42,59,43.0
"
"
July-2023,00:00:00,01:00:00,02:00:00,03:00:00,04:00:00,05:00:00,06:00:00,07:00:00,08:00:00,09:00:00,10:00:00,11:00:00,12:00:00,13:00:00,14:00:00,15:00:00,16:00:00,17:00:00,18:00:00,19:00:00,20:00:00,21:00:00,22:00:00,23:00:00
1,44.0,46.0,41.0,38.0,37.0,44.0,53.0,34.0,38.0,36.0,35.0,68.0,68.0,47.0,44.0,51.0,54.0,47.0,35.0,47.0,46.0,47.0,54.0,52.0
2,55.0,51.0,46.0,35.0,48.0,70.0,60.0,48.0,46.0,49.0,81.0,72.0,39.0,50.0,52.0,46.0,39.0,41.0,41.0,46.0,41.0,64.0,47.0,46.0
3,43.0,52.0,47.0,46.0,41.0,40.0,46.0,45.0,42.0,38.0,48.0,99.0,41.0,73.0,23.0,36.0,28.0,30.0,33.0,37.0,47.0,66.0,46.0,55.0
4,43.0,38.0,38.0,46.0,51.0,55.0,71.0,81.0,58.0,46.0,61.0,65.0,55.0,60.0,66.0,63.0,51.0,42.0,41.0,44.0,53.0,67.0,67.0,65.0
5,62.0,73.0,93.0,98.0,96.0,89.0,67.0,91.0,112.0,114.0,114.0,117.0,143.0,141.0,140.0,140.0,134.0,125.0,120.0,119.0,123.0,128.0,128.0,126.0
6,127.0,119.0,117.0,,,,,,,,,18.0,68.0,76.0,75.0,76.0,61.0,40.0,52.0,68.0,74.0,55.0,49.0,50.0
7,55.0,52.0,64.0,78.0,77.0,65.0,58.0,56.0,63.0,62.0,76.0,65.0,66.0,61.0,56.0,53.0,52.0,64.0,81.0,74.0,81.0,80.0,74.0,69.0
8,68.0,77.0,79.0,87.0,85.0,93.0,87.0,79.0,77.0,80.0,91.0,91.0,85.0,87.0,81.0,74.0,77.0,79.0,84.0,86.0,88.0,95.0,85.0,82.0
9,82.0,88.0,91.0,101.0,106.0,109.0,92.0,85.0,85.0,87.0,94.0,89.0,87.0,87.0,88.0,79.0,77.0,74.0,84.0,85.0,93.0,98.0,92.0,74.0
10,74.0,77.0,88.0,101.0,94.0,102.0,96.0,89.0,88.0,86.0,94.0,94.0,93.0,92.0,97.0,87.0,86.0,93.0,94.0,105.0,101.0,106.0,107.0,100.0
11,95.0,94.0,97.0,106.0,112.0,111.0,116.0,105.0,101.0,100.0,101.0,107.0,108.0,106.0,109.0,100.0,95.0,95.0,101.0,108.0,106.0,112.0,111.0,101.0
12,97.0,98.0,102.0,103.0,118.0,112.0,115.0,110.0,103.0,97.0,103.0,112.0,114.0,111.0,114.0,,,,,,,,,
13,,,,,,,,,,,,,,,,,,,101.0,100.0,107.0,105.0,114.0,116.0
14,104.0,100.0,99.0,98.0,100.0,109.0,98.0,104.0,103.0,94.0,96.0,101.0,103.0,103.0,111.0,118.0,107.0,104.0,106.0,107.0,98.0,99.0,108.0,115.0
15,111.0,103.0,102.0,96.0,96.0,106.0,109.0,101.0,92.0,93.0,95.0,96.0,101.0,91.0,84.0,88.0,88.0,75.0,66.0,72.0,72.0,83.0,76.0,89.0
16,84.0,70.0,64.0,63.0,73.0,91.0,102.0,106.0,102.0,96.0,89.0,78.0,81.0,93.0,91.0,101.0,107.0,100.0,98.0,96.0,98.0,107.0,112.0,110.0
17,118.0,109.0,105.0,101.0,103.0,104.0,113.0,114.0,117.0,106.0,101.0,101.0,108.0,108.0,117.0,114.0,114.0,112.0,106.0,106.0,105.0,107.0,118.0,121.0
18,122.0,122.0,116.0,114.0,114.0,119.0,122.0,120.0,115.0,108.0,103.0,105.0,107.0,110.0,118.0,126.0,130.0,126.0,116.0,112.0,110.0,117.0,124.0,123.0
19,122.0,124.0,114.0,112.0,111.0,112.0,115.0,123.0,123.0,120.0,110.0,109.0,104.0,106.0,107.0,120.0,119.0,119.0,114.0,111.0,110.0,111.0,110.0,118.0
20,123.0,119.0,110.0,105.0,106.0,107.0,114.0,122.0,114.0,118.0,113.0,108.0,106.0,108.0,114.0,123.0,130.0,132.0,124.0,117.0,114.0,116.0,117.0,125.0
21,124.0,126.0,124.0,120.0,115.0,114.0,121.0,125.0,134.0,135.0,131.0,125.0,122.0,,123.0,126.0,130.0,133.0,137.0,132.0,127.0,127.0,129.0,129.0
22,137.0,141.0,138.0,130.0,125.0,126.0,129.0,132.0,139.0,,,,,,,,,,,,,,,
23,,,,,,,,,,,,,,,,,,,,,,,,27.0
24,18.0,32.0,28.0,32.0,35.0,49.0,50.0,35.0,33.0,39.0,46.0,58.0,52.0,42.0,50.0,57.0,67.0,50.0,42.0,50.0,40.0,46.0,41.0,56.0
25,54.0,47.0,46.0,41.0,47.0,52.0,56.0,53.0,59.0,48.0,46.0,43.0,42.0,52.0,51.0,53.0,53.0,36.0,38.0,36.0,30.0,34.0,32.0,31.0
26,38.0,29.0,33.0,24.0,21.0,36.0,33.0,37.0,33.0,33.0,36.0,28.0,33.0,35.0,32.0,27.0,20.0,17.0,24.0,20.0,28.0,36.0,34.0,31.0
27,27.0,32.0,30.0,30.0,39.0,31.0,38.0,34.0,26.0,32.0,23.0,27.0,27.0,29.0,50.0,138.0,43.0,43.0,34.0,41.0,38.0,43.0,57.0,52.0
28,44.0,43.0,34.0,40.0,33.0,40.0,51.0,47.0,38.0,41.0,33.0,36.0,33.0,45.0,49.0,43.0,47.0,49.0,44.0,44.0,36.0,29.0,35.0,44.0
29,47.0,44.0,38.0,33.0,41.0,45.0,44.0,51.0,47.0,51.0,47.0,54.0,46.0,60.0,65.0,62.0,54.0,51.0,60.0,41.0,51.0,43.0,38.0,50.0
30,36.0,45.0,47.0,33.0,40.0,33.0,45.0,47.0,50.0,47.0,45.0,48.0,53.0,58.0,56.0,53.0,64.0,65.0,48.0,43.0,34.0,41.0,45.0,44.0
31,57.0,53.0,53.0,53.0,48.0,48.0,48.0,41.0,49.0,45.0,48.0,48.0,40.0,47.0,48.0,49.0,48.0,50.0,47.0,47.0,44.0,43.0,40.0,44.0
"
"
August-2023,00:00:00,01:00:00,02:00:00,03:00:00,04:00:00,05:00:00,06:00:00,07:00:00,08:00:00,09:00:00,10:00:00,11:00:00,12:00:00,13:00:00,14:00:00,15:00:00,16:00:00,17:00:00,18:00:00,19:00:00,20:00:00,21:00:00,22:00:00,23:00:00
1,45.0,48.0,48.0,42.0,35.0,35.0,39.0,46.0,40.0,29.0,42.0,38.0,32.0,38.0,44.0,47.0,53.0,44.0,42.0,50.0,36.0,37.0,41.0,38.0
2,51.0,54.0,57.0,51.0,42.0,53.0,51.0,43.0,55.0,56.0,42.0,57.0,57.0,63.0,60.0,55.0,69.0,66.0,55.0,53.0,49.0,38.0,54.0,55.0
3,55.0,59.0,54.0,42.0,45.0,51.0,49.0,52.0,48.0,45.0,54.0,63.0,55.0,46.0,51.0,22.0,52.0,65.0,28.0,25.0,23.0,22.0,27.0,22.0
4,23.0,28.0,28.0,24.0,24.0,26.0,27.0,27.0,27.0,32.0,28.0,32.0,32.0,29.0,29.0,27.0,28.0,29.0,29.0,30.0,32.0,30.0,48.0,41.0
5,51.0,46.0,55.0,57.0,50.0,35.0,31.0,36.0,44.0,123.0,62.0,60.0,63.0,53.0,58.0,58.0,56.0,58.0,59.0,59.0,55.0,56.0,51.0,53.0
6,56.0,57.0,57.0,59.0,60.0,57.0,46.0,53.0,60.0,53.0,52.0,58.0,54.0,58.0,42.0,58.0,63.0,58.0,63.0,65.0,57.0,62.0,54.0,53.0
7,49.0,48.0,50.0,56.0,55.0,56.0,53.0,47.0,48.0,52.0,60.0,51.0,65.0,67.0,68.0,65.0,61.0,52.0,53.0,58.0,66.0,59.0,63.0,49.0
8,51.0,47.0,51.0,50.0,55.0,52.0,54.0,47.0,43.0,63.0,61.0,59.0,70.0,71.0,77.0,63.0,56.0,56.0,55.0,68.0,68.0,59.0,59.0,40.0
9,44.0,48.0,48.0,52.0,49.0,42.0,47.0,50.0,52.0,54.0,53.0,63.0,72.0,,,,,,,,,,,
10,,,,,,,,,,,,,,,,,,,,,,,,
11,,,,,,,,,,,,,,,,,,,,,,,,
12,,,,,,,,,,45.0,45.0,46.0,43.0,48.0,51.0,43.0,45.0,47.0,54.0,49.0,54.0,49.0,53.0,49.0
13,51.0,51.0,46.0,41.0,41.0,36.0,39.0,34.0,40.0,45.0,44.0,46.0,42.0,52.0,50.0,48.0,45.0,48.0,49.0,54.0,56.0,52.0,75.0,48.0
14,53.0,49.0,46.0,46.0,42.0,46.0,39.0,35.0,40.0,42.0,48.0,53.0,57.0,69.0,33.0,33.0,49.0,55.0,75.0,33.0,52.0,58.0,53.0,49.0
15,43.0,45.0,46.0,45.0,41.0,40.0,46.0,43.0,47.0,39.0,33.0,41.0,48.0,46.0,45.0,41.0,42.0,46.0,47.0,47.0,45.0,65.0,43.0,39.0
16,40.0,39.0,33.0,35.0,33.0,35.0,33.0,37.0,38.0,40.0,41.0,43.0,42.0,46.0,36.0,39.0,41.0,42.0,40.0,43.0,45.0,40.0,39.0,37.0
17,43.0,35.0,33.0,33.0,33.0,33.0,33.0,33.0,33.0,33.0,33.0,33.0,33.0,33.0,33.0,33.0,33.0,32.0,33.0,33.0,33.0,33.0,33.0,33.0
18,33.0,33.0,33.0,33.0,33.0,33.0,33.0,33.0,33.0,33.0,32.0,33.0,33.0,33.0,32.0,33.0,33.0,33.0,33.0,33.0,33.0,33.0,33.0,33.0
19,32.0,33.0,33.0,33.0,33.0,33.0,33.0,33.0,33.0,32.0,33.0,33.0,33.0,33.0,33.0,33.0,21.0,33.0,33.0,33.0,33.0,33.0,33.0,33.0
20,33.0,33.0,33.0,33.0,32.0,33.0,33.0,33.0,33.0,33.0,33.0,33.0,32.0,32.0,33.0,33.0,33.0,33.0,33.0,20.0,33.0,33.0,33.0,33.0
21,33.0,33.0,33.0,33.0,33.0,33.0,33.0,33.0,33.0,33.0,33.0,33.0,33.0,33.0,33.0,33.0,33.0,33.0,33.0,32.0,32.0,33.0,33.0,33.0
22,33.0,33.0,33.0,43.0,33.0,33.0,33.0,33.0,33.0,33.0,33.0,33.0,33.0,33.0,33.0,33.0,33.0,33.0,33.0,33.0,23.0,33.0,33.0,33.0
23,33.0,33.0,32.0,33.0,33.0,33.0,33.0,33.0,33.0,24.0,33.0,33.0,33.0,33.0,33.0,33.0,33.0,33.0,33.0,33.0,33.0,33.0,33.0,33.0
24,33.0,33.0,33.0,33.0,33.0,33.0,33.0,33.0,33.0,33.0,33.0,33.0,33.0,33.0,33.0,33.0,33.0,33.0,33.0,33.0,33.0,33.0,33.0,33.0
25,33.0,33.0,33.0,33.0,33.0,33.0,33.0,33.0,33.0,33.0,33.0,21.0,32.0,32.0,33.0,32.0,33.0,33.0,33.0,33.0,32.0,33.0,33.0,33.0
26,33.0,33.0,33.0,33.0,32.0,33.0,33.0,33.0,32.0,32.0,33.0,32.0,32.0,32.0,33.0,33.0,33.0,32.0,33.0,33.0,32.0,32.0,32.0,32.0
27,33.0,32.0,33.0,33.0,33.0,33.0,33.0,33.0,32.0,32.0,33.0,32.0,32.0,33.0,33.0,33.0,33.0,33.0,17.0,20.0,17.0,17.0,17.0,17.0
28,17.0,17.0,17.0,17.0,17.0,17.0,17.0,17.0,17.0,17.0,17.0,17.0,17.0,17.0,17.0,17.0,17.0,17.0,17.0,17.0,17.0,17.0,18.0,17.0
29,17.0,17.0,25.0,17.0,17.0,17.0,17.0,17.0,21.0,20.0,23.0,23.0,23.0,33.0,33.0,33.0,33.0,33.0,33.0,33.0,33.0,33.0,33.0,33.0
30,33.0,33.0,33.0,33.0,33.0,33.0,33.0,40.0,33.0,78.0,33.0,33.0,33.0,37.0,33.0,33.0,33.0,33.0,33.0,33.0,33.0,33.0,33.0,33.0
31,33.0,33.0,33.0,33.0,33.0,33.0,33.0,33.0,33.0,33.0,33.0,72.0,72.0,72.0,72.0,72.0,72.0,72.0,72.0,72.0,72.0,72.0,72.0,72.0
"
"
September-2023,00:00:00,01:00:00,02:00:00,03:00:00,04:00:00,05:00:00,06:00:00,07:00:00,08:00:00,09:00:00,10:00:00,11:00:00,12:00:00,13:00:00,14:00:00,15:00:00,16:00:00,17:00:00,18:00:00,19:00:00,20:00:00,21:00:00,22:00:00,23:00:00
1,72.0,72.0,72.0,72,72.0,72.0,72.0,72.0,72,72,80,72,72,72.0,72,72,72,72,72,72,72,72,72,72
2,72.0,72.0,72.0,72,72.0,72.0,72.0,72.0,72,72,72,72,72,,72,72,72,72,72,72,72,72,72,72
3,72.0,72.0,72.0,72,72.0,72.0,72.0,72.0,72,72,72,72,72,72.0,72,72,72,72,72,72,72,72,72,72
4,72.0,72.0,72.0,72,72.0,72.0,72.0,72.0,72,72,72,72,72,72.0,72,72,72,72,72,72,72,72,72,72
5,72.0,72.0,72.0,72,72.0,72.0,72.0,72.0,72,72,72,72,72,72.0,72,72,72,72,72,72,72,72,72,72
6,,,,72,72.0,72.0,72.0,72.0,72,72,72,72,72,72.0,72,72,72,72,72,72,72,72,72,72
7,72.0,72.0,72.0,72,,,,,72,72,72,72,72,72.0,72,86,90,88,82,81,78,76,77,83
8,93.0,103.0,102.0,101,102.0,102.0,103.0,100.0,101,102,97,99,106,105.0,101,101,96,95,93,89,89,39,39,57
9,44.0,36.0,36.0,38,37.0,39.0,43.0,46.0,46,46,46,42,30,31.0,33,34,35,36,36,38,42,48,46,44
10,38.0,35.0,32.0,33,29.0,29.0,27.0,24.0,24,27,30,32,34,30.0,27,30,28,23,24,26,28,24,22,24
11,25.0,26.0,21.0,20,21.0,21.0,20.0,21.0,25,31,32,30,28,37.0,43,41,34,35,34,34,40,38,33,35
12,37.0,32.0,29.0,26,26.0,28.0,29.0,25.0,26,35,35,35,35,36.0,46,39,38,27,34,34,33,28,27,28
13,21.0,26.0,25.0,23,24.0,25.0,25.0,26.0,30,35,37,34,41,39.0,34,34,32,32,42,34,33,28,29,28
14,27.0,30.0,27.0,27,27.0,33.0,26.0,25.0,31,39,45,42,33,31.0,32,33,28,26,32,65,72,70,69,66
15,65.0,64.0,61.0,61,60.0,59.0,58.0,56.0,56,57,56,56,55,55.0,55,54,54,53,53,53,52,52,51,50
16,50.0,50.0,49.0,50,49.0,49.0,49.0,48.0,48,48,47,48,47,47.0,46,46,46,46,45,46,45,45,45,45
17,45.0,44.0,45.0,44,43.0,44.0,44.0,44.0,43,43,43,43,48,49.0,46,47,48,48,48,43,42,42,42,42
18,42.0,42.0,41.0,42,41.0,41.0,41.0,41.0,41,40,45,42,37,39.0,27,32,47,41,36,30,25,19,21,27
19,25.0,27.0,34.0,33,31.0,30.0,31.0,29.0,27,29,34,33,32,37.0,27,33,37,37,33,27,28,27,31,32
20,25.0,33.0,36.0,31,25.0,20.0,23.0,20.0,18,18,21,23,23,20.0,22,18,18,18,21,22,20,20,23,20
21,20.0,18.0,18.0,20,20.0,20.0,20.0,18.0,18,18,18,18,19,20.0,18,18,18,20,22,26,26,27,38,59
22,58.0,57.0,21.0,20,20.0,20.0,20.0,20.0,21,20,24,23,31,33.0,84,88,43,44,44,45,44,45,80,104
23,77.0,48.0,36.0,47,45.0,28.0,26.0,28.0,38,39,31,30,26,26.0,45,56,34,29,30,29,31,28,28,28
24,28.0,29.0,26.0,25,25.0,24.0,24.0,29.0,28,34,34,40,43,26.0,26,26,25,25,26,26,32,32,30,26
25,26.0,26.0,26.0,26,25.0,26.0,35.0,54.0,59,55,36,25,25,25.0,39,53,56,57,59,60,61,62,63,63
26,63.0,63.0,64.0,66,67.0,67.0,67.0,68.0,68,68,66,65,66,65.0,65,64,64,64,64,65,64,64,65,66
27,66.0,66.0,67.0,68,69.0,70.0,69.0,69.0,73,102,68,78,135,78.0,69,78,67,64,79,68,68,68,78,68
28,68.0,68.0,70.0,76,67.0,74.0,75.0,70.0,81,83,107,176,158,107.0,73,73,72,64,66,68,67,66,67,67
29,67.0,67.0,67.0,68,67.0,67.0,72.0,80.0,92,109,122,105,236,120.0,105,95,114,80,82,68,170,64,65,65
30,65.0,80.0,81.0,65,65.0,65.0,64.0,65.0,84,90,84,86,62,61.0,61,70,66,61,84,94,140,143,70,72
"
"
October-2023,00:00:00,01:00:00,02:00:00,03:00:00,04:00:00,05:00:00,06:00:00,07:00:00,08:00:00,09:00:00,10:00:00,11:00:00,12:00:00,13:00:00,14:00:00,15:00:00,16:00:00,17:00:00,18:00:00,19:00:00,20:00:00,21:00:00,22:00:00,23:00:00
1,72.0,72.0,72.0,72,73,72.0,72.0,71.0,71.0,80,71,71,72,72,71,74,92,115,103,97,79,72,89,126.0
2,119.0,73.0,71.0,86,72,77.0,73.0,73.0,73.0,73,73,73,73,74,74,73,73,73,84,98,119,127,112,104.0
3,101.0,95.0,92.0,90,87,85.0,88.0,88.0,94.0,98,101,96,100,100,96,92,87,81,79,81,84,80,78,82.0
4,80.0,78.0,75.0,71,72,72.0,72.0,77.0,100.0,126,143,131,106,99,97,98,102,101,102,99,96,93,91,89.0
5,89.0,83.0,75.0,77,74,78.0,83.0,86.0,109.0,116,120,140,125,103,98,90,86,89,88,83,80,75,70,64.0
6,60.0,60.0,62.0,67,69,63.0,59.0,63.0,72.0,81,92,90,85,78,77,78,76,77,77,78,79,90,92,83.0
7,79.0,77.0,75.0,74,84,80.0,77.0,82.0,95.0,103,125,121,96,85,86,84,86,87,86,91,89,84,80,84.0
8,87.0,81.0,78.0,81,86,85.0,83.0,82.0,87.0,88,88,89,89,86,88,79,71,76,77,79,84,89,95,98.0
9,111.0,123.0,123.0,130,139,153.0,141.0,124.0,126.0,106,111,314,278,112,96,82,83,89,79,72,74,78,73,66.0
10,63.0,62.0,60.0,55,47,41.0,40.0,40.0,57.0,75,90,94,81,61,55,53,59,59,54,63,85,79,70,63.0
11,55.0,46.0,43.0,45,50,43.0,36.0,38.0,40.0,55,94,125,79,48,42,43,37,34,39,48,60,59,51,58.0
12,58.0,57.0,69.0,71,71,83.0,71.0,76.0,74.0,80,71,59,61,63,52,59,74,99,78,46,41,46,67,78.0
13,80.0,78.0,77.0,79,78,72.0,72.0,70.0,95.0,105,110,147,166,220,261,276,192,124,97,72,72,87,93,102.0
14,112.0,132.0,174.0,208,95,111.0,145.0,197.0,254.0,304,316,278,248,275,223,258,315,279,248,162,128,130,152,125.0
15,105.0,103.0,116.0,123,149,135.0,170.0,202.0,260.0,229,245,325,152,202,244,133,89,98,103,110,110,132,162,195.0
16,,,,231,155,181.0,218.0,182.0,218.0,306,329,262,310,221,247,262,191,174,176,199,175,186,218,245.0
17,259.0,279.0,252.0,187,224,192.0,193.0,209.0,238.0,215,207,185,146,131,136,127,95,102,135,212,188,196,200,178.0
18,161.0,173.0,195.0,168,119,138.0,181.0,270.0,229.0,242,228,299,307,267,191,149,115,120,109,107,108,125,117,120.0
19,133.0,168.0,157.0,166,132,136.0,156.0,138.0,115.0,129,127,231,96,92,96,141,115,107,97,104,117,104,106,129.0
20,149.0,175.0,205.0,207,200,184.0,137.0,131.0,154.0,203,248,305,223,185,215,176,205,277,214,216,160,154,166,157.0
21,179.0,252.0,285.0,239,224,242.0,246.0,272.0,204.0,213,331,302,237,133,127,120,139,165,198,209,219,182,174,227.0
22,249.0,214.0,203.0,257,251,168.0,173.0,202.0,302.0,310,334,312,310,307,292,176,268,286,268,276,220,229,208,229.0
23,205.0,216.0,188.0,171,154,185.0,228.0,299.0,331.0,332,306,318,318,318,50,193,196,184,161,166,145,178,199,244.0
24,259.0,219.0,223.0,204,197,275.0,289.0,304.0,305.0,326,315,316,288,280,302,219,286,189,139,140,125,173,145,124.0
25,124.0,147.0,181.0,171,176,192.0,222.0,299.0,212.0,251,219,229,195,174,186,136,136,162,166,129,125,149,131,124.0
26,145.0,159.0,163.0,141,140,200.0,203.0,172.0,145.0,169,305,232,157,131,110,168,135,111,111,110,110,112,111,112.0
27,114.0,142.0,124.0,130,162,201.0,217.0,242.0,224.0,268,223,179,115,115,112,112,111,111,110,112,111,112,113,
28,,,187.0,155,164,170.0,171.0,167.0,150.0,149,206,213,182,183,165,130,137,167,138,128,134,130,126,137.0
29,164.0,204.0,206.0,186,180,177.0,243.0,269.0,156.0,137,165,170,151,144,149,137,148,185,146,124,118,115,112,113.0
30,135.0,158.0,179.0,177,180,,,,,173,161,163,129,152,163,132,124,132,131,117,126,168,124,118.0
31,132.0,197.0,219.0,261,301,300.0,294.0,326.0,307.0,292,274,238,167,163,144,134,130,158,150,166,189,215,210,175.0
"
"
November-2023,00:00:00,01:00:00,02:00:00,03:00:00,04:00:00,05:00:00,06:00:00,07:00:00,08:00:00,09:00:00,10:00:00,11:00:00,12:00:00,13:00:00,14:00:00,15:00:00,16:00:00,17:00:00,18:00:00,19:00:00,20:00:00,21:00:00,22:00:00,23:00:00
1,253.0,159.0,150.0,160.0,144.0,270.0,314.0,324.0,325.0,323.0,310.0,232.0,211.0,134.0,174.0,164.0,144.0,175.0,192.0,203.0,219.0,179.0,155.0,153.0
2,172.0,233.0,275.0,289.0,274.0,258.0,313.0,322.0,316.0,247.0,297.0,291.0,236.0,202.0,187.0,174.0,132.0,206.0,,147.0,143.0,150.0,175.0,167.0
3,138.0,159.0,166.0,202.0,260.0,292.0,322.0,311.0,280.0,235.0,218.0,277.0,251.0,250.0,196.0,178.0,199.0,165.0,170.0,173.0,167.0,198.0,206.0,232.0
4,278.0,286.0,290.0,274.0,248.0,215.0,182.0,189.0,200.0,238.0,240.0,208.0,226.0,230.0,227.0,173.0,157.0,169.0,176.0,193.0,212.0,191.0,158.0,185.0
5,184.0,223.0,281.0,255.0,282.0,311.0,308.0,334.0,310.0,307.0,301.0,218.0,229.0,186.0,199.0,200.0,200.0,165.0,189.0,142.0,108.0,129.0,181.0,190.0
6,212.0,213.0,226.0,308.0,305.0,307.0,314.0,311.0,314.0,325.0,318.0,308.0,289.0,287.0,120.0,120.0,123.0,115.0,104.0,104.0,114.0,117.0,128.0,145.0
7,165.0,183.0,185.0,184.0,242.0,223.0,238.0,203.0,163.0,140.0,158.0,162.0,148.0,142.0,142.0,149.0,150.0,146.0,,125.0,126.0,124.0,120.0,126.0
8,157.0,228.0,195.0,167.0,156.0,154.0,162.0,164.0,143.0,134.0,154.0,135.0,105.0,90.0,26.0,34.0,39.0,,96.0,74.0,56.0,42.0,60.0,90.0
9,105.0,118.0,126.0,109.0,128.0,133.0,122.0,115.0,113.0,124.0,188.0,160.0,125.0,119.0,50.0,85.0,95.0,70.0,64.0,59.0,73.0,74.0,81.0,97.0
10,71.0,43.0,36.0,44.0,46.0,56.0,65.0,56.0,57.0,76.0,93.0,92.0,86.0,79.0,78.0,102.0,87.0,81.0,83.0,45.0,61.0,57.0,82.0,88.0
11,67.0,79.0,88.0,86.0,124.0,106.0,96.0,94.0,92.0,76.0,85.0,89.0,92.0,93.0,36.0,88.0,89.0,92.0,110.0,122.0,129.0,133.0,142.0,221.0
12,235.0,247.0,180.0,142.0,139.0,132.0,129.0,129.0,131.0,127.0,129.0,146.0,159.0,129.0,120.0,134.0,138.0,121.0,119.0,119.0,122.0,143.0,287.0,306.0
13,101.0,98.0,60.0,362.0,373.0,362.0,349.0,293.0,235.0,242.0,221.0,149.0,168.0,179.0,38.0,117.0,120.0,118.0,110.0,107.0,108.0,115.0,135.0,135.0
14,136.0,118.0,107.0,114.0,126.0,190.0,203.0,194.0,223.0,209.0,240.0,221.0,167.0,163.0,47.0,125.0,128.0,129.0,134.0,160.0,144.0,149.0,192.0,165.0
15,257.0,285.0,296.0,278.0,272.0,297.0,296.0,266.0,231.0,262.0,307.0,303.0,152.0,196.0,64.0,110.0,114.0,124.0,128.0,92.0,107.0,107.0,,
16,116.0,133.0,,,,,,,126.0,129.0,113.0,107.0,101.0,99.0,59.0,68.0,71.0,78.0,79.0,77.0,70.0,81.0,89.0,86.0
17,86.0,92.0,101.0,112.0,124.0,116.0,136.0,136.0,132.0,116.0,111.0,109.0,110.0,111.0,111.0,59.0,97.0,94.0,101.0,106.0,108.0,100.0,92.0,97.0
18,101.0,128.0,144.0,134.0,139.0,144.0,134.0,131.0,108.0,144.0,154.0,117.0,113.0,113.0,73.0,105.0,97.0,91.0,97.0,90.0,89.0,100.0,92.0,104.0
19,113.0,124.0,167.0,154.0,151.0,156.0,169.0,153.0,130.0,126.0,166.0,132.0,115.0,110.0,92.0,75.0,75.0,66.0,61.0,61.0,58.0,58.0,56.0,71.0
20,95.0,92.0,73.0,77.0,71.0,63.0,63.0,66.0,68.0,75.0,80.0,77.0,82.0,85.0,67.0,77.0,57.0,62.0,73.0,84.0,83.0,76.0,78.0,96.0
21,102.0,100.0,98.0,91.0,87.0,85.0,109.0,130.0,133.0,108.0,141.0,121.0,86.0,59.0,69.0,80.0,76.0,90.0,90.0,84.0,82.0,79.0,85.0,91.0
22,97.0,104.0,109.0,108.0,95.0,83.0,84.0,85.0,87.0,87.0,93.0,96.0,105.0,99.0,88.0,74.0,84.0,80.0,77.0,79.0,75.0,73.0,76.0,87.0
23,99.0,103.0,103.0,96.0,83.0,85.0,97.0,102.0,103.0,103.0,107.0,105.0,100.0,83.0,95.0,102.0,86.0,81.0,83.0,78.0,75.0,83.0,98.0,121.0
24,119.0,122.0,145.0,145.0,119.0,117.0,110.0,104.0,106.0,101.0,96.0,102.0,107.0,102.0,75.0,54.0,69.0,73.0,75.0,86.0,77.0,86.0,87.0,84.0
25,88.0,101.0,115.0,117.0,111.0,104.0,124.0,117.0,108.0,103.0,91.0,65.0,56.0,54.0,50.0,47.0,49.0,55.0,58.0,65.0,61.0,71.0,88.0,84.0
26,,,,,,,,,,,,,,,,,,,,,41.0,43.0,44.0,51.0
27,56.0,47.0,47.0,48.0,43.0,44.0,45.0,42.0,47.0,74.0,67.0,103.0,67.0,51.0,27.0,22.0,28.0,24.0,25.0,27.0,30.0,30.0,36.0,38.0
28,47.0,53.0,42.0,35.0,35.0,34.0,32.0,43.0,49.0,55.0,60.0,61.0,59.0,57.0,53.0,,,,,,,,,
29,,,,,,,,,,,,,103.0,71.0,55.0,48.0,53.0,55.0,59.0,66.0,67.0,72.0,76.0,81.0
30,81.0,78.0,85.0,96.0,101.0,107.0,111.0,111.0,106.0,108.0,126.0,92.0,80.0,67.0,60.0,62.0,51.0,47.0,53.0,59.0,58.0,61.0,76.0,77.0
"
"
December-2023,00:00:00,01:00:00,02:00:00,03:00:00,04:00:00,05:00:00,06:00:00,07:00:00,08:00:00,09:00:00,10:00:00,11:00:00,12:00:00,13:00:00,14:00:00,15:00:00,16:00:00,17:00:00,18:00:00,19:00:00,20:00:00,21:00:00,22:00:00,23:00:00
1,80,88,86,79,89,81,124,141,137,165,166.0,134.0,116.0,111,95,83,93,89,80,75,82,86,98.0,101
2,104,104,108,117,125,119,112,131,131,119,116.0,149.0,168.0,123,110,97,94,99,90,82,95,96,90.0,89
3,90,89,100,124,160,177,178,150,133,141,153.0,136.0,120.0,127,115,101,104,110,104,97,89,82,91.0,101
4,116,127,114,107,115,127,125,120,125,130,121.0,172.0,120.0,101,104,89,90,78,82,89,98,103,112.0,115
5,115,113,117,108,103,111,110,100,100,106,109.0,105.0,97.0,92,97,94,98,92,96,97,107,111,117.0,124
6,137,140,135,122,120,124,124,125,124,123,118.0,159.0,135.0,116,116,113,109,107,109,108,108,107,106.0,113
7,120,103,113,113,101,101,89,97,91,76,78.0,74.0,74.0,85,80,71,89,85,82,75,63,66,74.0,80
8,97,113,117,117,116,107,108,107,106,105,106.0,104.0,104.0,104,100,80,75,85,71,68,72,70,64.0,65
9,73,88,108,116,117,123,121,110,114,110,,,,108,110,99,82,75,77,78,81,95,102.0,110
10,121,130,126,112,101,102,100,108,108,95,89.0,94.0,101.0,112,108,100,98,85,68,66,69,61,61.0,76
11,86,103,120,114,106,92,104,107,113,118,122.0,137.0,125.0,105,102,91,77,78,83,67,60,59,66.0,63
12,64,62,60,62,102,106,105,121,115,112,113.0,108.0,113.0,109,103,94,70,61,66,69,77,72,69.0,81
13,95,102,102,91,102,82,83,84,105,106,118.0,136.0,141.0,114,122,112,84,62,71,68,72,82,86.0,102
14,108,125,118,151,168,135,102,89,80,75,74.0,76.0,81.0,77,80,70,69,91,102,93,95,94,97.0,78
15,86,96,104,101,99,151,153,146,123,110,99.0,96.0,94.0,82,58,55,60,64,68,92,89,82,,82
16,90,97,115,126,96,92,100,99,114,136,126.0,117.0,113.0,124,124,65,77,73,70,67,71,71,75.0,85
17,104,117,111,110,106,98,97,96,91,100,94.0,93.0,99.0,109,109,107,102,97,92,90,93,101,114.0,125
18,118,110,111,106,106,101,102,102,93,89,93.0,101.0,108.0,107,101,99,96,96,92,99,108,103,115.0,126
19,117,111,103,98,98,98,99,94,92,92,98.0,93.0,92.0,89,89,95,100,99,98,92,98,112,123.0,122
20,114,109,109,94,96,97,92,89,83,83,92.0,91.0,101.0,108,88,86,84,94,90,79,73,85,98.0,109
21,118,124,114,110,106,103,101,100,105,103,103.0,99.0,98.0,102,101,96,86,100,102,108,114,93,82.0,85
22,88,96,99,118,127,121,128,156,163,172,176.0,183.0,156.0,152,144,158,164,162,140,128,161,162,185.0,145
23,115,103,95,118,159,186,197,196,194,197,169.0,163.0,137.0,110,100,114,99,86,89,93,97,89,82.0,89
24,99,114,148,128,128,126,106,121,121,131,159.0,126.0,110.0,118,126,110,107,95,79,80,70,71,75.0,87
25,103,107,115,143,149,166,158,142,122,101,93.0,99.0,111.0,119,113,107,101,88,88,80,77,76,81.0,86
26,98,108,107,118,124,150,169,192,191,218,201.0,226.0,200.0,136,120,111,124,127,135,113,137,104,92.0,99
27,109,132,157,174,147,123,177,201,210,210,215.0,217.0,156.0,109,128,114,103,94,102,99,123,137,158.0,167
28,159,150,143,213,220,229,241,258,263,257,220.0,194.0,261.0,209,142,122,116,131,131,102,103,109,122.0,157
29,177,204,213,215,163,162,168,194,294,298,306.0,302.0,245.0,188,159,142,75,65,69,95,170,163,123.0,132
30,171,192,216,156,113,137,157,171,163,184,223.0,217.0,243.0,217,183,191,170,141,128,135,123,107,96.0,94
31,107,112,124,125,149,156,145,151,183,225,216.0,162.0,108.0,104,109,101,101,99,82,73,84,85,101.0,84
"
"
