Year,2017
January-2017,00:00:00,01:00:00,02:00:00,03:00:00,04:00:00,05:00:00,06:00:00,07:00:00,08:00:00,09:00:00,10:00:00,11:00:00,12:00:00,13:00:00,14:00:00,15:00:00,16:00:00,17:00:00,18:00:00,19:00:00,20:00:00,21:00:00,22:00:00,23:00:00
"
"
February-2017,00:00:00,01:00:00,02:00:00,03:00:00,04:00:00,05:00:00,06:00:00,07:00:00,08:00:00,09:00:00,10:00:00,11:00:00,12:00:00,13:00:00,14:00:00,15:00:00,16:00:00,17:00:00,18:00:00,19:00:00,20:00:00,21:00:00,22:00:00,23:00:00
"
"
March-2017,00:00:00,01:00:00,02:00:00,03:00:00,04:00:00,05:00:00,06:00:00,07:00:00,08:00:00,09:00:00,10:00:00,11:00:00,12:00:00,13:00:00,14:00:00,15:00:00,16:00:00,17:00:00,18:00:00,19:00:00,20:00:00,21:00:00,22:00:00,23:00:00
"
"
April-2017,00:00:00,01:00:00,02:00:00,03:00:00,04:00:00,05:00:00,06:00:00,07:00:00,08:00:00,09:00:00,10:00:00,11:00:00,12:00:00,13:00:00,14:00:00,15:00:00,16:00:00,17:00:00,18:00:00,19:00:00,20:00:00,21:00:00,22:00:00,23:00:00
"
"
May-2017,00:00:00,01:00:00,02:00:00,03:00:00,04:00:00,05:00:00,06:00:00,07:00:00,08:00:00,09:00:00,10:00:00,11:00:00,12:00:00,13:00:00,14:00:00,15:00:00,16:00:00,17:00:00,18:00:00,19:00:00,20:00:00,21:00:00,22:00:00,23:00:00
"
"
June-2017,00:00:00,01:00:00,02:00:00,03:00:00,04:00:00,05:00:00,06:00:00,07:00:00,08:00:00,09:00:00,10:00:00,11:00:00,12:00:00,13:00:00,14:00:00,15:00:00,16:00:00,17:00:00,18:00:00,19:00:00,20:00:00,21:00:00,22:00:00,23:00:00
"
"
July-2017,00:00:00,01:00:00,02:00:00,03:00:00,04:00:00,05:00:00,06:00:00,07:00:00,08:00:00,09:00:00,10:00:00,11:00:00,12:00:00,13:00:00,14:00:00,15:00:00,16:00:00,17:00:00,18:00:00,19:00:00,20:00:00,21:00:00,22:00:00,23:00:00
"
"
August-2017,00:00:00,01:00:00,02:00:00,03:00:00,04:00:00,05:00:00,06:00:00,07:00:00,08:00:00,09:00:00,10:00:00,11:00:00,12:00:00,13:00:00,14:00:00,15:00:00,16:00:00,17:00:00,18:00:00,19:00:00,20:00:00,21:00:00,22:00:00,23:00:00
"
"
September-2017,00:00:00,01:00:00,02:00:00,03:00:00,04:00:00,05:00:00,06:00:00,07:00:00,08:00:00,09:00:00,10:00:00,11:00:00,12:00:00,13:00:00,14:00:00,15:00:00,16:00:00,17:00:00,18:00:00,19:00:00,20:00:00,21:00:00,22:00:00,23:00:00
"
"
October-2017,00:00:00,01:00:00,02:00:00,03:00:00,04:00:00,05:00:00,06:00:00,07:00:00,08:00:00,09:00:00,10:00:00,11:00:00,12:00:00,13:00:00,14:00:00,15:00:00,16:00:00,17:00:00,18:00:00,19:00:00,20:00:00,21:00:00,22:00:00,23:00:00
"
"
November-2017,00:00:00,01:00:00,02:00:00,03:00:00,04:00:00,05:00:00,06:00:00,07:00:00,08:00:00,09:00:00,10:00:00,11:00:00,12:00:00,13:00:00,14:00:00,15:00:00,16:00:00,17:00:00,18:00:00,19:00:00,20:00:00,21:00:00,22:00:00,23:00:00
"
"
December-2017,00:00:00,01:00:00,02:00:00,03:00:00,04:00:00,05:00:00,06:00:00,07:00:00,08:00:00,09:00:00,10:00:00,11:00:00,12:00:00,13:00:00,14:00:00,15:00:00,16:00:00,17:00:00,18:00:00,19:00:00,20:00:00,21:00:00,22:00:00,23:00:00
"
"
Year,2018
January-2018,00:00:00,01:00:00,02:00:00,03:00:00,04:00:00,05:00:00,06:00:00,07:00:00,08:00:00,09:00:00,10:00:00,11:00:00,12:00:00,13:00:00,14:00:00,15:00:00,16:00:00,17:00:00,18:00:00,19:00:00,20:00:00,21:00:00,22:00:00,23:00:00
"
"
February-2018,00:00:00,01:00:00,02:00:00,03:00:00,04:00:00,05:00:00,06:00:00,07:00:00,08:00:00,09:00:00,10:00:00,11:00:00,12:00:00,13:00:00,14:00:00,15:00:00,16:00:00,17:00:00,18:00:00,19:00:00,20:00:00,21:00:00,22:00:00,23:00:00
"
"
March-2018,00:00:00,01:00:00,02:00:00,03:00:00,04:00:00,05:00:00,06:00:00,07:00:00,08:00:00,09:00:00,10:00:00,11:00:00,12:00:00,13:00:00,14:00:00,15:00:00,16:00:00,17:00:00,18:00:00,19:00:00,20:00:00,21:00:00,22:00:00,23:00:00
"
"
April-2018,00:00:00,01:00:00,02:00:00,03:00:00,04:00:00,05:00:00,06:00:00,07:00:00,08:00:00,09:00:00,10:00:00,11:00:00,12:00:00,13:00:00,14:00:00,15:00:00,16:00:00,17:00:00,18:00:00,19:00:00,20:00:00,21:00:00,22:00:00,23:00:00
"
"
May-2018,00:00:00,01:00:00,02:00:00,03:00:00,04:00:00,05:00:00,06:00:00,07:00:00,08:00:00,09:00:00,10:00:00,11:00:00,12:00:00,13:00:00,14:00:00,15:00:00,16:00:00,17:00:00,18:00:00,19:00:00,20:00:00,21:00:00,22:00:00,23:00:00
"
"
June-2018,00:00:00,01:00:00,02:00:00,03:00:00,04:00:00,05:00:00,06:00:00,07:00:00,08:00:00,09:00:00,10:00:00,11:00:00,12:00:00,13:00:00,14:00:00,15:00:00,16:00:00,17:00:00,18:00:00,19:00:00,20:00:00,21:00:00,22:00:00,23:00:00
"
"
July-2018,00:00:00,01:00:00,02:00:00,03:00:00,04:00:00,05:00:00,06:00:00,07:00:00,08:00:00,09:00:00,10:00:00,11:00:00,12:00:00,13:00:00,14:00:00,15:00:00,16:00:00,17:00:00,18:00:00,19:00:00,20:00:00,21:00:00,22:00:00,23:00:00
"
"
August-2018,00:00:00,01:00:00,02:00:00,03:00:00,04:00:00,05:00:00,06:00:00,07:00:00,08:00:00,09:00:00,10:00:00,11:00:00,12:00:00,13:00:00,14:00:00,15:00:00,16:00:00,17:00:00,18:00:00,19:00:00,20:00:00,21:00:00,22:00:00,23:00:00
"
"
September-2018,00:00:00,01:00:00,02:00:00,03:00:00,04:00:00,05:00:00,06:00:00,07:00:00,08:00:00,09:00:00,10:00:00,11:00:00,12:00:00,13:00:00,14:00:00,15:00:00,16:00:00,17:00:00,18:00:00,19:00:00,20:00:00,21:00:00,22:00:00,23:00:00
"
"
October-2018,00:00:00,01:00:00,02:00:00,03:00:00,04:00:00,05:00:00,06:00:00,07:00:00,08:00:00,09:00:00,10:00:00,11:00:00,12:00:00,13:00:00,14:00:00,15:00:00,16:00:00,17:00:00,18:00:00,19:00:00,20:00:00,21:00:00,22:00:00,23:00:00
"
"
November-2018,00:00:00,01:00:00,02:00:00,03:00:00,04:00:00,05:00:00,06:00:00,07:00:00,08:00:00,09:00:00,10:00:00,11:00:00,12:00:00,13:00:00,14:00:00,15:00:00,16:00:00,17:00:00,18:00:00,19:00:00,20:00:00,21:00:00,22:00:00,23:00:00
"
"
December-2018,00:00:00,01:00:00,02:00:00,03:00:00,04:00:00,05:00:00,06:00:00,07:00:00,08:00:00,09:00:00,10:00:00,11:00:00,12:00:00,13:00:00,14:00:00,15:00:00,16:00:00,17:00:00,18:00:00,19:00:00,20:00:00,21:00:00,22:00:00,23:00:00
"
"
Year,2019
January-2019,00:00:00,01:00:00,02:00:00,03:00:00,04:00:00,05:00:00,06:00:00,07:00:00,08:00:00,09:00:00,10:00:00,11:00:00,12:00:00,13:00:00,14:00:00,15:00:00,16:00:00,17:00:00,18:00:00,19:00:00,20:00:00,21:00:00,22:00:00,23:00:00
"
"
February-2019,00:00:00,01:00:00,02:00:00,03:00:00,04:00:00,05:00:00,06:00:00,07:00:00,08:00:00,09:00:00,10:00:00,11:00:00,12:00:00,13:00:00,14:00:00,15:00:00,16:00:00,17:00:00,18:00:00,19:00:00,20:00:00,21:00:00,22:00:00,23:00:00
"
"
March-2019,00:00:00,01:00:00,02:00:00,03:00:00,04:00:00,05:00:00,06:00:00,07:00:00,08:00:00,09:00:00,10:00:00,11:00:00,12:00:00,13:00:00,14:00:00,15:00:00,16:00:00,17:00:00,18:00:00,19:00:00,20:00:00,21:00:00,22:00:00,23:00:00
"
"
April-2019,00:00:00,01:00:00,02:00:00,03:00:00,04:00:00,05:00:00,06:00:00,07:00:00,08:00:00,09:00:00,10:00:00,11:00:00,12:00:00,13:00:00,14:00:00,15:00:00,16:00:00,17:00:00,18:00:00,19:00:00,20:00:00,21:00:00,22:00:00,23:00:00
"
"
May-2019,00:00:00,01:00:00,02:00:00,03:00:00,04:00:00,05:00:00,06:00:00,07:00:00,08:00:00,09:00:00,10:00:00,11:00:00,12:00:00,13:00:00,14:00:00,15:00:00,16:00:00,17:00:00,18:00:00,19:00:00,20:00:00,21:00:00,22:00:00,23:00:00
"
"
June-2019,00:00:00,01:00:00,02:00:00,03:00:00,04:00:00,05:00:00,06:00:00,07:00:00,08:00:00,09:00:00,10:00:00,11:00:00,12:00:00,13:00:00,14:00:00,15:00:00,16:00:00,17:00:00,18:00:00,19:00:00,20:00:00,21:00:00,22:00:00,23:00:00
"
"
July-2019,00:00:00,01:00:00,02:00:00,03:00:00,04:00:00,05:00:00,06:00:00,07:00:00,08:00:00,09:00:00,10:00:00,11:00:00,12:00:00,13:00:00,14:00:00,15:00:00,16:00:00,17:00:00,18:00:00,19:00:00,20:00:00,21:00:00,22:00:00,23:00:00
"
"
August-2019,00:00:00,01:00:00,02:00:00,03:00:00,04:00:00,05:00:00,06:00:00,07:00:00,08:00:00,09:00:00,10:00:00,11:00:00,12:00:00,13:00:00,14:00:00,15:00:00,16:00:00,17:00:00,18:00:00,19:00:00,20:00:00,21:00:00,22:00:00,23:00:00
"
"
September-2019,00:00:00,01:00:00,02:00:00,03:00:00,04:00:00,05:00:00,06:00:00,07:00:00,08:00:00,09:00:00,10:00:00,11:00:00,12:00:00,13:00:00,14:00:00,15:00:00,16:00:00,17:00:00,18:00:00,19:00:00,20:00:00,21:00:00,22:00:00,23:00:00
"
"
October-2019,00:00:00,01:00:00,02:00:00,03:00:00,04:00:00,05:00:00,06:00:00,07:00:00,08:00:00,09:00:00,10:00:00,11:00:00,12:00:00,13:00:00,14:00:00,15:00:00,16:00:00,17:00:00,18:00:00,19:00:00,20:00:00,21:00:00,22:00:00,23:00:00
"
"
November-2019,00:00:00,01:00:00,02:00:00,03:00:00,04:00:00,05:00:00,06:00:00,07:00:00,08:00:00,09:00:00,10:00:00,11:00:00,12:00:00,13:00:00,14:00:00,15:00:00,16:00:00,17:00:00,18:00:00,19:00:00,20:00:00,21:00:00,22:00:00,23:00:00
"
"
December-2019,00:00:00,01:00:00,02:00:00,03:00:00,04:00:00,05:00:00,06:00:00,07:00:00,08:00:00,09:00:00,10:00:00,11:00:00,12:00:00,13:00:00,14:00:00,15:00:00,16:00:00,17:00:00,18:00:00,19:00:00,20:00:00,21:00:00,22:00:00,23:00:00
"
"
Year,2020
January-2020,00:00:00,01:00:00,02:00:00,03:00:00,04:00:00,05:00:00,06:00:00,07:00:00,08:00:00,09:00:00,10:00:00,11:00:00,12:00:00,13:00:00,14:00:00,15:00:00,16:00:00,17:00:00,18:00:00,19:00:00,20:00:00,21:00:00,22:00:00,23:00:00
"
"
February-2020,00:00:00,01:00:00,02:00:00,03:00:00,04:00:00,05:00:00,06:00:00,07:00:00,08:00:00,09:00:00,10:00:00,11:00:00,12:00:00,13:00:00,14:00:00,15:00:00,16:00:00,17:00:00,18:00:00,19:00:00,20:00:00,21:00:00,22:00:00,23:00:00
"
"
March-2020,00:00:00,01:00:00,02:00:00,03:00:00,04:00:00,05:00:00,06:00:00,07:00:00,08:00:00,09:00:00,10:00:00,11:00:00,12:00:00,13:00:00,14:00:00,15:00:00,16:00:00,17:00:00,18:00:00,19:00:00,20:00:00,21:00:00,22:00:00,23:00:00
"
"
April-2020,00:00:00,01:00:00,02:00:00,03:00:00,04:00:00,05:00:00,06:00:00,07:00:00,08:00:00,09:00:00,10:00:00,11:00:00,12:00:00,13:00:00,14:00:00,15:00:00,16:00:00,17:00:00,18:00:00,19:00:00,20:00:00,21:00:00,22:00:00,23:00:00
"
"
May-2020,00:00:00,01:00:00,02:00:00,03:00:00,04:00:00,05:00:00,06:00:00,07:00:00,08:00:00,09:00:00,10:00:00,11:00:00,12:00:00,13:00:00,14:00:00,15:00:00,16:00:00,17:00:00,18:00:00,19:00:00,20:00:00,21:00:00,22:00:00,23:00:00
"
"
June-2020,00:00:00,01:00:00,02:00:00,03:00:00,04:00:00,05:00:00,06:00:00,07:00:00,08:00:00,09:00:00,10:00:00,11:00:00,12:00:00,13:00:00,14:00:00,15:00:00,16:00:00,17:00:00,18:00:00,19:00:00,20:00:00,21:00:00,22:00:00,23:00:00
"
"
July-2020,00:00:00,01:00:00,02:00:00,03:00:00,04:00:00,05:00:00,06:00:00,07:00:00,08:00:00,09:00:00,10:00:00,11:00:00,12:00:00,13:00:00,14:00:00,15:00:00,16:00:00,17:00:00,18:00:00,19:00:00,20:00:00,21:00:00,22:00:00,23:00:00
"
"
August-2020,00:00:00,01:00:00,02:00:00,03:00:00,04:00:00,05:00:00,06:00:00,07:00:00,08:00:00,09:00:00,10:00:00,11:00:00,12:00:00,13:00:00,14:00:00,15:00:00,16:00:00,17:00:00,18:00:00,19:00:00,20:00:00,21:00:00,22:00:00,23:00:00
"
"
September-2020,00:00:00,01:00:00,02:00:00,03:00:00,04:00:00,05:00:00,06:00:00,07:00:00,08:00:00,09:00:00,10:00:00,11:00:00,12:00:00,13:00:00,14:00:00,15:00:00,16:00:00,17:00:00,18:00:00,19:00:00,20:00:00,21:00:00,22:00:00,23:00:00
"
"
October-2020,00:00:00,01:00:00,02:00:00,03:00:00,04:00:00,05:00:00,06:00:00,07:00:00,08:00:00,09:00:00,10:00:00,11:00:00,12:00:00,13:00:00,14:00:00,15:00:00,16:00:00,17:00:00,18:00:00,19:00:00,20:00:00,21:00:00,22:00:00,23:00:00
"
"
November-2020,00:00:00,01:00:00,02:00:00,03:00:00,04:00:00,05:00:00,06:00:00,07:00:00,08:00:00,09:00:00,10:00:00,11:00:00,12:00:00,13:00:00,14:00:00,15:00:00,16:00:00,17:00:00,18:00:00,19:00:00,20:00:00,21:00:00,22:00:00,23:00:00
1,,,,,,,,,,,,,,,,,,,,,,,,
2,,,,,,,,,,,,,,,,,,,,,,,,
3,,,,,,,,,,,,,,,,,,,,,,,,
4,,,,,,,,,,,,,,,,,,,,,,,,
5,,,,,,,,,,,,,,,,,,,,,,,,
6,,,,,,,,,,,,,,,,,,,,,,,,
7,,,,,,,,,,,,,,,,,60.0,61.0,75.0,99.0,113.0,141.0,231.0,225.0
8,209.0,152.0,124.0,114.0,94.0,85.0,84.0,101.0,136.0,295.0,237.0,129.0,83.0,74.0,66.0,69.0,77.0,72.0,75.0,85.0,101.0,117.0,328.0,347.0
9,334.0,266.0,152.0,90.0,75.0,74.0,64.0,73.0,95.0,96.0,102.0,100.0,81.0,76.0,74.0,83.0,82.0,82.0,90.0,100.0,107.0,159.0,259.0,302.0
10,248.0,188.0,244.0,147.0,118.0,110.0,108.0,109.0,126.0,159.0,129.0,118.0,110.0,104.0,100.0,93.0,88.0,95.0,102.0,111.0,122.0,207.0,311.0,352.0
11,378.0,345.0,364.0,359.0,213.0,176.0,108.0,108.0,111.0,135.0,128.0,118.0,108.0,104.0,97.0,92.0,93.0,102.0,110.0,118.0,128.0,155.0,170.0,187.0
12,209.0,193.0,161.0,144.0,127.0,123.0,134.0,117.0,125.0,158.0,139.0,140.0,128.0,127.0,125.0,130.0,133.0,133.0,131.0,126.0,129.0,136.0,144.0,147.0
13,143.0,141.0,135.0,129.0,122.0,115.0,114.0,113.0,128.0,146.0,156.0,160.0,166.0,167.0,159.0,152.0,143.0,135.0,135.0,138.0,145.0,155.0,159.0,163.0
14,160.0,155.0,148.0,136.0,129.0,119.0,110.0,110.0,117.0,124.0,134.0,131.0,122.0,115.0,113.0,112.0,107.0,106.0,115.0,126.0,136.0,152.0,156.0,160.0
15,162.0,152.0,138.0,126.0,115.0,103.0,101.0,101.0,108.0,125.0,128.0,130.0,135.0,142.0,140.0,139.0,130.0,117.0,114.0,120.0,131.0,137.0,141.0,144.0
16,147.0,146.0,141.0,135.0,122.0,113.0,108.0,108.0,114.0,148.0,152.0,134.0,119.0,115.0,143.0,141.0,132.0,126.0,128.0,129.0,132.0,141.0,146.0,146.0
17,137.0,121.0,110.0,100.0,98.0,93.0,92.0,87.0,93.0,111.0,113.0,113.0,121.0,115.0,100.0,90.0,70.0,68.0,68.0,66.0,87.0,114.0,121.0,132.0
18,136.0,133.0,125.0,116.0,114.0,113.0,111.0,102.0,111.0,129.0,133.0,137.0,134.0,136.0,130.0,166.0,145.0,118.0,121.0,125.0,136.0,151.0,158.0,156.0
19,150.0,132.0,120.0,107.0,103.0,98.0,102.0,118.0,172.0,199.0,209.0,161.0,163.0,152.0,147.0,147.0,152.0,160.0,163.0,159.0,156.0,162.0,191.0,220.0
20,168.0,148.0,135.0,131.0,124.0,123.0,121.0,124.0,176.0,241.0,178.0,153.0,139.0,138.0,144.0,256.0,219.0,142.0,149.0,157.0,192.0,279.0,223.0,59.0
21,489.0,375.0,340.0,313.0,302.0,249.0,177.0,153.0,154.0,156.0,135.0,134.0,137.0,129.0,118.0,115.0,118.0,101.0,101.0,105.0,110.0,120.0,125.0,128.0
22,127.0,128.0,130.0,132.0,134.0,141.0,138.0,135.0,137.0,166.0,144.0,133.0,122.0,108.0,102.0,100.0,96.0,94.0,103.0,110.0,106.0,103.0,99.0,99.0
23,110.0,109.0,109.0,102.0,99.0,92.0,88.0,86.0,101.0,123.0,121.0,110.0,108.0,103.0,101.0,96.0,92.0,93.0,98.0,90.0,93.0,104.0,118.0,125.0
24,125.0,117.0,107.0,94.0,87.0,79.0,71.0,73.0,94.0,119.0,116.0,113.0,105.0,97.0,95.0,95.0,97.0,104.0,101.0,99.0,117.0,120.0,128.0,133.0
25,129.0,,,,,,,,,,,,,,,,,,,,,,,
"
"
December-2020,00:00:00,01:00:00,02:00:00,03:00:00,04:00:00,05:00:00,06:00:00,07:00:00,08:00:00,09:00:00,10:00:00,11:00:00,12:00:00,13:00:00,14:00:00,15:00:00,16:00:00,17:00:00,18:00:00,19:00:00,20:00:00,21:00:00,22:00:00,23:00:00
1,129.0,119.0,109.0,98.0,89.0,85.0,83.0,87.0,91.0,101.0,104.0,102.0,103.0,104.0,100.0,104.0,114.0,116.0,122.0,121.0,129.0,136.0,144.0,141.0
2,146.0,140.0,126.0,121.0,117.0,109.0,103.0,104.0,122.0,150.0,134.0,123.0,123.0,127.0,124.0,122.0,127.0,129.0,131.0,139.0,147.0,153.0,161.0,155.0
3,155.0,146.0,134.0,125.0,114.0,106.0,99.0,102.0,131.0,221.0,174.0,146.0,142.0,139.0,133.0,225.0,226.0,135.0,145.0,151.0,159.0,164.0,166.0,168.0
4,167.0,149.0,126.0,113.0,,98.0,95.0,101.0,158.0,249.0,186.0,165.0,132.0,121.0,172.0,254.0,174.0,120.0,126.0,131.0,139.0,150.0,166.0,166.0
5,163.0,136.0,123.0,116.0,110.0,101.0,103.0,110.0,157.0,270.0,189.0,161.0,118.0,105.0,215.0,193.0,120.0,118.0,132.0,145.0,162.0,168.0,169.0,164.0
6,160.0,148.0,132.0,124.0,110.0,98.0,92.0,91.0,107.0,111.0,105.0,99.0,91.0,201.0,177.0,109.0,88.0,86.0,98.0,107.0,110.0,120.0,141.0,151.0
7,147.0,139.0,131.0,120.0,108.0,103.0,103.0,106.0,119.0,154.0,161.0,134.0,129.0,128.0,133.0,121.0,92.0,96.0,96.0,88.0,113.0,153.0,156.0,165.0
8,146.0,136.0,127.0,120.0,105.0,102.0,95.0,105.0,121.0,108.0,136.0,116.0,88.0,110.0,106.0,110.0,107.0,107.0,107.0,108.0,126.0,135.0,136.0,139.0
9,134.0,127.0,120.0,107.0,103.0,106.0,109.0,109.0,113.0,119.0,117.0,104.0,102.0,100.0,95.0,104.0,112.0,113.0,121.0,127.0,135.0,137.0,137.0,132.0
10,117.0,113.0,106.0,101.0,104.0,99.0,102.0,100.0,115.0,114.0,120.0,134.0,70.0,87.0,133.0,127.0,123.0,125.0,130.0,134.0,,155.0,153.0,156.0
11,156.0,154.0,151.0,146.0,144.0,143.0,139.0,131.0,130.0,128.0,126.0,124.0,123.0,121.0,118.0,110.0,101.0,93.0,90.0,95.0,99.0,101.0,106.0,111.0
12,112.0,116.0,123.0,123.0,118.0,114.0,113.0,115.0,117.0,115.0,110.0,109.0,118.0,128.0,131.0,128.0,129.0,128.0,131.0,137.0,142.0,147.0,148.0,150.0
13,153.0,153.0,151.0,143.0,134.0,128.0,122.0,120.0,123.0,120.0,113.0,113.0,111.0,107.0,105.0,104.0,107.0,108.0,106.0,107.0,111.0,111.0,105.0,108.0
14,112.0,108.0,104.0,104.0,110.0,109.0,102.0,94.0,87.0,88.0,86.0,69.0,56.0,62.0,65.0,59.0,60.0,67.0,77.0,76.0,74.0,79.0,86.0,92.0
15,96.0,110.0,129.0,130.0,123.0,118.0,114.0,114.0,117.0,123.0,129.0,126.0,125.0,129.0,128.0,128.0,132.0,136.0,137.0,137.0,146.0,157.0,168.0,177.0
16,177.0,172.0,165.0,153.0,143.0,140.0,140.0,146.0,159.0,175.0,182.0,189.0,180.0,158.0,149.0,145.0,144.0,143.0,141.0,145.0,161.0,171.0,174.0,173.0
17,168.0,160.0,152.0,138.0,137.0,138.0,139.0,142.0,152.0,167.0,184.0,187.0,158.0,138.0,137.0,139.0,141.0,142.0,149.0,157.0,164.0,175.0,180.0,182.0
18,179.0,173.0,164.0,158.0,153.0,151.0,150.0,151.0,152.0,160.0,157.0,146.0,140.0,129.0,124.0,123.0,159.0,117.0,123.0,139.0,150.0,155.0,158.0,154.0
19,150.0,149.0,140.0,132.0,128.0,119.0,114.0,113.0,108.0,109.0,114.0,119.0,124.0,127.0,129.0,128.0,139.0,245.0,154.0,142.0,162.0,175.0,181.0,178.0
20,172.0,161.0,148.0,129.0,117.0,116.0,116.0,116.0,121.0,137.0,147.0,140.0,129.0,124.0,123.0,243.0,211.0,146.0,112.0,119.0,130.0,136.0,142.0,146.0
21,146.0,144.0,132.0,123.0,118.0,115.0,,,,,,133.0,,,,,,,,,,,,
22,,,,,,,,,,,,,195.0,,,,102.0,,,,,,,
23,,,,,,,,,,,,,,,,248.0,,139.0,123.0,128.0,148.0,161.0,162.0,164.0
24,167.0,155.0,140.0,124.0,106.0,102.0,99.0,104.0,127.0,157.0,156.0,147.0,130.0,123.0,172.0,221.0,167.0,146.0,124.0,129.0,138.0,156.0,158.0,165.0
25,164.0,162.0,146.0,129.0,124.0,119.0,119.0,113.0,128.0,160.0,173.0,156.0,141.0,139.0,136.0,238.0,254.0,185.0,141.0,154.0,177.0,187.0,179.0,173.0
26,174.0,164.0,152.0,135.0,131.0,124.0,115.0,114.0,128.0,154.0,172.0,173.0,167.0,159.0,146.0,308.0,301.0,189.0,147.0,159.0,168.0,175.0,174.0,179.0
27,181.0,174.0,167.0,149.0,144.0,141.0,131.0,128.0,138.0,155.0,156.0,164.0,170.0,171.0,168.0,166.0,167.0,174.0,170.0,171.0,175.0,185.0,180.0,191.0
28,190.0,173.0,163.0,150.0,135.0,129.0,125.0,123.0,129.0,137.0,293.0,181.0,142.0,124.0,277.0,255.0,132.0,136.0,155.0,189.0,215.0,229.0,226.0,226.0
29,237.0,201.0,176.0,150.0,139.0,131.0,126.0,125.0,126.0,169.0,205.0,188.0,212.0,94.0,96.0,162.0,155.0,153.0,155.0,160.0,171.0,181.0,185.0,186.0
30,183.0,177.0,169.0,162.0,156.0,149.0,146.0,149.0,161.0,185.0,218.0,253.0,265.0,243.0,214.0,197.0,187.0,185.0,184.0,187.0,191.0,196.0,200.0,215.0
31,231.0,226.0,213.0,197.0,186.0,183.0,179.0,176.0,177.0,173.0,181.0,187.0,175.0,169.0,159.0,152.0,297.0,238.0,170.0,175.0,189.0,196.0,198.0,201.0
"
"
Year,2021
January-2021,00:00:00,01:00:00,02:00:00,03:00:00,04:00:00,05:00:00,06:00:00,07:00:00,08:00:00,09:00:00,10:00:00,11:00:00,12:00:00,13:00:00,14:00:00,15:00:00,16:00:00,17:00:00,18:00:00,19:00:00,20:00:00,21:00:00,22:00:00,23:00:00
1,202.0,190.0,179.0,166.0,155.0,148.0,144.0,146.0,146.0,154.0,172,181,171,158,158,169,176,180,188.0,199.0,212.0,231.0,232.0,229.0
2,226.0,212.0,192.0,188.0,186.0,184.0,182.0,181.0,188.0,194.0,193,206,237,244,254,254,232,216,200.0,193.0,198.0,201.0,199.0,196.0
3,194.0,190.0,181.0,177.0,171.0,167.0,166.0,165.0,171.0,188.0,216,264,301,281,236,214,203,193,188.0,180.0,175.0,180.0,180.0,178.0
4,177.0,174.0,173.0,173.0,166.0,158.0,153.0,155.0,159.0,165.0,177,188,99,244,272,244,232,306,316.0,310.0,304.0,308.0,301.0,307.0
5,272.0,283.0,303.0,301.0,219.0,272.0,305.0,215.0,181.0,312.0,258,292,297,342,337,325,318,399,360.0,334.0,340.0,341.0,337.0,339.0
6,343.0,347.0,344.0,326.0,329.0,321.0,28.0,18.0,385.0,351.0,326,317,333,330,313,310,308,325,311.0,303.0,327.0,328.0,316.0,315.0
7,314.0,304.0,291.0,385.0,352.0,331.0,362.0,337.0,327.0,333.0,317,334,342,368,309,319,315,308,306.0,314.0,333.0,321.0,320.0,306.0
8,314.0,315.0,318.0,314.0,315.0,318.0,330.0,339.0,342.0,229.0,263,317,412,362,321,269,191,119,136.0,197.0,264.0,299.0,316.0,324.0
9,315.0,319.0,330.0,325.0,323.0,322.0,327.0,350.0,265.0,324.0,327,337,314,312,310,318,309,301,306.0,302.0,319.0,324.0,322.0,311.0
10,304.0,274.0,304.0,302.0,282.0,303.0,310.0,203.0,244.0,307.0,317,291,200,146,114,116,158,209,309.0,286.0,303.0,323.0,316.0,301.0
11,309.0,329.0,253.0,237.0,191.0,231.0,307.0,164.0,178.0,216.0,227,182,149,138,123,284,206,279,,,,,,
12,,,,,,,,,,,309,269,148,118,251,303,141,145,145.0,264.0,333.0,335.0,334.0,336.0
13,332.0,331.0,283.0,303.0,301.0,287.0,184.0,220.0,303.0,333.0,307,314,238,152,129,140,134,129,123.0,125.0,191.0,277.0,303.0,304.0
14,325.0,305.0,301.0,283.0,167.0,204.0,170.0,125.0,127.0,210.0,195,150,148,160,203,298,164,182,229.0,218.0,209.0,195.0,207.0,222.0
15,220.0,147.0,156.0,132.0,125.0,123.0,175.0,141.0,131.0,223.0,255,158,147,145,145,124,118,112,111.0,115.0,114.0,185.0,160.0,191.0
16,185.0,141.0,141.0,141.0,141.0,141.0,136.0,83.0,173.0,280.0,254,186,55,69,68,125,122,121,121.0,123.0,199.0,292.0,268.0,226.0
17,224.0,138.0,107.0,91.0,86.0,82.0,85.0,106.0,182.0,310.0,309,246,215,158,151,138,245,301,163.0,117.0,116.0,122.0,131.0,132.0
18,133.0,126.0,118.0,101.0,84.0,77.0,70.0,82.0,163.0,307.0,310,237,143,131,128,120,109,102,103.0,109.0,115.0,116.0,121.0,137.0
19,130.0,119.0,110.0,91.0,78.0,73.0,67.0,71.0,90.0,136.0,150,148,76,151,190,212,210,355,311.0,276.0,301.0,319.0,323.0,327.0
20,316.0,220.0,164.0,159.0,111.0,101.0,109.0,122.0,179.0,296.0,303,278,228,197,258,310,200,134,133.0,132.0,130.0,180.0,205.0,213.0
21,226.0,164.0,156.0,156.0,109.0,104.0,112.0,130.0,229.0,322.0,335,314,266,222,267,329,320,316,220.0,173.0,266.0,315.0,317.0,316.0
22,317.0,315.0,309.0,259.0,203.0,198.0,195.0,154.0,216.0,318.0,327,299,289,310,304,334,301,290,302.0,303.0,327.0,348.0,330.0,316.0
23,313.0,286.0,222.0,189.0,156.0,155.0,175.0,196.0,298.0,338.0,346,331,322,305,289,323,257,183,226.0,235.0,270.0,299.0,266.0,
24,,203.0,,,,128.0,,110.0,283.0,,302,264,234,196,168,146,145,134,128.0,132.0,184.0,199.0,179.0,228.0
25,257.0,180.0,168.0,195.0,157.0,147.0,142.0,148.0,181.0,301.0,305,291,280,243,313,319,285,195,192.0,197.0,214.0,254.0,306.0,322.0
26,327.0,310.0,317.0,302.0,216.0,182.0,226.0,219.0,280.0,313.0,326,318,301,253,238,243,279,183,184.0,184.0,224.0,273.0,301.0,319.0
27,313.0,309.0,302.0,252.0,193.0,278.0,308.0,193.0,161.0,185.0,240,229,212,223,198,260,259,159,157.0,160.0,231.0,318.0,313.0,308.0
28,310.0,281.0,256.0,228.0,225.0,257.0,214.0,162.0,255.0,323.0,322,315,315,273,300,295,318,241,157.0,161.0,247.0,304.0,299.0,301.0
29,312.0,304.0,256.0,223.0,195.0,220.0,171.0,145.0,269.0,327.0,335,313,294,238,306,323,312,183,156.0,156.0,214.0,303.0,303.0,310.0
30,313.0,283.0,219.0,242.0,199.0,153.0,140.0,185.0,261.0,314.0,307,307,240,220,302,288,194,119,121.0,123.0,139.0,213.0,263.0,298.0
31,273.0,159.0,131.0,107.0,87.0,77.0,77.0,83.0,124.0,218.0,284,241,249,244,306,310,269,145,143.0,143.0,144.0,168.0,210.0,263.0
"
"
February-2021,00:00:00,01:00:00,02:00:00,03:00:00,04:00:00,05:00:00,06:00:00,07:00:00,08:00:00,09:00:00,10:00:00,11:00:00,12:00:00,13:00:00,14:00:00,15:00:00,16:00:00,17:00:00,18:00:00,19:00:00,20:00:00,21:00:00,22:00:00,23:00:00
1,244,187,217.0,241.0,152.0,159.0,189.0,177.0,305.0,342.0,386.0,347.0,303.0,184.0,302.0,316.0,256.0,135.0,137,138,184,305,307,286.0
2,253,305,310.0,257.0,163.0,178.0,169.0,153.0,235.0,300.0,216.0,181.0,312.0,326.0,326.0,249.0,162.0,100.0,105,115,125,185,240,238.0
3,272,234,222.0,171.0,129.0,117.0,125.0,107.0,151.0,307.0,290.0,163.0,273.0,298.0,204.0,172.0,234.0,197.0,186,130,143,163,167,165.0
4,178,152,137.0,126.0,118.0,114.0,106.0,109.0,217.0,324.0,316.0,264.0,294.0,301.0,239.0,215.0,77.0,80.0,65,49,44,322,306,304.0
5,269,186,168.0,173.0,155.0,133.0,131.0,193.0,266.0,329.0,327.0,347.0,366.0,370.0,126.0,130.0,129.0,133.0,226,161,161,178,197,210.0
6,217,184,163.0,150.0,138.0,133.0,132.0,134.0,172.0,236.0,202.0,180.0,315.0,343.0,347.0,319.0,253.0,130.0,132,143,153,191,246,278.0
7,233,192,164.0,139.0,118.0,113.0,113.0,103.0,106.0,115.0,208.0,248.0,301.0,295.0,283.0,265.0,177.0,202.0,190,114,137,178,198,215.0
8,226,219,187.0,167.0,141.0,127.0,121.0,122.0,183.0,303.0,194.0,232.0,317.0,327.0,57.0,59.0,56.0,56.0,59,144,117,123,129,141.0
9,195,163,,,,,,,,,,,,126.0,127.0,199.0,154.0,208.0,164,316,268,236,190,
10,179,160,136.0,112.0,103.0,103.0,98.0,105.0,,291.0,266.0,56.0,84.0,160.0,189.0,189.0,183.0,337.0,197,157,241,304,292,278.0
11,238,248,157.0,124.0,115.0,110.0,109.0,114.0,211.0,323.0,333.0,254.0,292.0,342.0,72.0,72.0,308.0,301.0,252,175,142,170,181,199.0
12,187,181,159.0,144.0,138.0,128.0,123.0,129.0,184.0,303.0,302.0,236.0,196.0,288.0,349.0,320.0,179.0,154.0,147,141,149,156,178,182.0
13,178,171,156.0,138.0,118.0,110.0,103.0,105.0,127.0,170.0,239.0,194.0,302.0,339.0,326.0,302.0,241.0,129.0,128,126,126,130,136,133.0
14,132,144,126.0,121.0,118.0,116.0,113.0,113.0,152.0,257.0,250.0,186.0,178.0,175.0,172.0,291.0,150.0,137.0,135,136,147,151,152,145.0
15,162,156,145.0,130.0,124.0,113.0,93.0,76.0,108.0,149.0,155.0,147.0,142.0,134.0,126.0,121.0,114.0,120.0,133,133,136,135,135,137.0
16,143,141,128.0,115.0,107.0,105.0,103.0,104.0,154.0,284.0,228.0,139.0,118.0,110.0,105.0,103.0,101.0,98.0,103,101,109,116,119,128.0
17,132,131,130.0,122.0,114.0,106.0,94.0,101.0,135.0,265.0,223.0,142.0,116.0,127.0,124.0,121.0,113.0,108.0,125,126,131,140,155,178.0
18,158,168,154.0,147.0,133.0,125.0,122.0,123.0,172.0,217.0,271.0,227.0,205.0,196.0,322.0,315.0,183.0,181.0,179,173,172,187,180,175.0
19,168,138,116.0,101.0,89.0,83.0,84.0,79.0,79.0,98.0,99.0,97.0,,,,,,,107,101,110,116,121,123.0
20,125,128,128.0,121.0,115.0,113.0,109.0,114.0,119.0,185.0,132.0,110.0,100.0,209.0,106.0,87.0,92.0,93.0,101,91,97,108,117,128.0
21,142,127,107.0,82.0,81.0,80.0,88.0,94.0,113.0,124.0,116.0,111.0,111.0,262.0,222.0,103.0,164.0,179.0,101,107,119,131,161,181.0
22,173,161,144.0,129.0,123.0,118.0,111.0,113.0,144.0,262.0,165.0,130.0,115.0,111.0,218.0,171.0,139.0,126.0,108,102,116,124,135,151.0
23,154,141,134.0,128.0,112.0,106.0,107.0,106.0,146.0,152.0,175.0,172.0,177.0,189.0,300.0,274.0,327.0,279.0,170,166,165,168,183,198.0
24,191,165,158.0,141.0,120.0,112.0,113.0,118.0,167.0,203.0,304.0,250.0,255.0,214.0,326.0,315.0,272.0,255.0,252,146,151,166,244,425.0
25,343,189,123.0,110.0,98.0,92.0,96.0,113.0,153.0,217.0,232.0,196.0,198.0,322.0,310.0,256.0,191.0,164.0,131,133,133,132,138,157.0
26,162,157,127.0,109.0,104.0,106.0,103.0,101.0,109.0,162.0,174.0,165.0,159.0,149.0,186.0,191.0,123.0,119.0,111,109,110,119,141,141.0
27,143,141,121.0,112.0,,101.0,98.0,93.0,,163.0,152.0,132.0,141.0,151.0,145.0,137.0,126.0,122.0,118,117,126,139,159,204.0
28,250,186,145.0,134.0,128.0,119.0,111.0,108.0,118.0,186.0,161.0,166.0,160.0,205.0,143.0,254.0,210.0,144.0,142,145,152,156,171,207.0
"
"
March-2021,00:00:00,01:00:00,02:00:00,03:00:00,04:00:00,05:00:00,06:00:00,07:00:00,08:00:00,09:00:00,10:00:00,11:00:00,12:00:00,13:00:00,14:00:00,15:00:00,16:00:00,17:00:00,18:00:00,19:00:00,20:00:00,21:00:00,22:00:00,23:00:00
1,199,174,140,115,111,118,122,125,183,249,222,197,184.0,176.0,168.0,265,188,154,153,158,166,170,194.0,226
2,226,212,186,159,140,134,132,136,206,300,245,200,181.0,178.0,184.0,158,148,134,146,142,119,123,126.0,142
3,27,23,41,40,43,49,90,70,158,233,267,120,261.0,271.0,236.0,201,174,165,168,167,161,161,170.0,256
4,244,267,247,200,200,203,199,188,208,293,300,253,266.0,219.0,146.0,171,182,187,177,167,162,187,198.0,192
5,190,189,174,153,139,131,123,128,161,273,245,232,246.0,273.0,204.0,158,150,133,125,117,125,139,152.0,164
6,172,166,159,158,153,147,141,136,146,221,226,194,207.0,206.0,196.0,185,165,147,131,124,125,129,129.0,127
7,129,121,116,115,115,109,105,103,124,145,153,158,152.0,142.0,211.0,118,107,97,94,90,91,96,108.0,121
8,122,125,67,64,54,38,37,52,77,80,84,77,114.0,95.0,239.0,177,75,44,46,48,52,37,59.0,75
9,60,42,36,36,46,46,64,74,63,73,37,47,206.0,196.0,270.0,207,156,151,150,146,147,157,173.0,180
10,185,163,179,149,136,131,123,118,119,161,150,152,159.0,160.0,318.0,172,128,125,124,124,132,137,143.0,146
11,153,153,154,153,147,141,138,123,114,135,157,150,135.0,128.0,126.0,120,112,110,110,109,114,114,114.0,115
12,110,114,111,100,96,93,96,97,106,119,121,123,129.0,133.0,131.0,120,119,118,116,117,124,132,151.0,152
13,149,150,146,145,144,143,138,161,217,273,198,198,212.0,303.0,214.0,149,178,150,151,158,165,170,168.0,178
14,181,179,168,167,162,153,145,145,155,170,186,192,312.0,249.0,186.0,279,238,169,168,163,170,181,192.0,193
15,191,186,166,149,132,125,125,127,144,160,179,180,189.0,196.0,300.0,201,171,168,163,159,157,162,186.0,226
16,246,178,143,124,119,127,133,135,145,173,180,179,292.0,292.0,169.0,223,172,181,164,154,159,163,176.0,182
17,175,165,159,155,149,140,133,128,140,171,190,188,247.0,306.0,214.0,185,169,170,173,173,177,183,,202
18,214,188,166,161,154,148,135,131,137,157,185,172,172.0,291.0,157.0,54,140,150,144,150,145,138,141.0,144
19,151,148,143,135,122,124,119,124,146,207,207,198,,,,207,214,172,164,165,168,171,173.0,177
20,172,167,162,153,146,141,129,136,155,251,200,203,199.0,205.0,210.0,222,224,214,205,196,192,192,196.0,179
21,174,165,160,147,139,126,125,128,126,144,151,170,167.0,171.0,173.0,172,174,171,166,168,169,159,155.0,156
22,147,143,139,136,141,129,128,119,122,145,110,64,137.0,95.0,130.0,144,120,312,231,144,146,151,155.0,156
23,156,151,140,131,126,123,123,122,135,163,180,180,176.0,187.0,303.0,293,214,129,134,141,154,171,183.0,184
24,179,167,147,135,137,141,139,143,208,200,197,199,200.0,302.0,309.0,287,229,170,164,164,105,75,118.0,184
25,178,139,120,81,79,86,86,126,242,260,266,302,268.0,84.0,46.0,89,91,88,93,98,107,123,135.0,96
26,82,112,110,92,86,75,72,97,125,128,488,500,423.0,64.0,95.0,135,135,146,141,136,55,76,74.0,101
27,105,327,304,308,332,248,175,144,108,208,246,271,345.0,354.0,341.0,323,302,277,250,190,174,179,83.0,78
28,94,128,82,81,98,99,119,140,160,202,138,111,163.0,106.0,82.0,59,70,73,75,64,55,91,91.0,96
29,121,133,141,183,251,246,218,222,204,260,155,73,64.0,84.0,56.0,42,46,29,25,32,32,47,30.0,23
30,23,28,28,20,23,27,27,37,69,92,35,90,132.0,48.0,56.0,51,74,49,56,57,62,76,76.0,88
31,89,80,75,66,66,64,57,56,78,112,114,94,80.0,91.0,86.0,88,89,85,84,96,96,92,107.0,99
"
"
April-2021,00:00:00,01:00:00,02:00:00,03:00:00,04:00:00,05:00:00,06:00:00,07:00:00,08:00:00,09:00:00,10:00:00,11:00:00,12:00:00,13:00:00,14:00:00,15:00:00,16:00:00,17:00:00,18:00:00,19:00:00,20:00:00,21:00:00,22:00:00,23:00:00
1,95,86,95,81,79,85,88,92,108,110,119,119,132,148,153,155,142,159.0,165.0,172.0,176,179,178,184
2,178,162,162,153,152,147,148,134,152,139,143,150,163,162,169,43,118,162.0,158.0,160.0,159,159,161,158
3,152,148,144,36,32,58,54,33,51,50,33,43,44,29,28,23,19,20.0,21.0,19.0,20,18,22,18
4,178,276,101,84,68,51,36,28,45,43,29,27,31,24,23,19,18,19.0,,,24,19,38,61
5,54,31,22,17,19,19,17,19,38,40,30,40,44,40,36,52,72,121.0,102.0,114.0,114,115,117,121
6,120,113,105,106,102,95,100,100,109,124,141,171,172,250,251,150,145,138.0,165.0,120.0,121,122,125,127
7,129,115,115,102,98,97,100,93,108,129,129,141,142,144,142,137,129,129.0,127.0,130.0,125,124,126,131
8,137,123,122,124,120,142,107,107,113,121,118,127,133,139,138,132,120,118.0,116.0,116.0,118,117,117,105
9,104,101,102,96,88,92,96,90,89,111,111,104,111,124,119,117,120,129.0,139.0,146.0,162,167,173,168
10,165,156,146,144,142,137,133,128,131,166,155,163,163,165,161,152,145,141.0,140.0,135.0,130,131,125,122
11,117,115,106,96,9,15,15,200,162,108,120,123,130,303,289,308,138,116.0,113.0,112.0,114,117,100,91
12,85,78,68,72,80,88,83,90,97,110,105,102,102,105,110,95,100,92.0,90.0,100.0,104,110,117,121
13,140,134,127,123,109,44,39,73,70,67,109,109,60,62,86,51,34,61.0,39.0,48.0,82,84,81,123
14,65,60,58,35,32,61,40,45,77,56,74,50,44,82,191,132,130,129.0,123.0,117.0,113,117,116,107
15,103,98,98,93,90,86,82,85,87,93,99,99,107,119,122,121,120,117.0,109.0,107.0,109,108,103,94
16,87,83,77,74,76,77,72,60,68,89,83,69,79,96,92,79,73,69.0,65.0,63.0,71,80,81,82
17,81,74,64,60,58,56,50,45,67,87,78,73,85,92,86,77,70,61.0,57.0,69.0,86,89,90,92
18,89,85,70,61,63,56,51,55,60,106,88,96,95,103,104,92,88,95.0,103.0,110.0,117,122,121,122
19,147,128,124,120,115,110,106,104,111,115,113,115,114,111,111,106,100,96.0,94.0,91.0,88,93,95,88
20,82,81,78,78,74,67,64,61,66,74,80,79,73,74,78,74,66,66.0,69.0,79.0,85,87,89,81
21,75,73,67,60,54,55,55,52,59,70,60,52,58,66,76,72,66,71.0,74.0,75.0,86,93,89,80
22,78,82,78,69,68,69,69,69,80,89,74,69,88,99,98,100,101,,95.0,97.0,104,101,86,84
23,82,81,72,64,69,68,58,68,98,96,70,63,69,113,138,81,67,64.0,66.0,69.0,81,88,89,96
24,101,44,28,37,43,34,36,32,25,39,43,58,83,93,92,95,56,57.0,56.0,60.0,60,59,58,68
25,67,65,59,66,65,56,61,66,79,66,66,71,63,60,60,58,59,52.0,54.0,62.0,69,70,68,73
26,72,57,62,81,77,82,116,106,105,135,95,73,96,87,49,30,68,111.0,139.0,151.0,158,175,187,177
27,169,165,163,165,165,166,163,156,156,166,172,172,175,181,185,174,158,150.0,148.0,146.0,145,147,143,137
28,132,134,134,121,112,113,106,93,90,104,109,109,121,131,130,122,118,114.0,112.0,114.0,121,125,116,110
29,108,100,92,94,101,100,79,83,105,92,56,44,45,74,88,70,66,73.0,77.0,83.0,87,35,48,47
30,38,25,43,43,28,20,18,30,52,47,40,57,51,38,38,33,28,27.0,21.0,24.0,40,35,39,44
"
"
May-2021,00:00:00,01:00:00,02:00:00,03:00:00,04:00:00,05:00:00,06:00:00,07:00:00,08:00:00,09:00:00,10:00:00,11:00:00,12:00:00,13:00:00,14:00:00,15:00:00,16:00:00,17:00:00,18:00:00,19:00:00,20:00:00,21:00:00,22:00:00,23:00:00
1,34,22,17,15,17,22,23.0,17.0,19.0,32.0,45,39.0,48,54,39.0,32,32,33,59,127,63,38,49,63
2,53,40,42,35,24,43,44.0,30.0,57.0,58.0,37,48.0,46,41,36.0,34,30,41,40,37,47,56,60,75
3,85,81,81,64,68,89,71.0,60.0,83.0,71.0,49,54.0,76,75,74.0,74,68,74,68,69,71,51,32,42
4,44,32,33,37,39,43,37.0,30.0,48.0,45.0,33,52.0,56,43,33.0,29,27,32,34,37,63,56,46,65
5,62,37,47,45,33,36,32.0,33.0,68.0,66.0,44,34.0,34,73,68.0,75,131,92,91,100,95,100,101,97
6,92,78,74,68,67,64,63.0,65.0,72.0,78.0,67,74.0,75,75,68.0,64,67,74,76,76,85,91,88,80
7,79,67,64,62,63,53,43.0,47.0,54.0,45.0,47,55.0,70,77,76.0,71,67,69,71,74,79,78,76,78
8,74,59,52,57,55,53,48.0,44.0,53.0,61.0,44,43.0,54,57,71.0,74,68,22,23,41,52,38,40,45
9,45,29,28,28,25,25,19.0,19.0,29.0,17.0,15,16.0,22,27,16.0,20,28,22,20,22,27,22,26,33
10,25,19,17,18,22,18,15.0,17.0,20.0,16.0,18,,24,21,16.0,16,23,25,20,25,36,32,40,35
11,26,23,27,22,31,50,,,,,17,30.0,35,37,41.0,40,45,47,41,53,59,60,57,58
12,67,58,53,51,45,46,43.0,47.0,57.0,56.0,56,49.0,60,62,59.0,56,50,59,55,59,68,60,67,61
13,56,51,48,46,40,42,39.0,44.0,55.0,59.0,64,64.0,65,63,60.0,65,69,69,70,72,74,75,70,72
14,77,75,61,60,58,53,48.0,45.0,56.0,58.0,52,54.0,57,62,74.0,72,73,70,70,78,68,76,72,64
15,70,61,53,51,58,51,48.0,45.0,47.0,38.0,49,50.0,94,116,143.0,149,183,171,146,140,136,162,144,168
16,197,183,164,129,110,87,77.0,61.0,53.0,43.0,35,41.0,51,62,61.0,55,51,46,49,54,50,56,53,58
17,65,80,105,97,98,80,69.0,67.0,48.0,45.0,36,37.0,37,38,38.0,33,31,32,41,42,40,48,55,58
18,56,42,42,42,47,45,43.0,44.0,52.0,57.0,55,54.0,68,71,74.0,78,95,95,101,101,107,107,102,102
19,95,95,82,77,64,62,64.0,60.0,60.0,53.0,55,46.0,45,43,61.0,61,75,90,99,106,111,108,104,96
20,96,98,81,82,84,89,96.0,96.0,98.0,101.0,116,157.0,205,212,216.0,214,224,221,198,184,174,166,150,147
21,139,129,120,111,111,105,103.0,103.0,116.0,114.0,114,111.0,117,123,10.0,10,9,12,108,158,146,146,134,123
22,123,117,112,114,106,103,96.0,94.0,101.0,105.0,110,103.0,100,116,106.0,112,112,111,111,114,115,123,123,118
23,121,116,112,108,105,103,103.0,90.0,95.0,95.0,85,83.0,89,93,96.0,102,100,102,104,97,104,117,108,111
24,112,105,105,102,91,78,76.0,71.0,69.0,84.0,89,80.0,92,89,99.0,94,92,112,111,113,111,106,109,108
25,113,105,90,86,85,85,88.0,83.0,78.0,92.0,92,97.0,98,103,,100,102,103,105,107,105,108,107,103
26,98,99,85,86,83,82,83.0,71.0,79.0,92.0,83,80.0,81,92,93.0,131,151,108,88,93,165,191,136,111
27,112,183,94,89,90,88,82.0,78.0,89.0,143.0,18,100.0,90,82,79.0,74,69,73,67,71,20,21,19,163
28,221,6,7,78,61,6,4.0,5.0,13.0,7.0,84,76.0,86,78,84.0,80,83,83,7,164,6,6,7,6
29,376,19,103,79,15,15,17.0,66.0,15.0,71.0,74,,74,80,,85,78,87,92,104,106,106,104,86
30,84,83,80,75,75,80,80.0,76.0,74.0,88.0,85,85.0,92,90,87.0,86,92,82,89,83,93,101,98,94
31,91,79,77,72,60,65,69.0,60.0,60.0,65.0,70,74.0,78,60,12.0,51,77,76,86,83,109,5,10,128
"
"
June-2021,00:00:00,01:00:00,02:00:00,03:00:00,04:00:00,05:00:00,06:00:00,07:00:00,08:00:00,09:00:00,10:00:00,11:00:00,12:00:00,13:00:00,14:00:00,15:00:00,16:00:00,17:00:00,18:00:00,19:00:00,20:00:00,21:00:00,22:00:00,23:00:00
1,189,17,18,138,99.0,16,16,130.0,79,116,17,114.0,83.0,68,66,63,63,63.0,69,70,87.0,222,17,17.0
2,334,17,16,16,15.0,51,51,47.0,59,53,47,58.0,63.0,58,52,43,40,41.0,39,36,44.0,20,67,58.0
3,40,33,38,61,53.0,19,18,62.0,50,54,40,38.0,35.0,38,46,56,58,49.0,38,39,53.0,53,48,34.0
4,38,12,46,45,47.0,57,10,47.0,47,39,42,38.0,33.0,34,34,34,32,34.0,40,46,45.0,17,47,46.0
5,44,17,67,63,52.0,21,21,62.0,47,55,70,48.0,52.0,60,60,53,43,44.0,57,51,51.0,112,149,65.0
6,65,78,66,47,55.0,18,19,18.0,42,42,27,25.0,24.0,35,42,35,38,46.0,64,65,74.0,18,19,82.0
7,82,57,5,5,5.0,5,5,9.0,5,24,26,31.0,70.0,41,18,32,26,31.0,55,51,56.0,64,4,4.0
8,58,58,5,5,59.0,59,5,79.0,82,85,6,66.0,68.0,39,36,25,53,75.0,82,91,83.0,77,76,74.0
9,68,61,56,53,48.0,43,44,44.0,41,38,35,32.0,28.0,26,29,25,22,27.0,26,26,27.0,27,32,36.0
10,37,38,39,41,41.0,41,43,44.0,45,45,47,48.0,45.0,43,44,44,42,40.0,41,42,41.0,40,38,37.0
11,34,31,33,34,35.0,36,38,40.0,36,33,39,43.0,41.0,39,42,44,41,39.0,37,34,34.0,34,34,34.0
12,34,34,34,34,32.0,31,33,55.0,30,27,28,29.0,28.0,26,98,30,31,33.0,32,31,34.0,35,38,40.0
13,40,39,41,41,43.0,44,44,43.0,49,53,54,54.0,56.0,58,57,56,54,52.0,56,59,57.0,55,58,59.0
14,59,60,61,62,62.0,62,61,59.0,59,56,66,,88.0,71,78,84,86,87.0,91,95,99.0,101,105,108.0
15,106,105,100,97,92.0,88,86,85.0,83,81,82,82.0,84.0,85,80,75,69,64.0,61,59,59.0,59,60,60.0
16,58,55,56,56,56.0,56,55,55.0,55,55,54,54.0,50.0,47,48,48,50,51.0,56,59,57.0,55,90,62.0
17,65,67,73,77,79.0,80,85,89.0,88,87,89,91.0,88.0,85,80,75,69,64.0,60,57,50.0,45,46,47.0
18,50,53,58,61,67.0,71,75,78.0,82,85,91,95.0,100.0,103,24,42,122,113.0,27,142,,131,133,136.0
19,134,102,101,94,94.0,83,64,77.0,70,63,62,60.0,63.0,62,72,84,74,69.0,66,77,72.0,66,66,72.0
20,76,62,60,56,78.0,104,125,166.0,200,208,237,222.0,211.0,200,180,151,152,168.0,187,193,178.0,194,181,180.0
21,164,136,114,114,121.0,119,115,120.0,122,119,127,148.0,157.0,36,161,178,113,102.0,137,139,140.0,143,141,137.0
22,135,130,125,125,119.0,106,100,93.0,92,93,99,108.0,115.0,119,123,127,127,127.0,126,125,126.0,127,129,132.0
23,129,121,119,118,116.0,105,98,93.0,98,102,102,112.0,107.0,35,103,86,103,106.0,104,109,113.0,119,117,114.0
24,114,108,99,86,88.0,79,75,74.0,78,80,90,97.0,96.0,95,92,88,88,83.0,82,80,86.0,88,78,70.0
25,56,55,54,54,48.0,42,37,39.0,54,58,61,66.0,68.0,63,64,63,60,58.0,59,58,59.0,61,63,60.0
26,61,55,57,66,67.0,69,66,,73,70,72,80.0,,91,90,92,94,,96,94,102.0,104,92,
27,106,94,85,83,76.0,65,57,52.0,60,62,55,49.0,52.0,56,17,17,17,75.0,68,55,52.0,50,61,64.0
28,65,59,53,59,63.0,60,60,63.0,63,70,64,60.0,54.0,35,39,40,47,39.0,33,38,46.0,53,52,52.0
29,51,39,32,30,,36,35,42.0,54,53,59,73.0,94.0,89,67,63,62,57.0,53,56,60.0,58,59,56.0
30,56,51,48,46,52.0,53,52,54.0,69,86,70,65.0,66.0,62,56,51,56,52.0,52,51,50.0,55,55,47.0
"
"
July-2021,00:00:00,01:00:00,02:00:00,03:00:00,04:00:00,05:00:00,06:00:00,07:00:00,08:00:00,09:00:00,10:00:00,11:00:00,12:00:00,13:00:00,14:00:00,15:00:00,16:00:00,17:00:00,18:00:00,19:00:00,20:00:00,21:00:00,22:00:00,23:00:00
1,56,48,50,52,54,55,53,50,54,59,62,65,71,73,69,66,70,77,75,73,89,96,81,90
2,99,92,76,76,70,75,75,76,81,85,84,80,86,81,83,87,85,77,76,76,85,91,87,92
3,97,88,86,81,77,73,68,65,68,71,78,81,84,78,80,93,92,82,85,79,86,86,90,96
4,91,87,84,74,65,67,57,55,53,54,60,64,68,72,70,65,73,71,70,67,75,82,88,89
5,94,75,67,51,59,46,44,48,52,58,73,75,84,85,91,89,95,95,92,102,100,101,104,105
6,102,103,88,81,69,73,67,64,68,76,57,28,100,95,95,96,93,97,100,104,108,111,113,112
7,107,96,90,86,77,79,78,72,70,73,73,84,81,83,81,79,83,88,89,96,98,103,110,107
8,107,96,88,81,76,59,52,50,49,51,52,42,40,42,40,33,30,34,36,41,47,46,46,37
9,33,34,39,34,36,33,24,22,17,25,29,24,26,44,24,30,34,49,41,38,58,61,60,63
10,47,45,35,28,24,25,31,26,27,27,37,33,29,31,37,31,26,28,34,36,34,43,46,43
11,33,39,32,27,28,30,26,28,20,56,41,40,35,28,32,28,22,19,28,31,32,30,41,40
12,37,29,26,26,31,26,24,28,29,31,37,32,30,28,38,41,36,29,29,30,37,44,42,40
13,32,28,30,33,30,44,35,29,32,34,31,41,60,47,35,28,28,24,26,31,35,33,44,30
14,56,40,38,35,34,31,44,42,30,41,47,47,38,30,39,43,56,47,84,32,37,37,30,28
15,25,27,35,30,26,23,20,20,21,48,52,42,40,34,28,33,20,23,33,29,32,37,46,38
16,37,41,37,31,29,24,20,19,27,24,31,32,39,34,29,25,30,28,44,53,49,40,36,30
17,36,44,39,32,28,23,23,22,21,28,26,22,22,20,24,21,17,17,18,18,25,27,33,30
18,25,32,29,25,21,30,27,24,22,34,32,27,22,37,38,38,42,43,44,43,50,54,58,53
19,46,36,34,39,34,28,36,38,33,44,44,42,43,36,29,25,32,38,32,51,44,36,45,41
20,45,42,47,44,42,35,45,48,48,60,51,56,61,50,48,40,33,36,54,53,44,44,46,38
21,34,32,44,37,45,38,43,52,48,42,45,47,41,33,34,33,28,29,30,28,28,41,38,53
22,54,69,54,53,52,60,59,48,44,43,49,54,47,42,45,38,52,51,41,50,55,50,54,47
23,48,42,59,59,48,44,36,41,51,45,49,55,56,49,44,51,52,46,49,49,53,44,47,43
24,43,45,47,50,43,34,28,32,31,46,41,43,41,33,43,37,31,33,34,39,41,63,72,58
25,50,49,52,45,39,32,28,31,36,32,29,37,40,52,63,50,54,48,48,53,49,57,58,61
26,54,43,39,40,39,49,44,50,48,66,66,72,63,59,54,52,53,46,60,50,52,48,47,43
27,51,42,36,32,26,25,32,29,26,36,32,54,50,48,43,44,41,53,49,41,44,44,48,50
28,43,46,43,47,39,45,38,61,64,57,183,62,31,23,32,23,17,44,63,62,54,63,72,62
29,52,52,46,42,64,58,51,46,43,40,41,40,39,37,31,31,32,27,35,27,26,36,29,54
30,52,46,52,49,43,37,53,56,54,77,102,74,72,52,44,37,32,33,34,40,49,45,40,50
31,45,36,32,27,27,29,47,49,39,68,53,45,37,36,38,35,35,66,51,64,58,59,54,51
"
"
August-2021,00:00:00,01:00:00,02:00:00,03:00:00,04:00:00,05:00:00,06:00:00,07:00:00,08:00:00,09:00:00,10:00:00,11:00:00,12:00:00,13:00:00,14:00:00,15:00:00,16:00:00,17:00:00,18:00:00,19:00:00,20:00:00,21:00:00,22:00:00,23:00:00
1,77,62,48,37.0,32.0,29.0,33.0,45.0,40.0,33.0,33.0,28,30,31,27,30,32,36,39,39,35,36,72,62
2,52,42,48,49.0,48.0,50.0,43.0,47.0,40.0,37.0,89.0,82,71,62,59,49,69,62,53,43,40,40,36,41
3,48,57,68,65.0,52.0,46.0,42.0,45.0,48.0,56.0,50.0,11,35,20,19,32,49,53,54,52,51,56,64,65
4,62,61,61,60.0,56.0,61.0,67.0,64.0,71.0,71.0,71.0,78,81,77,74,73,67,65,63,64,69,73,73,76
5,74,65,65,59.0,51.0,52.0,54.0,57.0,67.0,74.0,77.0,84,72,68,73,73,74,79,85,89,95,97,93,85
6,85,82,76,77.0,74.0,67.0,67.0,68.0,70.0,78.0,67.0,59,57,56,55,60,59,64,69,79,91,89,89,91
7,87,84,77,73.0,74.0,64.0,62.0,56.0,47.0,49.0,60.0,61,64,65,65,57,51,54,71,82,66,74,85,70
8,65,68,55,42.0,34.0,29.0,31.0,34.0,43.0,73.0,69.0,51,40,36,38,35,44,41,43,59,82,96,95,87
9,72,61,54,56.0,57.0,48.0,53.0,55.0,45.0,36.0,30.0,32,64,54,40,45,57,65,79,92,83,92,96,80
10,73,61,47,38.0,40.0,39.0,49.0,49.0,46.0,63.0,58.0,48,41,32,25,81,45,101,94,96,92,85,73,66
11,65,62,59,54.0,55.0,49.0,47.0,41.0,47.0,49.0,46.0,41,41,50,51,48,50,52,52,49,55,55,54,54
12,50,58,66,63.0,58.0,63.0,56.0,52.0,55.0,60.0,57.0,60,53,54,58,59,63,77,75,78,81,82,85,88
13,80,76,59,,,,,,,,,62,64,62,66,66,66,65,67,70,69,72,63,56
14,45,47,46,38.0,45.0,42.0,39.0,42.0,45.0,45.0,40.0,37,38,39,49,50,53,53,56,60,66,66,62,60
15,49,56,50,47.0,42.0,34.0,33.0,34.0,31.0,39.0,35.0,40,48,38,37,37,34,43,51,47,48,46,54,54
16,49,53,48,40.0,45.0,44.0,50.0,47.0,43.0,38.0,42.0,36,30,30,33,32,42,36,38,41,50,54,54,44
17,43,43,43,45.0,43.0,43.0,50.0,50.0,52.0,55.0,48.0,23,48,61,58,55,54,49,47,45,46,44,41,50
18,50,48,49,49.0,52.0,50.0,42.0,42.0,39.0,33.0,32.0,38,42,44,48,48,42,42,48,47,52,56,54,52
19,47,49,52,50.0,42.0,37.0,33.0,34.0,39.0,46.0,46.0,49,51,47,48,49,44,40,44,47,47,48,45,39
20,39,39,34,36.0,35.0,31.0,35.0,41.0,36.0,35.0,35.0,33,35,38,46,45,37,31,26,37,37,39,44,42
21,37,46,47,41.0,39.0,40.0,36.0,36.0,34.0,34.0,42.0,41,37,39,36,31,29,33,36,40,40,53,49,45
22,91,56,39,40.0,47.0,46.0,43.0,47.0,63.0,71.0,74.0,69,64,62,58,57,60,56,56,59,58,53,48,50
23,49,48,47,47.0,51.0,47.0,45.0,52.0,61.0,70.0,74.0,75,81,71,66,64,67,66,66,67,69,68,68,63
24,57,49,50,45.0,45.0,47.0,47.0,50.0,51.0,55.0,56.0,56,56,53,54,46,47,44,47,51,53,52,54,53
25,52,49,52,53.0,50.0,43.0,41.0,44.0,46.0,59.0,63.0,62,72,77,52,49,52,47,42,43,46,50,48,46
26,45,44,42,43.0,42.0,39.0,43.0,40.0,38.0,43.0,46.0,51,59,57,55,61,53,44,45,53,54,52,51,51
27,55,53,59,60.0,59.0,60.0,65.0,69.0,69.0,74.0,80.0,80,78,69,65,60,51,51,62,63,69,93,101,100
28,92,83,76,65.0,63.0,61.0,58.0,56.0,63.0,74.0,74.0,81,89,96,100,100,104,106,105,105,104,110,107,97
29,85,76,71,63.0,61.0,57.0,62.0,63.0,64.0,69.0,67.0,70,73,71,66,70,74,78,80,87,92,86,86,83
30,84,77,73,73.0,72.0,72.0,70.0,69.0,65.0,64.0,65.0,65,65,75,81,89,97,97,94,90,84,80,78,72
31,69,73,74,76.0,78.0,73.0,64.0,54.0,55.0,57.0,53.0,49,61,52,39,38,34,33,39,41,47,48,46,49
"
"
September-2021,00:00:00,01:00:00,02:00:00,03:00:00,04:00:00,05:00:00,06:00:00,07:00:00,08:00:00,09:00:00,10:00:00,11:00:00,12:00:00,13:00:00,14:00:00,15:00:00,16:00:00,17:00:00,18:00:00,19:00:00,20:00:00,21:00:00,22:00:00,23:00:00
1,198,19,19,64,45,44,40,39,42,45,50.0,48.0,42.0,48.0,54.0,59.0,56.0,51.0,47.0,52,55,54,52,54
2,48,42,47,50,44,41,43,42,46,51,57.0,54.0,50.0,51.0,53.0,61.0,58.0,52.0,47.0,47,50,52,49,43
3,43,38,36,35,34,41,46,46,45,51,55.0,52.0,48.0,45.0,43.0,46.0,45.0,41.0,40.0,37,35,41,44,39
4,37,35,41,40,35,35,36,40,49,50,43.0,40.0,43.0,53.0,53.0,57.0,56.0,59.0,69.0,61,53,55,53,48
5,46,45,42,37,42,42,37,38,39,47,52.0,52.0,54.0,56.0,57.0,60.0,62.0,62.0,69.0,72,67,64,63,62
6,58,57,61,65,67,62,63,59,57,65,68.0,63.0,57.0,53.0,45.0,40.0,44.0,40.0,39.0,42,46,50,52,55
7,56,51,44,38,33,38,46,47,47,45,47.0,47.0,41.0,40.0,40.0,42.0,48.0,48.0,42.0,42,43,24,27,16
8,97,54,39,42,38,40,60,69,75,77,75.0,70.0,66.0,55.0,50.0,44.0,41.0,43.0,43.0,46,48,45,51,49
9,44,40,36,35,33,35,42,40,40,46,55.0,51.0,45.0,44.0,40.0,37.0,40.0,46.0,52.0,49,48,48,51,51
10,50,50,48,47,48,52,52,49,51,50,50.0,53.0,53.0,49.0,47.0,44.0,50.0,49.0,48.0,49,50,51,50,46
11,48,47,43,43,43,44,48,48,46,18,63.0,46.0,41.0,38.0,39.0,44.0,40.0,43.0,42.0,34,38,42,44,38
12,38,42,33,31,29,25,25,27,26,31,33.0,29.0,31.0,30.0,28.0,33.0,36.0,38.0,38.0,43,47,52,50,52
13,51,47,46,49,55,56,64,65,60,56,73.0,58.0,63.0,61.0,59.0,57.0,48.0,50.0,55.0,53,57,72,76,77
14,83,90,90,87,96,101,104,99,101,103,105.0,108.0,19.0,20.0,103.0,96.0,87.0,88.0,86.0,72,69,73,77,71
15,63,69,63,59,61,70,83,90,94,100,99.0,99.0,104.0,108.0,112.0,111.0,107.0,105.0,104.0,107,110,107,103,98
16,99,100,98,96,90,94,91,87,86,87,92.0,101.0,102.0,99.0,96.0,99.0,98.0,100.0,101.0,100,104,101,102,98
17,96,92,83,75,16,15,57,59,63,61,74.0,86.0,81.0,85.0,85.0,82.0,84.0,87.0,88.0,88,93,90,94,94
18,89,71,70,61,62,69,65,77,90,84,85.0,84.0,78.0,73.0,67.0,63.0,58.0,50.0,52.0,50,50,52,59,60
19,57,74,57,44,43,39,35,38,42,48,56.0,45.0,50.0,41.0,42.0,46.0,45.0,42.0,43.0,41,41,48,43,40
20,38,40,38,39,31,26,22,21,26,23,36.0,35.0,37.0,40.0,38.0,39.0,37.0,47.0,50.0,47,53,55,60,61
21,54,46,38,34,33,36,13,36,35,30,,,,,,,,,,26,35,38,33,36
22,33,33,28,30,29,24,23,35,29,38,45.0,46.0,59.0,60.0,53.0,41.0,40.0,41.0,53.0,51,59,65,62,59
23,50,60,47,46,45,44,39,45,57,51,50.0,56.0,63.0,66.0,57.0,53.0,59.0,63.0,71.0,74,75,77,65,67
24,68,70,58,58,54,55,54,59,70,61,70.0,73.0,83.0,79.0,70.0,60.0,68.0,69.0,80.0,86,91,96,84,73
25,68,60,58,61,47,51,55,55,61,63,62.0,66.0,67.0,67.0,60.0,64.0,66.0,68.0,67.0,72,69,92,82,82
26,74,68,62,58,60,53,58,61,69,74,77.0,73.0,71.0,59.0,56.0,49.0,58.0,55.0,72.0,60,53,54,50,46
27,44,46,44,46,51,48,56,55,55,74,64.0,70.0,72.0,74.0,66.0,61.0,58.0,51.0,55.0,59,56,64,52,54
28,53,52,45,39,42,43,47,54,55,66,65.0,62.0,66.0,62.0,62.0,59.0,51.0,49.0,51.0,49,45,45,45,45
29,45,45,45,45,45,45,45,45,45,45,45.0,45.0,45.0,45.0,45.0,45.0,45.0,45.0,45.0,45,45,45,45,45
30,45,45,45,45,45,45,45,45,45,45,45.0,45.0,36.0,51.0,78.0,49.0,42.0,51.0,46.0,49,67,59,57,63
"
"
October-2021,00:00:00,01:00:00,02:00:00,03:00:00,04:00:00,05:00:00,06:00:00,07:00:00,08:00:00,09:00:00,10:00:00,11:00:00,12:00:00,13:00:00,14:00:00,15:00:00,16:00:00,17:00:00,18:00:00,19:00:00,20:00:00,21:00:00,22:00:00,23:00:00
1,58,53,48.0,52.0,50.0,52,54.0,57,67.0,68,69,74,24,84,88,88,64,74.0,67,71.0,84,89,82,77
2,76,69,63.0,62.0,55.0,54,52.0,48,58.0,69,84,90,95,96,96,97,93,94.0,91,101.0,97,106,110,106
3,114,114,105.0,101.0,96.0,88,81.0,77,,93,99,90,84,80,80,77,86,,78,,81,93,100,100
4,92,92,,,,86,,79,94.0,99,105,107,105,107,103,100,96,88.0,73,36.0,88,86,93,92
5,81,67,59.0,57.0,58.0,64,71.0,81,87.0,91,100,102,90,89,93,90,79,78.0,73,93.0,111,114,115,119
6,113,106,107.0,109.0,101.0,90,69.0,70,73.0,67,64,33,29,38,35,49,50,128.0,123,120.0,112,95,68,59
7,51,40,39.0,43.0,43.0,42,45.0,50,61.0,60,70,72,70,66,65,67,78,97.0,104,108.0,109,104,96,87
8,87,81,72.0,76.0,77.0,76,79.0,78,75.0,74,77,80,79,82,72,60,51,43.0,47,54.0,53,46,45,44
9,49,58,55.0,52.0,55.0,56,55.0,53,52.0,53,55,60,65,64,61,60,56,48.0,49,49.0,47,48,45,39
10,35,42,45.0,43.0,45.0,48,51.0,51,56.0,74,70,58,55,61,66,62,58,63.0,69,65.0,62,56,51,48
11,45,47,41.0,44.0,43.0,40,43.0,45,52.0,60,60,55,51,51,53,56,53,52.0,58,63.0,64,64,61,63
12,69,69,64.0,59.0,59.0,61,57.0,55,67.0,77,76,80,90,91,103,112,108,105.0,103,105.0,112,117,111,104
13,99,86,80.0,75.0,70.0,66,64.0,66,68.0,62,61,59,62,67,80,87,37,120.0,117,116.0,130,129,137,134
14,138,123,116.0,109.0,105.0,101,96.0,93,103.0,112,118,118,117,102,104,107,106,110.0,122,123.0,138,150,168,167
15,144,141,139.0,135.0,118.0,111,112.0,108,110.0,111,119,105,103,104,108,112,111,115.0,115,127.0,126,130,124,121
16,119,116,106.0,99.0,99.0,89,84.0,83,92.0,99,121,133,132,130,137,141,132,135.0,139,148.0,151,152,147,147
17,140,131,121.0,116.0,111.0,104,101.0,102,116.0,131,124,126,134,142,148,153,149,143.0,148,142.0,143,143,137,128
18,118,110,105.0,100.0,94.0,94,93.0,91,90.0,99,100,104,105,105,107,110,108,110.0,112,109.0,112,118,109,98
19,82,84,71.0,71.0,60.0,64,70.0,68,69.0,78,73,98,105,99,97,89,95,89.0,95,98.0,102,109,108,98
20,94,86,86.0,79.0,59.0,65,66.0,67,65.0,76,82,74,83,93,90,88,92,93.0,101,99.0,104,104,110,109
21,108,101,100.0,90.0,86.0,85,82.0,79,93.0,105,108,108,106,105,105,110,113,111.0,112,124.0,127,141,145,146
22,143,122,113.0,101.0,95.0,97,98.0,102,98.0,103,106,98,102,93,90,95,95,88.0,97,112.0,118,126,125,124
23,125,115,114.0,115.0,111.0,110,104.0,108,117.0,131,113,107,107,101,107,102,100,93.0,85,83.0,86,99,106,108
24,115,108,94.0,98.0,78.0,67,49.0,48,57.0,78,68,48,46,53,60,62,61,58.0,56,53.0,52,49,50,56
25,57,56,51.0,53.0,46.0,39,39.0,34,56.0,64,55,46,53,46,43,46,45,49.0,55,60.0,75,85,90,95
26,96,98,88.0,82.0,83.0,86,88.0,88,99.0,111,106,86,79,98,90,93,91,94.0,103,108.0,115,118,107,112
27,103,97,91.0,80.0,76.0,73,62.0,70,70.0,72,73,69,79,91,99,100,103,86.0,90,107.0,108,136,154,150
28,142,135,111.0,104.0,96.0,88,84.0,82,91.0,112,109,110,112,121,121,118,118,111.0,112,114.0,134,148,157,149
29,142,133,124.0,112.0,110.0,106,107.0,101,104.0,106,103,104,112,118,115,114,106,105.0,109,117.0,113,116,117,121
30,115,113,112.0,110.0,110.0,111,111.0,116,125.0,125,129,115,120,127,130,133,127,123.0,126,130.0,136,141,156,156
31,145,135,130.0,123.0,115.0,115,111.0,110,113.0,128,126,125,126,131,124,136,132,135.0,135,141.0,142,145,156,156
"
"
November-2021,00:00:00,01:00:00,02:00:00,03:00:00,04:00:00,05:00:00,06:00:00,07:00:00,08:00:00,09:00:00,10:00:00,11:00:00,12:00:00,13:00:00,14:00:00,15:00:00,16:00:00,17:00:00,18:00:00,19:00:00,20:00:00,21:00:00,22:00:00,23:00:00
1,150,143,137,122,123,114,110,112,117,124,121,119,124,138,140,155,156,157,159,165,166,166,160,154
2,155,147,129,130,130,122,120,119,133,170,155,150,152,144,141,136,130,129,139,143,146,156,170,177
3,179,162,147,131,123,117,116,112,119,147,148,140,144,136,124,125,119,196,119,125,129,160,359,166
4,171,184,137,112,108,104,96,107,116,137,134,128,123,130,132,130,129,129,126,132,135,156,447,411
5,180,214,220,171,151,130,141,137,125,164,154,137,131,127,119,110,110,117,111,119,132,145,196,166
6,163,144,118,105,83,62,59,62,68,79,78,82,92,94,105,109,111,108,113,120,122,146,145,150
7,127,99,92,89,66,62,59,66,74,92,98,95,102,101,106,107,112,127,135,136,141,146,163,172
8,173,165,148,141,133,135,136,131,140,138,124,126,121,124,119,117,117,127,137,144,148,146,154,168
9,162,148,139,127,126,118,113,113,125,113,119,105,108,104,119,118,115,112,118,130,139,150,166,172
10,171,152,137,129,125,122,122,124,128,131,138,129,112,120,124,128,123,119,121,130,149,165,171,188
11,183,157,139,136,118,115,107,109,134,159,164,149,140,133,135,136,134,136,142,150,157,168,161,156
12,144,141,131,126,124,120,119,114,125,146,149,136,133,130,129,130,125,124,125,135,158,181,203,195
13,194,190,176,155,139,136,135,145,164,196,209,187,166,166,163,151,145,149,162,165,171,176,189,186
14,194,185,169,162,144,138,134,136,138,172,188,164,144,143,137,135,134,140,146,146,156,160,164,165
15,168,154,159,146,137,134,136,144,164,188,154,131,126,118,113,106,113,118,128,141,148,165,171,178
16,177,166,146,133,131,128,132,136,162,197,188,162,154,149,141,131,126,122,123,126,129,132,130,133
17,127,124,121,119,111,110,92,115,117,123,121,107,90,86,62,45,39,43,59,83,89,93,70,71
18,75,72,53,42,45,34,32,30,48,46,57,39,37,42,53,65,52,35,39,44,45,55,65,45
19,31,27,25,23,22,25,50,38,28,26,19,32,63,38,27,27,30,260,92,117,135,188,134,130
20,130,94,88,75,73,69,66,78,75,90,96,92,97,91,75,66,66,66,91,115,131,139,124,119
21,117,97,98,93,91,81,66,56,43,44,37,35,31,35,34,34,29,32,58,59,66,69,65,71
22,57,48,46,55,38,41,50,47,45,49,48,55,61,64,75,147,35,32,51,57,62,65,69,73
23,53,60,60,53,46,43,40,40,45,49,51,47,57,53,47,50,60,51,58,60,51,58,58,66
24,66,56,56,61,68,81,82,88,112,129,130,129,117,97,100,93,98,108,112,122,136,142,160,168
25,151,149,139,130,124,122,119,118,119,125,123,115,106,88,93,93,98,104,99,106,109,112,119,125
26,122,125,127,124,116,103,106,122,125,108,131,126,98,100,102,97,104,112,112,126,139,137,142,140
27,127,121,104,103,103,103,91,90,109,102,118,108,112,114,117,109,107,104,101,116,121,130,128,130
28,121,118,115,109,103,100,107,110,115,122,116,113,115,115,118,114,108,103,97,104,121,127,134,130
29,117,102,98,94,89,92,84,91,107,136,128,122,122,106,152,130,128,145,216,197,250,255,215,265
30,278,253,278,281,236,281,239,245,307,307,309,316,307,302,302,302,289,306,302,291,301,305,301,309
"
"
December-2021,00:00:00,01:00:00,02:00:00,03:00:00,04:00:00,05:00:00,06:00:00,07:00:00,08:00:00,09:00:00,10:00:00,11:00:00,12:00:00,13:00:00,14:00:00,15:00:00,16:00:00,17:00:00,18:00:00,19:00:00,20:00:00,21:00:00,22:00:00,23:00:00
1,307,265,286,274,225,285,275,294,295,283,242,236,304,40,297,294,194,190,161,111,28,31,64,58
2,92,54,64,50,54,16,13,38,18,22,32,26,65,60,10,11,45,25,109,115,212,207,167,160
3,114,95,19,15,72,63,11,61,36,50,17,19,64,56,57,83,11,18,119,117,19,22,27,21
4,89,70,97,87,75,95,122,95,146,266,299,184,141,89,108,127,112,107,104,72,95,80,74,73
5,75,49,46,63,72,80,17,92,138,27,10,7,9,73,60,6,61,65,57,53,63,55,59,65
6,66,50,18,18,53,56,17,29,53,50,28,129,126,23,78,90,137,229,314,339,345,352,346,326
7,327,306,243,273,238,218,219,264,288,283,309,278,235,224,215,271,281,293,303,328,330,325,163,159
8,144,138,138,137,133,136,138,137,141,140,143,143,144,143,149,145,140,139,142,151,167,164,162,165
9,162,155,150,145,131,136,134,134,138,214,215,175,157,89,139,136,131,127,166,224,163,289,241,195
10,211,184,160,150,142,134,127,122,126,132,134,132,126,122,120,118,116,117,122,137,144,152,154,162
11,159,148,142,130,117,111,111,109,131,182,160,150,141,141,142,122,119,123,134,139,149,156,166,159
12,157,140,133,130,123,119,120,116,118,122,129,129,118,121,119,119,117,114,115,173,191,163,157,142
13,135,130,121,117,112,113,101,92,93,107,103,98,93,89,84,91,97,90,68,74,76,82,93,85
14,86,63,61,53,44,37,39,45,53,75,92,97,98,93,79,66,59,66,57,95,105,125,148,107
15,98,94,83,72,56,58,51,69,68,96,148,80,79,88,97,170,146,131,182,201,210,270,204,205
16,201,156,22,20,68,51,21,138,147,67,65,64,277,260,207,205,250,30,90,43,45,85,88,112
17,87,77,103,103,101,98,99,74,74,46,311,289,168,259,212,191,183,178,172,174,180,187,184,176
18,173,165,153,145,140,130,126,126,136,153,172,173,158,149,143,142,140,135,141,150,160,175,188,188
19,187,178,165,147,131,126,120,122,142,168,156,144,139,137,135,135,135,129,128,135,143,175,183,178
20,172,162,150,136,123,121,124,132,138,144,153,147,145,151,152,144,139,140,136,144,150,155,162,169
21,165,161,151,137,129,122,119,123,140,167,182,170,154,149,152,161,168,170,175,173,171,171,170,165
22,162,146,131,124,118,115,117,119,136,158,169,153,157,176,178,181,175,164,148,146,153,161,164,160
23,153,145,139,131,128,119,117,119,130,161,171,155,167,196,180,177,173,149,149,147,158,180,180,173
24,167,153,140,130,118,112,110,112,127,149,156,136,137,151,132,112,93,83,66,64,66,80,94,101
25,102,95,74,57,51,40,40,43,78,123,150,144,136,125,122,123,124,130,133,139,140,135,135,137
26,139,135,126,115,111,101,99,101,108,125,146,161,154,148,145,145,147,141,142,147,155,164,166,176
27,168,163,152,141,136,127,116,118,134,151,156,152,127,43,121,123,127,130,131,157,154,212,243,203
28,185,192,141,183,139,119,136,124,135,216,285,229,219,183,155,187,217,160,145,156,190,269,311,296
29,302,275,172,161,133,119,98,106,159,301,323,260,152,135,111,113,101,103,104,109,132,212,219,231
30,246,216,141,159,166,131,122,120,125,187,207,127,169,176,120,124,122,121,126,197,192,235,232,251
31,268,293,303,305,306,252,196,240,166,240,243,158,148,126,121,118,120,122,112,119,141,201,183,145
"
"
Year,2022
January-2022,00:00:00,01:00:00,02:00:00,03:00:00,04:00:00,05:00:00,06:00:00,07:00:00,08:00:00,09:00:00,10:00:00,11:00:00,12:00:00,13:00:00,14:00:00,15:00:00,16:00:00,17:00:00,18:00:00,19:00:00,20:00:00,21:00:00,22:00:00,23:00:00
1,159.0,239.0,285.0,229.0,175.0,117.0,121.0,108.0,112.0,105.0,103.0,101.0,101.0,107.0,112.0,111.0,108.0,98.0,99.0,103.0,116.0,192.0,205.0,160.0
2,167.0,128.0,119.0,107.0,118.0,98.0,97.0,98.0,113.0,202.0,144.0,110.0,107.0,110.0,115.0,114.0,106.0,106.0,114.0,125.0,135.0,198.0,246.0,226.0
3,210.0,201.0,127.0,118.0,110.0,108.0,105.0,166.0,162.0,237.0,268.0,140.0,131.0,118.0,112.0,116.0,123.0,129.0,127.0,131.0,149.0,224.0,240.0,
4,,,,,,,,,,,,,,,,,,,,,,,,
5,,,,,,,,,,,,,,,,,,,,,,,,
6,,,,,,,,,,,,,,,,,,,,,,,,
7,,,,,,,,,,,,,,,,42.0,173.0,163.0,159.0,227.0,192.0,168.0,149.0,135.0
8,147.0,114.0,105.0,98.0,93.0,94.0,104.0,119.0,101.0,132.0,143.0,124.0,123.0,158.0,152.0,142.0,139.0,125.0,110.0,109.0,104.0,111.0,110.0,112.0
9,109.0,107.0,100.0,73.0,76.0,75.0,58.0,64.0,67.0,78.0,67.0,78.0,73.0,65.0,71.0,60.0,62.0,65.0,59.0,66.0,67.0,71.0,74.0,77.0
10,86.0,97.0,78.0,77.0,69.0,56.0,53.0,73.0,105.0,305.0,306.0,192.0,113.0,107.0,101.0,88.0,92.0,86.0,82.0,87.0,91.0,101.0,103.0,161.0
11,171.0,116.0,109.0,108.0,105.0,94.0,92.0,107.0,186.0,238.0,191.0,189.0,189.0,166.0,166.0,145.0,135.0,129.0,129.0,126.0,127.0,173.0,199.0,230.0
12,282.0,222.0,193.0,156.0,101.0,96.0,103.0,105.0,101.0,165.0,196.0,151.0,137.0,142.0,154.0,149.0,146.0,132.0,126.0,139.0,127.0,207.0,206.0,283.0
13,302.0,252.0,269.0,223.0,118.0,141.0,173.0,136.0,217.0,289.0,234.0,195.0,136.0,127.0,126.0,127.0,141.0,145.0,183.0,139.0,176.0,241.0,183.0,303.0
14,301.0,261.0,221.0,266.0,247.0,206.0,221.0,191.0,275.0,309.0,328.0,315.0,246.0,165.0,140.0,141.0,139.0,138.0,135.0,,150.0,272.0,261.0,310.0
15,303.0,219.0,240.0,253.0,165.0,163.0,160.0,129.0,130.0,319.0,223.0,129.0,169.0,129.0,121.0,113.0,109.0,110.0,115.0,129.0,189.0,300.0,294.0,234.0
16,281.0,293.0,301.0,227.0,196.0,144.0,116.0,118.0,110.0,158.0,132.0,112.0,107.0,112.0,106.0,107.0,101.0,93.0,102.0,108.0,121.0,231.0,296.0,259.0
17,246.0,219.0,178.0,142.0,124.0,115.0,,108.0,130.0,306.0,,130.0,123.0,126.0,,,110.0,,117.0,124.0,130.0,178.0,182.0,235.0
18,185.0,143.0,135.0,129.0,129.0,124.0,136.0,116.0,219.0,312.0,345.0,322.0,242.0,137.0,119.0,115.0,117.0,115.0,115.0,122.0,146.0,250.0,244.0,239.0
19,297.0,193.0,179.0,144.0,118.0,112.0,109.0,115.0,259.0,317.0,323.0,302.0,248.0,192.0,179.0,163.0,154.0,136.0,132.0,134.0,213.0,236.0,222.0,234.0
20,270.0,153.0,155.0,117.0,111.0,87.0,84.0,83.0,91.0,296.0,312.0,268.0,150.0,146.0,140.0,133.0,128.0,126.0,114.0,107.0,107.0,183.0,164.0,202.0
21,182.0,122.0,104.0,99.0,89.0,70.0,68.0,68.0,146.0,300.0,237.0,156.0,129.0,106.0,84.0,69.0,60.0,102.0,79.0,69.0,78.0,85.0,103.0,110.0
22,123.0,116.0,102.0,90.0,83.0,61.0,54.0,62.0,68.0,112.0,101.0,96.0,105.0,104.0,88.0,80.0,85.0,87.0,79.0,76.0,82.0,86.0,101.0,114.0
23,113.0,116.0,112.0,112.0,111.0,252.0,500.0,355.0,375.0,390.0,376.0,388.0,381.0,363.0,352.0,338.0,303.0,252.0,229.0,190.0,237.0,490.0,467.0,461.0
24,436.0,421.0,398.0,399.0,407.0,412.0,409.0,414.0,422.0,425.0,438.0,440.0,431.0,417.0,406.0,368.0,348.0,310.0,278.0,258.0,263.0,269.0,287.0,293.0
25,296.0,270.0,228.0,194.0,178.0,155.0,154.0,175.0,233.0,325.0,342.0,297.0,293.0,307.0,320.0,358.0,375.0,372.0,316.0,314.0,340.0,356.0,403.0,379.0
26,387.0,348.0,275.0,218.0,204.0,197.0,190.0,201.0,308.0,352.0,282.0,264.0,240.0,250.0,249.0,250.0,238.0,242.0,229.0,218.0,215.0,234.0,303.0,304.0
27,230.0,203.0,184.0,164.0,145.0,144.0,134.0,153.0,156.0,153.0,153.0,156.0,156.0,158.0,157.0,166.0,182.0,175.0,160.0,159.0,179.0,185.0,217.0,303.0
28,263.0,182.0,191.0,170.0,157.0,138.0,129.0,123.0,123.0,132.0,139.0,136.0,134.0,141.0,146.0,138.0,133.0,128.0,141.0,138.0,147.0,230.0,249.0,299.0
29,193.0,174.0,153.0,125.0,126.0,110.0,100.0,104.0,106.0,200.0,123.0,116.0,113.0,121.0,126.0,124.0,125.0,129.0,133.0,128.0,131.0,147.0,202.0,283.0
30,273.0,154.0,123.0,97.0,88.0,69.0,75.0,109.0,160.0,328.0,362.0,304.0,152.0,113.0,115.0,115.0,137.0,124.0,114.0,111.0,148.0,282.0,235.0,270.0
31,268.0,169.0,137.0,107.0,90.0,85.0,86.0,98.0,231.0,333.0,326.0,266.0,194.0,197.0,204.0,173.0,151.0,129.0,125.0,,217.0,290.0,309.0,316.0
"
"
February-2022,00:00:00,01:00:00,02:00:00,03:00:00,04:00:00,05:00:00,06:00:00,07:00:00,08:00:00,09:00:00,10:00:00,11:00:00,12:00:00,13:00:00,14:00:00,15:00:00,16:00:00,17:00:00,18:00:00,19:00:00,20:00:00,21:00:00,22:00:00,23:00:00
1,309.0,253,187,128,117.0,111,102,106,169.0,314,320,297,221,178,159,140,134,119,118,115,129,246,194,233
2,248.0,151,131,144,121.0,115,109,114,217.0,322,330,309,264,243,232,196,161,142,140,143,173,270,246,282
3,197.0,144,123,113,113.0,110,105,113,134.0,311,303,196,125,122,85,101,132,125,127,126,132,137,151,145
4,139.0,126,118,106,104.0,101,99,116,171.0,285,219,203,250,264,273,298,312,326,324,329,360,389,378,371
5,328.0,313,268,226,196.0,192,187,200,220.0,305,300,280,280,293,291,294,297,285,279,287,283,284,284,276
6,254.0,243,220,182,176.0,167,158,184,306.0,358,353,301,239,200,186,210,219,219,220,220,254,259,230,262
7,234.0,208,217,173,156.0,157,141,140,198.0,320,312,218,189,185,167,157,158,157,150,146,134,127,128,128
8,119.0,122,115,111,106.0,97,87,91,178.0,313,302,150,123,119,117,115,107,106,100,99,90,108,129,132
9,121.0,119,111,95,85.0,78,72,74,216.0,313,213,121,98,123,115,114,115,109,109,112,126,127,136,162
10,186.0,190,169,161,155.0,142,120,126,334.0,358,315,196,138,126,136,132,153,151,149,151,158,162,160,225
11,253.0,207,156,184,156.0,137,122,115,114.0,114,114,115,115,123,122,124,122,121,121,126,154,205,193,204
12,179.0,175,155,139,123.0,112,104,113,199.0,346,305,177,105,125,119,128,137,134,138,134,130,128,129,128
13,152.0,146,133,125,110.0,107,101,100,184.0,321,302,277,237,193,182,178,162,137,132,132,167,178,124,127
14,147.0,113,100,95,84.0,74,62,82,218.0,309,270,131,99,106,105,85,96,94,97,97,100,124,168,191
15,156.0,140,126,109,105.0,101,97,114,290.0,324,304,150,125,106,78,63,67,67,69,75,69,65,71,109
16,101.0,105,88,67,63.0,55,52,65,109.0,272,193,113,93,90,68,61,64,57,56,55,65,65,100,110
17,105.0,93,79,65,62.0,53,55,60,113.0,219,159,127,117,112,105,99,104,101,88,79,52,58,40,38
18,85.0,26,51,43,38.0,38,38,38,66.0,88,56,73,86,94,97,89,87,94,92,85,52,46,52,40
19,129.0,34,40,58,38.0,60,57,59,76.0,59,26,48,84,145,138,114,108,114,129,111,87,36,27,25
20,25.0,32,31,25,29.0,32,25,33,38.0,78,59,97,114,139,133,131,125,140,134,120,98,73,43,41
21,,70,60,54,,37,31,39,,78,64,110,98,165,150,170,184,170,134,138,149,93,54,46
22,45.0,46,38,45,45.0,47,44,34,65.0,81,65,130,109,141,125,137,87,63,53,47,45,45,42,34
23,30.0,25,25,22,23.0,27,26,35,62.0,92,26,36,88,91,91,78,86,85,130,104,70,52,46,49
24,43.0,38,47,49,44.0,33,30,34,81.0,86,26,67,151,248,178,168,180,179,199,142,52,44,37,30
25,24.0,20,35,44,46.0,47,45,29,56.0,54,64,61,135,163,167,164,176,177,190,238,153,188,58,49
26,49.0,42,56,56,54.0,47,42,37,71.0,70,74,88,121,147,90,91,97,102,111,89,69,76,45,42
27,15.0,32,29,26,28.0,34,34,33,58.0,57,77,106,92,164,150,161,172,185,208,161,130,82,67,60
28,36.0,32,30,25,30.0,31,29,40,59.0,62,76,120,220,295,262,229,171,172,174,177,207,180,194,174
"
"
March-2022,00:00:00,01:00:00,02:00:00,03:00:00,04:00:00,05:00:00,06:00:00,07:00:00,08:00:00,09:00:00,10:00:00,11:00:00,12:00:00,13:00:00,14:00:00,15:00:00,16:00:00,17:00:00,18:00:00,19:00:00,20:00:00,21:00:00,22:00:00,23:00:00
1,179.0,172,180,158,158,167,215.0,236.0,301,322.0,312.0,209.0,175.0,175.0,170.0,161.0,152.0,139.0,132.0,138.0,178.0,277.0,305.0,245.0
2,215.0,158,176,131,120,126,121.0,158.0,300,316.0,313.0,303.0,241.0,214.0,200.0,196.0,187.0,174.0,152.0,140.0,140.0,173.0,266.0,301.0
3,220.0,165,101,84,73,85,101.0,172.0,302,348.0,337.0,238.0,142.0,123.0,138.0,188.0,258.0,205.0,179.0,148.0,168.0,187.0,295.0,295.0
4,178.0,162,125,116,112,110,122.0,169.0,303,355.0,301.0,168.0,164.0,146.0,144.0,409.0,236.0,254.0,194.0,142.0,155.0,148.0,173.0,217.0
5,203.0,164,123,122,111,113,112.0,155.0,272,311.0,286.0,156.0,153.0,174.0,222.0,179.0,171.0,166.0,183.0,139.0,143.0,128.0,213.0,231.0
6,143.0,124,103,101,90,93,96.0,178.0,227,303.0,304.0,212.0,136.0,149.0,151.0,152.0,174.0,166.0,185.0,159.0,138.0,140.0,161.0,226.0
7,158.0,139,114,88,85,89,84.0,112.0,327,321.0,317.0,282.0,189.0,234.0,242.0,181.0,172.0,252.0,210.0,216.0,225.0,181.0,191.0,
8,215.0,196,242,178,167,211,170.0,214.0,309,211.0,265.0,208.0,137.0,135.0,171.0,199.0,259.0,179.0,137.0,158.0,182.0,172.0,240.0,235.0
9,179.0,168,143,132,117,115,120.0,168.0,295,315.0,292.0,142.0,140.0,119.0,123.0,118.0,112.0,120.0,125.0,141.0,190.0,146.0,154.0,151.0
10,119.0,119,135,111,92,99,92.0,154.0,308,378.0,314.0,144.0,122.0,116.0,103.0,107.0,115.0,121.0,115.0,128.0,193.0,144.0,126.0,170.0
11,159.0,136,235,113,101,112,129.0,214.0,59,326.0,,303.0,216.0,,,,,,,,,,,
12,,132,120,101,101,90,88.0,99.0,246,303.0,140.0,107.0,128.0,160.0,238.0,114.0,272.0,208.0,199.0,176.0,110.0,104.0,104.0,178.0
13,114.0,110,99,87,75,92,96.0,,250,328.0,265.0,172.0,159.0,143.0,151.0,141.0,130.0,131.0,103.0,86.0,85.0,119.0,179.0,205.0
14,138.0,117,168,100,88,90,89.0,90.0,117,107.0,310.0,198.0,132.0,171.0,150.0,132.0,114.0,107.0,105.0,103.0,171.0,125.0,220.0,271.0
15,210.0,193,185,87,109,39,97.0,166.0,111,,109.0,235.0,212.0,208.0,254.0,232.0,245.0,221.0,193.0,192.0,129.0,136.0,176.0,
16,129.0,154,164,162,153,127,125.0,124.0,146,249.0,242.0,,166.0,170.0,154.0,151.0,135.0,132.0,127.0,130.0,168.0,,254.0,
17,197.0,217,178,176,162,144,146.0,151.0,234,304.0,220.0,214.0,217.0,206.0,180.0,183.0,163.0,165.0,200.0,195.0,193.0,217.0,279.0,
18,326.0,349,360,377,334,319,270.0,176.0,247,298.0,287.0,261.0,234.0,280.0,151.0,144.0,142.0,133.0,124.0,120.0,117.0,122.0,137.0,
19,117.0,118,101,101,87,80,88.0,82.0,186,196.0,151.0,111.0,111.0,109.0,91.0,91.0,74.0,86.0,100.0,94.0,,101.0,110.0,101.0
20,418.0,199,37,500,28,27,36.0,174.0,124,120.0,119.0,121.0,,148.0,153.0,137.0,138.0,131.0,129.0,130.0,133.0,169.0,182.0,182.0
21,183.0,167,165,145,124,121,117.0,123.0,140,,177.0,158.0,198.0,198.0,199.0,199.0,187.0,174.0,174.0,172.0,174.0,189.0,186.0,199.0
22,199.0,199,190,180,165,145,133.0,145.0,216,201.0,186.0,177.0,,183.0,183.0,178.0,173.0,173.0,174.0,179.0,179.0,198.0,211.0,
23,203.0,76,76,42,62,126,131.0,111.0,232,310.0,182.0,239.0,207.0,87.0,165.0,126.0,154.0,156.0,156.0,186.0,226.0,248.0,262.0,
24,299.0,283,265,217,192,184,181.0,190.0,266,247.0,255.0,287.0,275.0,284.0,273.0,245.0,202.0,175.0,172.0,177.0,177.0,177.0,179.0,203.0
25,179.0,169,159,146,132,124,111.0,108.0,113,120.0,149.0,158.0,159.0,141.0,132.0,133.0,127.0,93.0,90.0,86.0,95.0,88.0,102.0,97.0
26,106.0,106,106,103,104,105,105.0,,124,136.0,136.0,124.0,119.0,128.0,132.0,130.0,132.0,132.0,127.0,120.0,119.0,123.0,116.0,109.0
27,110.0,109,106,90,90,82,,81.0,81,102.0,119.0,102.0,103.0,103.0,,111.0,111.0,107.0,100.0,106.0,107.0,115.0,116.0,97.0
28,93.0,86,84,103,97,89,93.0,96.0,97,101.0,112.0,116.0,126.0,,,140.0,130.0,125.0,125.0,126.0,128.0,127.0,119.0,115.0
29,108.0,112,108,87,63,64,61.0,80.0,155,174.0,142.0,135.0,128.0,129.0,121.0,115.0,111.0,110.0,108.0,113.0,116.0,122.0,123.0,141.0
30,119.0,105,62,66,66,62,71.0,93.0,100,150.0,191.0,153.0,168.0,,158.0,143.0,131.0,130.0,121.0,117.0,116.0,118.0,,104.0
31,111.0,110,87,66,66,45,47.0,48.0,65,123.0,118.0,115.0,114.0,,,,,,,,,,,
"
"
April-2022,00:00:00,01:00:00,02:00:00,03:00:00,04:00:00,05:00:00,06:00:00,07:00:00,08:00:00,09:00:00,10:00:00,11:00:00,12:00:00,13:00:00,14:00:00,15:00:00,16:00:00,17:00:00,18:00:00,19:00:00,20:00:00,21:00:00,22:00:00,23:00:00
1,,116.0,148.0,106.0,,111.0,111.0,128.0,234.0,272.0,243.0,277.0,185.0,182.0,191.0,186.0,192.0,204.0,195.0,248.0,263.0,363.0,,374.0
2,307.0,271.0,193.0,193.0,194.0,188.0,176.0,186.0,192.0,212.0,209.0,214.0,238.0,265.0,261.0,253.0,241.0,232.0,232.0,235.0,240.0,263.0,252.0,290.0
3,276.0,253.0,221.0,189.0,182.0,177.0,175.0,170.0,173.0,173.0,174.0,183.0,193.0,194.0,196.0,193.0,180.0,186.0,178.0,179.0,178.0,178.0,171.0,176.0
4,163.0,158.0,148.0,134.0,138.0,140.0,140.0,138.0,137.0,144.0,146.0,151.0,167.0,176.0,178.0,169.0,165.0,160.0,159.0,145.0,143.0,135.0,129.0,
5,126.0,117.0,106.0,103.0,89.0,93.0,94.0,97.0,90.0,115.0,112.0,128.0,152.0,157.0,159.0,155.0,142.0,137.0,139.0,131.0,132.0,135.0,122.0,114.0
6,113.0,110.0,102.0,104.0,96.0,89.0,85.0,90.0,84.0,81.0,95.0,,127.0,123.0,118.0,119.0,125.0,128.0,137.0,136.0,127.0,128.0,126.0,113.0
7,117.0,112.0,106.0,100.0,97.0,23.0,341.0,30.0,468.0,31.0,56.0,72.0,500.0,110.0,68.0,61.0,52.0,500.0,54.0,,,,,
8,,,,,,,,,,,,,,,,,,,,,,,,
9,,,,,,,,,,,,,,,,,,,,,,,,
10,,,,,,,,,,,,,,,,,,,,,,,,
11,,,,,,,,,,,,,,,,,,,,,,,,
12,,,,,,,,,,,,,,,,,,,,,,,,
13,,,,,,,,,,,,,,,,,,,,,,,,
14,,,,,,,,,,,,,,,,,,,,,,,,
15,,,,,,,,,,,,,,,,,,,,,,,,
16,,,,,,,,,,,,,,,,,,,114.0,47.0,134.0,121.0,119.0,112.0
17,104.0,98.0,75.0,65.0,80.0,66.0,68.0,61.0,70.0,85.0,89.0,95.0,104.0,107.0,113.0,97.0,94.0,92.0,103.0,110.0,117.0,108.0,108.0,111.0
18,101.0,99.0,102.0,93.0,81.0,77.0,77.0,67.0,69.0,66.0,78.0,85.0,94.0,100.0,100.0,98.0,17.0,93.0,95.0,97.0,97.0,100.0,96.0,100.0
19,102.0,94.0,123.0,91.0,56.0,66.0,74.0,78.0,91.0,103.0,87.0,94.0,102.0,102.0,100.0,99.0,95.0,91.0,89.0,,100.0,99.0,96.0,99.0
20,99.0,93.0,91.0,86.0,84.0,81.0,73.0,76.0,79.0,77.0,81.0,100.0,99.0,106.0,115.0,,104.0,113.0,109.0,111.0,125.0,125.0,,135.0
21,131.0,127.0,128.0,108.0,112.0,124.0,129.0,186.0,146.0,,152.0,159.0,164.0,162.0,170.0,182.0,221.0,,147.0,129.0,134.0,128.0,126.0,127.0
22,134.0,132.0,134.0,130.0,120.0,120.0,111.0,111.0,118.0,118.0,126.0,134.0,154.0,154.0,152.0,144.0,131.0,128.0,130.0,177.0,140.0,171.0,255.0,
23,191.0,137.0,129.0,124.0,122.0,118.0,113.0,114.0,129.0,110.0,112.0,115.0,174.0,190.0,149.0,137.0,135.0,133.0,127.0,120.0,115.0,123.0,117.0,115.0
24,110.0,114.0,113.0,110.0,101.0,94.0,,75.0,89.0,89.0,93.0,103.0,115.0,117.0,123.0,121.0,114.0,46.0,45.0,40.0,101.0,102.0,92.0,93.0
25,86.0,92.0,95.0,75.0,78.0,63.0,63.0,55.0,81.0,85.0,79.0,85.0,112.0,119.0,125.0,128.0,124.0,116.0,144.0,156.0,137.0,129.0,138.0,117.0
26,112.0,,94.0,74.0,,61.0,61.0,62.0,,104.0,95.0,89.0,91.0,101.0,103.0,93.0,88.0,82.0,79.0,71.0,79.0,71.0,,83.0
27,85.0,43.0,40.0,33.0,23.0,23.0,24.0,28.0,52.0,49.0,86.0,93.0,63.0,101.0,81.0,69.0,125.0,66.0,64.0,99.0,64.0,61.0,,62.0
28,97.0,127.0,121.0,115.0,97.0,79.0,71.0,71.0,80.0,93.0,83.0,,134.0,117.0,119.0,111.0,109.0,109.0,107.0,112.0,119.0,113.0,109.0,105.0
29,102.0,102.0,101.0,91.0,76.0,62.0,57.0,55.0,62.0,58.0,61.0,76.0,75.0,79.0,80.0,68.0,83.0,82.0,84.0,79.0,80.0,78.0,78.0,78.0
30,,75.0,65.0,57.0,60.0,60.0,,54.0,86.0,91.0,77.0,89.0,101.0,104.0,95.0,90.0,84.0,78.0,85.0,79.0,93.0,91.0,83.0,86.0
"
"
May-2022,00:00:00,01:00:00,02:00:00,03:00:00,04:00:00,05:00:00,06:00:00,07:00:00,08:00:00,09:00:00,10:00:00,11:00:00,12:00:00,13:00:00,14:00:00,15:00:00,16:00:00,17:00:00,18:00:00,19:00:00,20:00:00,21:00:00,22:00:00,23:00:00
1,77.0,65.0,67,48,48,49.0,50.0,48.0,46,53,60,68,75,67.0,70.0,46,57,56,60,65,70.0,69,56.0,54
2,61.0,,37,57,43,37.0,44.0,40.0,43,45,52,71,70,79.0,81.0,85,87,75,78,77,77.0,75,,86
3,86.0,83.0,87,84,74,,,72.0,66,10,13,74,74,87.0,100.0,89,75,76,73,80,87.0,94,84.0,78
4,75.0,67.0,72,92,85,87.0,77.0,77.0,89,88,91,100,103,112.0,104.0,106,100,38,125,118,,107,109.0,103
5,108.0,108.0,102,82,82,79.0,75.0,78.0,100,95,100,103,101,106.0,110.0,105,104,104,83,87,94.0,102,105.0,101
6,,100.0,90,88,84,80.0,85.0,96.0,99,107,123,128,139,146.0,152.0,152,156,157,158,165,167.0,159,149.0,145
7,141.0,140.0,131,128,117,106.0,103.0,,271,174,123,118,135,,,148,155,57,120,318,171.0,203,253.0,175
8,172.0,163.0,150,127,124,111.0,104.0,111.0,108,118,127,118,122,126.0,131.0,118,127,131,124,122,130.0,139,140.0,132
9,107.0,96.0,91,86,93,73.0,74.0,66.0,79,86,89,97,129,149.0,157.0,159,194,155,147,130,134.0,121,118.0,122
10,120.0,30.0,30,28,28,102.0,24.0,17.0,23,28,33,102,96,103.0,108.0,106,138,134,139,136,135.0,128,129.0,122
11,225.0,114.0,191,97,92,94.0,93.0,85.0,96,115,84,97,98,112.0,119.0,20,20,363,256,235,231.0,127,123.0,173
12,128.0,123.0,208,113,36,176.0,94.0,100.0,92,103,105,43,168,40.0,135.0,116,122,121,123,127,129.0,238,124.0,123
13,121.0,115.0,121,243,15,247.0,112.0,111.0,169,198,117,134,124,131.0,20.0,305,137,142,144,142,147.0,212,24.0,26
14,325.0,269.0,141,139,145,146.0,139.0,132.0,131,128,134,139,147,157.0,155.0,155,153,151,143,143,138.0,147,144.0,143
15,142.0,128.0,123,118,117,117.0,111.0,103.0,104,102,104,106,108,112.0,109.0,107,111,109,115,114,339.0,117,121.0,121
16,122.0,121.0,272,244,237,109.0,107.0,102.0,102,344,146,215,125,229.0,171.0,213,244,215,156,189,186.0,230,125.0,131
17,124.0,126.0,162,167,141,299.0,142.0,145.0,249,161,303,286,231,255.0,233.0,227,220,223,383,231,211.0,297,308.0,209
18,192.0,192.0,194,195,193,189.0,180.0,181.0,184,188,207,217,28,26.0,255.0,294,317,319,329,349,327.0,325,317.0,264
19,245.0,292.0,251,297,312,248.0,292.0,269.0,183,253,255,181,270,276.0,165.0,192,242,184,213,271,240.0,255,261.0,215
20,195.0,251.0,192,198,250,168.0,98.0,172.0,139,134,201,106,127,230.0,132.0,176,173,140,164,215,133.0,129,134.0,109
21,120.0,146.0,102,98,86,78.0,75.0,95.0,68,85,95,83,79,82.0,86.0,99,144,97,92,99,83.0,77,95.0,83
22,82.0,84.0,66,61,60,63.0,65.0,70.0,76,62,59,55,52,74.0,111.0,119,127,116,107,86,113.0,137,139.0,125
23,99.0,80.0,72,55,49,46.0,38.0,36.0,39,43,53,22,27,25.0,81.0,54,49,45,55,80,69.0,75,59.0,53
24,44.0,43.0,49,46,41,33.0,30.0,34.0,38,45,56,41,39,42.0,64.0,75,104,79,91,85,86.0,79,71.0,57
25,63.0,61.0,53,48,35,38.0,33.0,35.0,41,39,41,44,41,38.0,37.0,45,62,51,48,51,48.0,64,74.0,57
26,57.0,51.0,58,50,43,55.0,55.0,66.0,47,44,43,50,51,54.0,54.0,55,52,60,49,56,54.0,53,71.0,50
27,48.0,42.0,42,41,39,37.0,32.0,31.0,39,44,43,48,40,36.0,47.0,42,40,48,50,62,49.0,47,54.0,50
28,51.0,55.0,50,46,40,37.0,35.0,38.0,44,42,38,37,34,31.0,31.0,30,38,45,43,40,42.0,47,36.0,34
29,41.0,40.0,33,32,27,28.0,31.0,43.0,35,29,29,33,34,40.0,49.0,44,44,33,30,36,30.0,62,64.0,43
30,43.0,35.0,38,36,35,33.0,40.0,45.0,35,37,43,47,48,52.0,48.0,42,37,39,43,67,50.0,61,51.0,48
31,50.0,47.0,53,42,42,34.0,27.0,26.0,28,37,51,39,44,37.0,37.0,41,43,56,59,58,54.0,46,57.0,47
"
"
June-2022,00:00:00,01:00:00,02:00:00,03:00:00,04:00:00,05:00:00,06:00:00,07:00:00,08:00:00,09:00:00,10:00:00,11:00:00,12:00:00,13:00:00,14:00:00,15:00:00,16:00:00,17:00:00,18:00:00,19:00:00,20:00:00,21:00:00,22:00:00,23:00:00
1,48.0,56.0,49.0,46.0,36.0,36.0,35.0,34.0,40.0,44.0,35.0,28.0,33.0,42.0,47.0,79.0,84.0,91.0,71.0,64.0,64.0,54.0,76.0,67.0
2,63.0,44.0,40.0,40.0,42.0,48.0,50.0,47.0,42.0,46.0,39.0,35.0,61.0,115.0,404.0,73.0,480.0,188.0,107.0,165.0,500.0,433.0,229.0,103.0
3,42.0,52.0,38.0,28.0,7.0,23.0,29.0,5.0,58.0,43.0,49.0,425.0,192.0,117.0,67.0,82.0,82.0,54.0,47.0,41.0,50.0,62.0,9.0,83.0
4,75.0,50.0,33.0,27.0,25.0,28.0,43.0,7.0,7.0,12.0,27.0,22.0,86.0,102.0,22.0,21.0,64.0,75.0,83.0,91.0,102.0,,99.0,88.0
5,,73.0,70.0,66.0,,59.0,50.0,42.0,,42.0,73.0,84.0,85.0,83.0,63.0,57.0,61.0,69.0,75.0,88.0,91.0,78.0,76.0,71.0
6,71.0,79.0,80.0,75.0,80.0,50.0,38.0,44.0,68.0,72.0,78.0,82.0,70.0,75.0,75.0,82.0,85.0,89.0,96.0,88.0,80.0,79.0,82.0,84.0
7,87.0,91.0,92.0,57.0,51.0,50.0,80.0,88.0,101.0,96.0,64.0,56.0,52.0,40.0,89.0,83.0,86.0,68.0,65.0,60.0,59.0,85.0,93.0,90.0
8,79.0,44.0,37.0,32.0,70.0,71.0,76.0,92.0,69.0,23.0,20.0,56.0,69.0,70.0,81.0,31.0,31.0,25.0,26.0,46.0,89.0,97.0,80.0,41.0
9,32.0,41.0,79.0,78.0,81.0,95.0,69.0,28.0,21.0,82.0,96.0,93.0,94.0,54.0,64.0,,,,,,,,,
10,,,,,,,,,,,,,,,,,96.0,86.0,84.0,96.0,102.0,103.0,93.0,88.0
11,88.0,76.0,83.0,81.0,82.0,81.0,83.0,89.0,87.0,80.0,80.0,78.0,98.0,100.0,91.0,80.0,77.0,77.0,76.0,76.0,80.0,83.0,82.0,72.0
12,86.0,77.0,73.0,75.0,74.0,77.0,82.0,80.0,80.0,80.0,79.0,100.0,89.0,86.0,79.0,80.0,75.0,72.0,70.0,80.0,91.0,88.0,87.0,80.0
13,77.0,77.0,85.0,89.0,93.0,88.0,86.0,94.0,91.0,101.0,101.0,98.0,90.0,87.0,90.0,,17.0,41.0,39.0,49.0,58.0,60.0,61.0,53.0
14,63.0,54.0,51.0,48.0,44.0,42.0,55.0,56.0,49.0,47.0,52.0,39.0,52.0,47.0,65.0,54.0,52.0,53.0,52.0,60.0,64.0,69.0,82.0,70.0
15,73.0,54.0,33.0,27.0,27.0,27.0,47.0,51.0,52.0,42.0,32.0,27.0,32.0,30.0,37.0,37.0,39.0,50.0,36.0,25.0,52.0,58.0,98.0,74.0
16,70.0,59.0,40.0,28.0,20.0,33.0,45.0,40.0,32.0,34.0,24.0,17.0,17.0,19.0,45.0,36.0,63.0,38.0,37.0,92.0,91.0,93.0,102.0,88.0
17,79.0,53.0,35.0,25.0,22.0,24.0,23.0,35.0,30.0,41.0,37.0,26.0,24.0,18.0,20.0,25.0,23.0,19.0,19.0,19.0,28.0,37.0,70.0,91.0
18,89.0,65.0,42.0,29.0,35.0,40.0,41.0,49.0,58.0,39.0,29.0,28.0,23.0,55.0,37.0,28.0,21.0,32.0,25.0,19.0,42.0,93.0,89.0,90.0
19,88.0,59.0,37.0,27.0,20.0,23.0,29.0,42.0,41.0,33.0,25.0,19.0,23.0,,21.0,17.0,,17.0,9.0,38.0,,69.0,61.0,
20,39.0,27.0,21.0,17.0,20.0,41.0,32.0,31.0,30.0,21.0,27.0,6.0,6.0,48.0,34.0,26.0,21.0,19.0,18.0,20.0,12.0,36.0,68.0,56.0
21,43.0,30.0,30.0,23.0,18.0,27.0,33.0,34.0,41.0,29.0,28.0,23.0,21.0,24.0,27.0,35.0,26.0,19.0,17.0,18.0,19.0,40.0,62.0,48.0
22,35.0,27.0,20.0,18.0,18.0,47.0,43.0,41.0,50.0,40.0,29.0,21.0,25.0,56.0,64.0,55.0,44.0,34.0,25.0,20.0,40.0,65.0,79.0,57.0
23,40.0,31.0,24.0,20.0,14.0,35.0,49.0,42.0,35.0,29.0,23.0,24.0,24.0,62.0,70.0,43.0,35.0,34.0,29.0,23.0,25.0,38.0,52.0,41.0
24,40.0,31.0,23.0,18.0,17.0,22.0,30.0,36.0,26.0,24.0,19.0,22.0,20.0,22.0,17.0,18.0,28.0,28.0,37.0,39.0,30.0,24.0,26.0,26.0
25,57.0,35.0,28.0,23.0,17.0,19.0,12.0,16.0,29.0,30.0,49.0,35.0,27.0,23.0,20.0,21.0,23.0,20.0,20.0,18.0,17.0,16.0,15.0,22.0
26,27.0,23.0,17.0,17.0,17.0,17.0,14.0,14.0,14.0,20.0,27.0,19.0,19.0,22.0,22.0,19.0,18.0,17.0,17.0,17.0,30.0,25.0,28.0,20.0
27,47.0,37.0,30.0,24.0,24.0,19.0,23.0,18.0,21.0,32.0,24.0,30.0,27.0,32.0,29.0,36.0,54.0,40.0,93.0,56.0,66.0,51.0,50.0,58.0
28,71.0,67.0,48.0,37.0,28.0,23.0,17.0,33.0,25.0,33.0,49.0,69.0,47.0,34.0,33.0,40.0,40.0,48.0,36.0,36.0,33.0,31.0,28.0,47.0
29,65.0,83.0,54.0,35.0,42.0,39.0,38.0,48.0,47.0,82.0,96.0,68.0,41.0,29.0,43.0,65.0,58.0,46.0,36.0,30.0,36.0,38.0,30.0,70.0
30,46.0,35.0,30.0,24.0,21.0,25.0,20.0,35.0,37.0,90.0,65.0,50.0,36.0,30.0,34.0,53.0,75.0,85.0,62.0,47.0,33.0,34.0,22.0,22.0
"
"
July-2022,00:00:00,01:00:00,02:00:00,03:00:00,04:00:00,05:00:00,06:00:00,07:00:00,08:00:00,09:00:00,10:00:00,11:00:00,12:00:00,13:00:00,14:00:00,15:00:00,16:00:00,17:00:00,18:00:00,19:00:00,20:00:00,21:00:00,22:00:00,23:00:00
1,23.0,22.0,32.0,28.0,23.0,20.0,15.0,31.0,38.0,46.0,43.0,33.0,30.0,26.0,22.0,23.0,24.0,22.0,29.0,30.0,28.0,40.0,24.0,32.0
2,39.0,38.0,35.0,25.0,22.0,18.0,46.0,81.0,72.0,59.0,67.0,48.0,37.0,26.0,25.0,55.0,62.0,54.0,21.0,21.0,29.0,48.0,48.0,63.0
3,69.0,58.0,46.0,44.0,36.0,27.0,21.0,50.0,40.0,48.0,39.0,33.0,29.0,28.0,27.0,61.0,50.0,84.0,54.0,44.0,48.0,36.0,41.0,46.0
4,50.0,57.0,44.0,33.0,31.0,24.0,23.0,50.0,38.0,59.0,83.0,58.0,41.0,30.0,32.0,53.0,74.0,42.0,37.0,45.0,38.0,34.0,29.0,26.0
5,21.0,18.0,20.0,22.0,20.0,24.0,25.0,21.0,16.0,14.0,16.0,15.0,58.0,61.0,36.0,40.0,16.0,28.0,32.0,19.0,14.0,15.0,20.0,28.0
6,28.0,24.0,37.0,33.0,44.0,58.0,52.0,49.0,41.0,35.0,43.0,53.0,41.0,33.0,29.0,41.0,83.0,92.0,78.0,62.0,47.0,53.0,61.0,50.0
7,43.0,37.0,31.0,29.0,39.0,45.0,30.0,27.0,27.0,27.0,33.0,43.0,43.0,33.0,29.0,43.0,55.0,52.0,54.0,43.0,31.0,37.0,49.0,41.0
8,41.0,45.0,37.0,29.0,28.0,28.0,30.0,30.0,45.0,70.0,60.0,43.0,47.0,50.0,,,,,,,,,,
9,,,,,,,,,,,,,,,,,,,,,,,,
10,,,,,,,,,,,,,,,,,,,,,,,,
11,,,,,,,,,,,,,,,,,,,,,,,,
12,,,,,,,,,,,,,,,,,,,,,,,,
13,,,,,,,,,,,,,,,,,,,,,,,,
14,,,,,,,,,,,,,,,,,,,,,,,,
15,,,,,,,,,,,,,,,,,,,,,,,,
16,,,,,,,,,,,,,,,,,,,,,,,,
17,,,,,,,,,,,,,,,,,,,,,,,,
18,,,,,,,,,,,,,,,,,,,,,,,,
19,,,,,,,,,,,,,,,,,,,,,,,,
20,,,,,,,,,,,,,,,,,,,,,,,,
21,,,,,,,,,,,,,,,,,,,,,,,,
22,,,,,,,,,,,,,,,,,,,,,,,,
23,,,,,,,,,,,,,,,,,,,,,,,,
24,,,,,,,,,,,,,,,,,,,,,,,,
25,,,,,,,,,,,,,,,,,,,,,,,,
26,,,,,,,,,,,,,,,,,,,,,,,,
27,,,,,,,,,,,,,,,,,,,,,,,,
28,,,,,,,,,,,,,,,,,,,,,,,,
29,,,,,,,,,,,,,,,,,,,,,,,,
30,,,,,,,,,,,,,,,,,,,,,,,,
31,,,,,,,,,,,,,,,,,,,,,,,,
"
"
August-2022,00:00:00,01:00:00,02:00:00,03:00:00,04:00:00,05:00:00,06:00:00,07:00:00,08:00:00,09:00:00,10:00:00,11:00:00,12:00:00,13:00:00,14:00:00,15:00:00,16:00:00,17:00:00,18:00:00,19:00:00,20:00:00,21:00:00,22:00:00,23:00:00
1,,,,,,,,,,,,,,,,,,,,,,,,
2,,,,,,,,,,,,,,,,,,,,,,,,
3,,,,,,,,,,,,,,,,,,,,,,,,
4,,,,,,,,,,,,,,,,,,,,,,,,
5,,,,,,,,,,,,,,,,,,,,,,,,
6,,,,,,,,,,,,,,,,,,,,,,,,
7,,,,,,,,,,,,,,,,,,,,,,,,
8,,,,,,,,,,,,,,,,,,,,,,,,
9,,,,,,,,,,,,,,,,,,,,,,,,
10,,,,,,,,,,,,,,,,,,,,,,,,
11,,,,,,,,,,,,,,,,,,,,,,,,
12,,,,,,,,,,,,,,,,,,,,,,,,
13,,,,,,,,,,,,,,,,,,,,,,,,
14,,,,,,,,,,,,,,,,,,,,,,,,
15,,,,,,,,,,,,,,,,,,,,,,,,
16,,,,,,,,,,,,,,,,,,,,,,,,
17,,,,,,,,,,,,,,,,,,,,,,,,
18,,,,,,,,,,,,,,,,,,,,,,,,
19,,,,,,,,,,,,,,,,,,,,,,,,
20,,,,,,,,,,,,,,,,,,,,,,,,
21,,,,,,,,,,,,,,,,,,,,,,,,
22,,,,,,,,,,,,,,,,,,,,,,,,
23,,,,,,,,,,,,,,,,,,,,,,,,
24,,,,,,,,,,,,,,,,,,,,,,,,
25,,,,,,,,,,,,,,,,,,,,,,,,
26,,,,,,,,,,,,,,,,,,,,,,,,
27,,,,,,,,,,,,,,,,,,,,,,,,
28,,,,,,,,,,,,,,,,,,,,,,,,
29,,,,,,,,,,,,,,,,,,,,,,,,
30,,,,,,,,,,,,,,,,,,,,,,,,
31,,,,,,,,,,,,,,,,,,,,,,,,
"
"
September-2022,00:00:00,01:00:00,02:00:00,03:00:00,04:00:00,05:00:00,06:00:00,07:00:00,08:00:00,09:00:00,10:00:00,11:00:00,12:00:00,13:00:00,14:00:00,15:00:00,16:00:00,17:00:00,18:00:00,19:00:00,20:00:00,21:00:00,22:00:00,23:00:00
1,,,,,,,,,,,,,,,,,,,,,,,,
2,,,,,,,,,,,,,,,,,,,,,,,,
3,,,,,,,,,,,,,,,,,,,,,,,,
4,,,,,,,,,,,,,,,,,,,,,,,,
5,,,,,,,,,,,,,,,,,,,,,,,,
6,,,,,,,,,,,,,,,,,,,,,,,,
7,,,,,,,,,,,,,,,,,,,,,,,,
8,,,,,,,,,,,,,,,,,,,,,,,,
9,,,,,,,,,,,,,,,,,,,,,,,,
10,,,,,,,,,,,,,,,,,,,,,,,,
11,,,,,,,,,,,,,,,,,,,,,,,,
12,,,,,,,,,,,,,,,,,,,,,,,,
13,,,,,,,,,,,,,,,,,,,,,,,,
14,,,,,,,,,,,,,,,,,,,,,,,,
15,,,,,,,,,,,,,,,,,,,,,,,,
16,,,,,,,,,,,,,,,,,,,,,,,,
17,,,,,,,,,,,,,,,,,,,,,,,,
18,,,,,,,,,,,,,,,,,,,,,,,,
19,,,,,,,,,,,,,,,,,,,,,,,,
20,,,,,,,,,,,,,,,,,,,,,,,,
21,,,,,,,,,,,,,,,,,,,,,,,,
22,,,,,,,,,,,,,,,,,,,,,,,,
23,,,,,,,,,,,,,,,,,,,,,,,,
24,,,,,,,,,,,,,,,,,,,,,,,,
25,,,,,,,,,,,,,,,,,,,,,,,,
26,,,,,,,,,,,,,,,,,,,,,,,,
27,,,,,,,,,,,,,,,,,,,,,,,,
28,,,,,,,,,,,,,,,,,,,,,,,,
29,,,,,,,,,,,,,,,,,,,,,,,,
30,,,,,,,,,,,,,,,,,,,,,,,,
"
"
October-2022,00:00:00,01:00:00,02:00:00,03:00:00,04:00:00,05:00:00,06:00:00,07:00:00,08:00:00,09:00:00,10:00:00,11:00:00,12:00:00,13:00:00,14:00:00,15:00:00,16:00:00,17:00:00,18:00:00,19:00:00,20:00:00,21:00:00,22:00:00,23:00:00
1,,,,,,,,,,,,,,,,,,,,,,,,
2,,,,,,,,,,,,,,,,,,,,,,,,
3,,,,,,,,,,,,,,,,,,,,,,,,
4,,,,,,,,,,,,,,,,,,,,,,,,
5,,,,,,,,,,,,,,,,,,,,,,,,
6,,,,,,,,,,,,,,,,,,,,,,,,
7,,,,,,,,,,,,,,,,,,,,,,,,
8,,,,,,,,,,,,,,,,,,,,,,,,
9,,,,,,,,,,,,,,,,,,,,,,,,
10,,,,,,,,,,,,,,,,,,,,,,,,
11,,,,,,,,,,,,,,,,,,,,,,,,
12,,,,,,,,,,,,,,,,,,,,,,,,
13,,,,,,,,,,,,,,,,,,,,,,,,
14,,,,,,,,,,,,,,,,,,,,,,,,
15,,,,,,,,,,,,,,,,,,,,,,,,
16,,,,,,,,,,,,,,,,,,,,,,,,
17,,,,,,,,,,,,,,,,,,,,,,,,
18,,,,,,,,,,,,,,,,,,,,,,,,
19,,,,,,,,,,,,,,,,,,,,,,,,
20,,,,,,,,,,,,,,,,,,,,,,,,
21,,,,,,,,,,,,,,,,,,,,,,,,
22,,,,,,,,,,,,,,,,,,,,,,,,
23,,,,,,,,,,,,,,,,,,,,,,,,
24,,,,,,,,,,,,,,,,,,,,,,,,
25,,,,,,,,,,,,,,,,,,,,,,,,
26,,,,,,,,,,,,,,,,,,,,,,,,
27,,,,,,,,,,,,,,,,,,,,,,,,
28,,,,,,,,,,,,,,,,,,,,,,,,
29,,,,,,,,,,,,,,,,,,,,,,,,
30,,,,,,,,,,,,,,,,,,,,,,,,
31,,,,,,,,,,,,,,,,,,,,,,,,
"
"
November-2022,00:00:00,01:00:00,02:00:00,03:00:00,04:00:00,05:00:00,06:00:00,07:00:00,08:00:00,09:00:00,10:00:00,11:00:00,12:00:00,13:00:00,14:00:00,15:00:00,16:00:00,17:00:00,18:00:00,19:00:00,20:00:00,21:00:00,22:00:00,23:00:00
1,,,,,,,,,,,,,,,,,,,,,,,,
2,,,,,,,,,,,,,,,,,,,,,,,,
3,,,,,,,,,,,,,,,,,,,,,,,,
4,,,,,,,,,,,,,,,,,,,,,,,,
5,,,,,,,,,,,,,,,,,,,,,,,,
6,,,,,,,,,,,,,,,,,,,,,,,,
7,,,,,,,,,,,,,,,,,,,,,,,,
8,,,,,,,,,,,,,,,,,,,,,,,,
9,,,,,,,,,,,,,,,,,,,,,,,,
10,,,,,,,,,,,,,,,,,,,,,,,,
11,,,,,,,,,,,,,,,,,,,,,,,,
12,,,,,,,,,,,,,,,,,,,,,,,,
13,,,,,,,,,,,,,,,,,,,,,,,,
14,,,,,,,,,,,,,,,,,,,,,,,,
15,,,,,,,,,,,,,,,,,,,,,,,,
16,,,,,,,,,,,,,,,,,,,,,,,,
17,,,,,,,,,,,,,,,,,,,,,,,,
18,,,,,,,,,,,,,,,,,,,,,,,,
19,,,,,,,,,,,,,,,,,,,,,,,,
20,,,,,,,,,,,,,,,,,,,,,,,,
21,,,,,,,,,,,,,,,,,,,,,,,,
22,,,,,,,,,,,,,,,,,,,,,,,,
23,,,,,,,,,,,,,,,,,,,,,,,,
24,,,,,,,,,,,,,,,,,,,,,,,,
25,,,,,,,,,,,,,,,,,,,,,,,,
26,,,,,,,,,,,,,,,,,,,,,,,,
27,,,,,,,,,,,,,,,,,,,,,,,,
28,,,,,,,,,,,,,,,,,,,,,,,,
29,,,,,,,,,,,,,,,,,,,,,,,,
30,,,,,,,,,,,,,,,,,,,,,,,,
"
"
December-2022,00:00:00,01:00:00,02:00:00,03:00:00,04:00:00,05:00:00,06:00:00,07:00:00,08:00:00,09:00:00,10:00:00,11:00:00,12:00:00,13:00:00,14:00:00,15:00:00,16:00:00,17:00:00,18:00:00,19:00:00,20:00:00,21:00:00,22:00:00,23:00:00
1,,,,,,,,,,,,,,,,,,,,,,,,
2,,,,,,,,,,,,,,,,,,,,,,,,
3,,,,,,,,,,,,,,,,,,,,,,,,
4,,,,,,,,,,,,,,,,,,,,,,,,
5,,,,,,,,,,,,,,,,,,,,,,,,
6,,,,,,,,,,,,,,,,,,,,,,,,
7,,,,,,,,,,,,,,,,,,,,,,,,
8,,,,,,,,,,,,,,,,,,,,,,,,
9,,,,,,,,,,,,,,,,,,,,,,,,
10,,,,,,,,,,,,,,,,,,,,,,,,
11,,,,,,,,,,,,,,,,,,,,,,,,
12,,,,,,,,,,,,,,,,,,,,,,,,
13,,,,,,,,,,,,,,,,,,,,,,,,
14,,,,,,,,,,,,,,,,,,,,,,,,
15,,,,,,,,,,,,,,,,,,,,,,,,
16,,,,,,,,,,,,,,,,,,,,,,,,
17,,,,,,,,,,,,,,,,,,,,,,,,
18,,,,,,,,,,,,,,,,,,,,,,,,
19,,,,,,,,,,,,,,,,,,,,,,,,
20,,,,,,,,,,,,,,,,,,,,,,,,
21,,,,,,,,,,,,,,,,,,,,,,,,
22,,,,,,,,,,,,,,,,,,,,,,,,
23,,,,,,,,,,,,,,,,,,,,,,,,
24,,,,,,,,,,,,,,,,,,,,,,,,
25,,,,,,,,,,,,,,,,,,,,,,,,
26,,,,,,,,,,,,,,,,,,,,,,,,
27,,,,,,,,,,,,,,,,,,,,,,,,
28,,,,,,,,,,,,,,,,,,,,,,,,
29,,,,,,,,,,,,,,,,,,,,,,,,
30,,,,,,,,,,,,,,,,,,,,,,,,
31,,,,,,,,,,,,,,,,,,,,,,,,
"
"
Year,2023
January-2023,00:00:00,01:00:00,02:00:00,03:00:00,04:00:00,05:00:00,06:00:00,07:00:00,08:00:00,09:00:00,10:00:00,11:00:00,12:00:00,13:00:00,14:00:00,15:00:00,16:00:00,17:00:00,18:00:00,19:00:00,20:00:00,21:00:00,22:00:00,23:00:00
1,,,,,,,,,,,,,,,,,,,,,,,,
2,,,,,,,,,,,,,,,,,,,,,,,,
3,,,,,,,,,,,,,,,,,,,,,,,,
4,,,,,,,,,,,,,,,,,,,,,,,,
5,,,,,,,,,,,,,,,,,,,,,,,,
6,,,,,,,,,,,,,,,,,,,,,,,,
7,,,,,,,,,,,,,,,,,,,,,,,,
8,,,,,,,,,,,,,,,,,,,,,,,,
9,,,,,,,,,,,,,,,,,,,,,,,,
10,,,,,,,,,,,,,,,,,,,,,,,,
11,,,,,,,,,,,,,,,,,,,,,,,,
12,,,,,,,,,,,,,,,,,,,,,,,,
13,,,,,,,,,,,,,,,,,,,,,,,,
14,,,,,,,,,,,,,,,,,,,,,,,,
15,,,,,,,,,,,,,,,,,,,,,,,,
16,,,,,,,,,,,,,,,,,,,,,,,,
17,,,,,,,,,,,,,,,,,,,,,,,,
18,,,,,,,,,,,,,,,,,,,,,,,,
19,,,,,,,,,,,,,,,,,,,,,,,,
20,,,,,,,,,,,,,,,,,,,,,,,,
21,,,,,,,,,,,,,,,,,,,,,,,,
22,,,,,,,,,,,,,,,,,,,,,,,,
23,,,,,,,,,,,,,,,,,,,,,,,,
24,,,,,,,,,,,,,,,,,,,,,,,,
25,,,,,,,,,,,,,,,,192.0,195.0,179.0,170.0,174.0,178.0,176.0,190.0,210.0
26,221.0,255.0,271.0,265.0,258.0,252.0,267.0,295.0,326.0,383.0,344.0,332.0,319.0,312.0,302.0,280.0,281.0,277.0,266.0,270.0,295.0,304.0,308.0,315.0
27,320.0,322.0,315.0,309.0,308.0,306.0,307.0,318.0,328.0,332.0,345.0,343.0,277.0,199.0,164.0,142.0,156.0,197.0,182.0,181.0,234.0,264.0,273.0,293.0
28,285.0,251.0,217.0,162.0,117.0,145.0,169.0,181.0,247.0,308.0,319.0,312.0,277.0,211.0,173.0,165.0,148.0,136.0,139.0,151.0,159.0,168.0,169.0,166.0
29,161.0,177.0,192.0,173.0,154.0,166.0,167.0,184.0,234.0,295.0,303.0,306.0,287.0,289.0,269.0,205.0,199.0,178.0,146.0,151.0,150.0,148.0,150.0,149.0
30,147.0,146.0,141.0,132.0,123.0,115.0,112.0,171.0,198.0,224.0,258.0,258.0,216.0,177.0,144.0,131.0,133.0,150.0,174.0,222.0,249.0,254.0,269.0,262.0
31,260.0,260.0,252.0,237.0,221.0,208.0,202.0,223.0,269.0,300.0,309.0,304.0,238.0,184.0,163.0,158.0,169.0,177.0,197.0,240.0,270.0,300.0,312.0,320.0
"
"
February-2023,00:00:00,01:00:00,02:00:00,03:00:00,04:00:00,05:00:00,06:00:00,07:00:00,08:00:00,09:00:00,10:00:00,11:00:00,12:00:00,13:00:00,14:00:00,15:00:00,16:00:00,17:00:00,18:00:00,19:00:00,20:00:00,21:00:00,22:00:00,23:00:00
1,325.0,327.0,314.0,304.0,297.0,259.0,218.0,205.0,208.0,270.0,301.0,264,204,146,61,66,204,177.0,143.0,136.0,167.0,192.0,213.0,200.0
2,185.0,179.0,162.0,172.0,156.0,179.0,159.0,153.0,163.0,188.0,184.0,139,132,131,136,155,165,142.0,145.0,145.0,159.0,168.0,184.0,186.0
3,188.0,191.0,171.0,150.0,136.0,114.0,116.0,149.0,236.0,301.0,304.0,253,228,155,145,138,143,129.0,133.0,133.0,138.0,155.0,167.0,166.0
4,161.0,142.0,125.0,123.0,109.0,104.0,133.0,142.0,184.0,300.0,320.0,312,205,141,122,171,143,131.0,128.0,135.0,171.0,178.0,193.0,184.0
5,174.0,164.0,151.0,144.0,140.0,134.0,136.0,146.0,167.0,281.0,326.0,303,211,134,122,114,121,109.0,110.0,123.0,146.0,179.0,201.0,191.0
6,226.0,162.0,128.0,119.0,107.0,102.0,111.0,120.0,198.0,294.0,324.0,309,306,273,205,155,178,,,,,,,
7,,,,,,,,,,,,253,200,170,135,132,138,133.0,137.0,143.0,159.0,170.0,184.0,199.0
8,188.0,207.0,169.0,147.0,143.0,153.0,154.0,170.0,191.0,274.0,302.0,309,310,285,231,198,169,153.0,151.0,155.0,172.0,256.0,284.0,259.0
9,230.0,181.0,147.0,132.0,103.0,100.0,106.0,117.0,170.0,297.0,311.0,312,302,282,220,201,179,156.0,137.0,143.0,151.0,178.0,179.0,175.0
10,164.0,137.0,118.0,107.0,103.0,102.0,103.0,111.0,173.0,286.0,324.0,311,300,259,181,184,150,132.0,130.0,132.0,137.0,145.0,165.0,167.0
11,170.0,159.0,149.0,134.0,111.0,81.0,78.0,97.0,107.0,210.0,260.0,239,189,153,149,140,132,123.0,123.0,122.0,126.0,138.0,153.0,158.0
12,159.0,147.0,137.0,120.0,111.0,105.0,99.0,92.0,137.0,222.0,307.0,272,185,139,117,91,100,106.0,115.0,124.0,500.0,425.0,312.0,267.0
13,245.0,235.0,192.0,157.0,129.0,117.0,116.0,105.0,120.0,200.0,201.0,123,117,120,121,116,135,131.0,133.0,140.0,161.0,182.0,183.0,186.0
14,186.0,179.0,159.0,149.0,133.0,124.0,118.0,128.0,229.0,320.0,294.0,167,146,122,122,129,133,128.0,127.0,127.0,134.0,152.0,161.0,161.0
15,155.0,138.0,120.0,113.0,102.0,95.0,87.0,104.0,224.0,299.0,334.0,328,308,224,138,144,123,113.0,114.0,127.0,158.0,322.0,302.0,292.0
16,269.0,191.0,180.0,148.0,114.0,96.0,83.0,87.0,87.0,88.0,98.0,101,100,76,73,96,92,102.0,105.0,111.0,132.0,143.0,174.0,180.0
17,184.0,183.0,161.0,144.0,135.0,123.0,118.0,167.0,310.0,356.0,321.0,163,128,113,103,104,106,110.0,110.0,122.0,151.0,187.0,215.0,206.0
18,196.0,199.0,189.0,166.0,138.0,104.0,96.0,109.0,187.0,373.0,277.0,131,104,106,104,103,109,111.0,120.0,122.0,132.0,148.0,157.0,158.0
19,167.0,155.0,148.0,141.0,141.0,138.0,139.0,236.0,333.0,358.0,339.0,308,75,91,151,171,164,143.0,170.0,148.0,144.0,212.0,158.0,154.0
20,166.0,127.0,119.0,110.0,105.0,99.0,101.0,122.0,233.0,335.0,326.0,293,251,272,254,226,200,180.0,169.0,137.0,139.0,164.0,181.0,155.0
21,152.0,132.0,119.0,112.0,95.0,89.0,118.0,174.0,268.0,327.0,324.0,306,320,238,144,129,113,110.0,107.0,110.0,128.0,128.0,115.0,119.0
22,122.0,119.0,106.0,100.0,95.0,83.0,90.0,101.0,110.0,182.0,237.0,192,164,134,128,126,116,116.0,124.0,128.0,128.0,140.0,143.0,151.0
23,150.0,138.0,122.0,104.0,91.0,83.0,84.0,98.0,160.0,307.0,322.0,319,320,288,199,191,143,132.0,134.0,132.0,135.0,171.0,181.0,184.0
24,181.0,190.0,166.0,147.0,139.0,138.0,152.0,224.0,314.0,416.0,375.0,328,336,301,194,167,140,135.0,149.0,145.0,150.0,232.0,301.0,265.0
25,261.0,220.0,171.0,138.0,118.0,106.0,176.0,173.0,313.0,406.0,358.0,302,305,218,221,197,187,136.0,157.0,145.0,178.0,263.0,207.0,237.0
26,232.0,157.0,142.0,137.0,118.0,125.0,140.0,252.0,300.0,389.0,358.0,330,346,276,211,195,140,140.0,175.0,177.0,168.0,173.0,302.0,247.0
27,264.0,193.0,171.0,210.0,148.0,146.0,193.0,289.0,316.0,346.0,361.0,333,316,304,240,172,127,126.0,125.0,126.0,128.0,153.0,145.0,149.0
28,156.0,119.0,108.0,100.0,94.0,91.0,86.0,104.0,206.0,316.0,316.0,289,266,228,234,214,172,142.0,126.0,116.0,120.0,128.0,144.0,145.0
"
"
March-2023,00:00:00,01:00:00,02:00:00,03:00:00,04:00:00,05:00:00,06:00:00,07:00:00,08:00:00,09:00:00,10:00:00,11:00:00,12:00:00,13:00:00,14:00:00,15:00:00,16:00:00,17:00:00,18:00:00,19:00:00,20:00:00,21:00:00,22:00:00,23:00:00
1,145.0,138.0,121.0,108.0,98.0,92.0,99.0,120.0,149.0,192.0,231.0,200.0,141.0,134.0,157.0,160.0,121.0,118.0,116.0,119.0,135.0,155.0,165.0,165.0
2,170.0,154.0,136.0,131.0,119.0,152.0,189.0,261.0,305.0,343.0,344.0,322.0,310.0,308.0,266.0,264.0,224.0,191.0,177.0,174.0,167.0,201.0,204.0,184.0
3,167.0,151.0,136.0,134.0,129.0,124.0,142.0,181.0,259.0,317.0,319.0,319.0,320.0,319.0,314.0,312.0,294.0,254.0,237.0,218.0,226.0,259.0,235.0,228.0
4,248.0,264.0,196.0,164.0,156.0,134.0,156.0,177.0,238.0,308.0,319.0,324.0,328.0,324.0,313.0,311.0,295.0,220.0,242.0,214.0,220.0,301.0,308.0,303.0
5,305.0,281.0,219.0,301.0,300.0,256.0,284.0,272.0,273.0,306.0,312.0,310.0,304.0,304.0,243.0,185.0,242.0,260.0,284.0,275.0,227.0,278.0,293.0,258.0
6,232.0,228.0,240.0,248.0,233.0,226.0,292.0,302.0,262.0,248.0,244.0,230.0,220.0,199.0,191.0,196.0,181.0,173.0,185.0,183.0,181.0,184.0,162.0,142.0
7,141.0,148.0,146.0,203.0,143.0,126.0,103.0,96.0,109.0,98.0,117.0,109.0,111.0,113.0,92.0,79.0,88.0,95.0,99.0,100.0,107.0,116.0,120.0,115.0
8,123.0,126.0,112.0,112.0,,91.0,88.0,104.0,158.0,365.0,358.0,287.0,165.0,105.0,100.0,135.0,116.0,105.0,108.0,115.0,132.0,172.0,215.0,203.0
9,180.0,187.0,158.0,143.0,122.0,115.0,111.0,116.0,222.0,313.0,318.0,262.0,192.0,129.0,126.0,117.0,156.0,127.0,106.0,103.0,121.0,143.0,172.0,182.0
10,203.0,161.0,142.0,120.0,113.0,106.0,103.0,114.0,256.0,379.0,305.0,137.0,117.0,118.0,116.0,113.0,108.0,98.0,95.0,90.0,105.0,118.0,141.0,156.0
11,197.0,262.0,217.0,150.0,118.0,101.0,97.0,124.0,304.0,334.0,299.0,211.0,143.0,122.0,112.0,124.0,119.0,111.0,115.0,119.0,128.0,149.0,246.0,209.0
12,195.0,136.0,116.0,108.0,102.0,96.0,96.0,106.0,157.0,279.0,306.0,300.0,243.0,217.0,205.0,155.0,202.0,176.0,159.0,160.0,177.0,180.0,209.0,211.0
13,220.0,203.0,191.0,192.0,147.0,142.0,139.0,95.0,125.0,80.0,64.0,53.0,72.0,91.0,93.0,78.0,91.0,108.0,107.0,106.0,111.0,107.0,108.0,103.0
14,201.0,68.0,65.0,110.0,66.0,67.0,75.0,82.0,51.0,56.0,56.0,52.0,53.0,51.0,68.0,100.0,109.0,102.0,89.0,90.0,87.0,138.0,117.0,108.0
15,115.0,117.0,111.0,105.0,99.0,94.0,94.0,107.0,140.0,151.0,197.0,207.0,192.0,182.0,174.0,199.0,201.0,196.0,182.0,159.0,144.0,155.0,149.0,139.0
16,134.0,129.0,111.0,119.0,104.0,112.0,125.0,136.0,119.0,163.0,184.0,178.0,186.0,172.0,176.0,196.0,178.0,170.0,159.0,135.0,115.0,114.0,114.0,114.0
17,114.0,114.0,114.0,114.0,114.0,114.0,114.0,114.0,114.0,124.0,129.0,114.0,114.0,114.0,114.0,114.0,114.0,114.0,,,114.0,114.0,114.0,114.0
18,114.0,114.0,114.0,129.0,114.0,114.0,114.0,114.0,114.0,165.0,152.0,143.0,143.0,127.0,118.0,114.0,114.0,114.0,114.0,114.0,114.0,114.0,114.0,114.0
19,114.0,114.0,114.0,114.0,114.0,114.0,114.0,114.0,114.0,114.0,114.0,114.0,114.0,114.0,114.0,114.0,114.0,114.0,114.0,114.0,125.0,154.0,116.0,114.0
20,114.0,114.0,114.0,114.0,114.0,114.0,114.0,114.0,114.0,114.0,114.0,114.0,114.0,114.0,114.0,114.0,114.0,114.0,114.0,114.0,114.0,114.0,114.0,114.0
21,114.0,114.0,114.0,114.0,114.0,114.0,114.0,114.0,114.0,114.0,114.0,114.0,114.0,114.0,114.0,114.0,114.0,114.0,114.0,114.0,114.0,114.0,114.0,114.0
22,114.0,114.0,114.0,114.0,114.0,114.0,114.0,114.0,114.0,114.0,114.0,114.0,114.0,114.0,114.0,114.0,114.0,114.0,114.0,114.0,114.0,114.0,114.0,114.0
23,114.0,114.0,114.0,114.0,114.0,114.0,114.0,114.0,114.0,114.0,114.0,114.0,114.0,114.0,114.0,114.0,114.0,114.0,114.0,114.0,114.0,114.0,114.0,114.0
24,114.0,114.0,114.0,114.0,114.0,114.0,114.0,114.0,114.0,114.0,114.0,114.0,114.0,114.0,114.0,114.0,114.0,114.0,114.0,114.0,114.0,114.0,114.0,114.0
25,114.0,114.0,114.0,114.0,114.0,114.0,114.0,114.0,114.0,114.0,114.0,114.0,114.0,114.0,114.0,114.0,114.0,114.0,114.0,114.0,114.0,114.0,114.0,114.0
26,114.0,114.0,114.0,114.0,114.0,114.0,114.0,114.0,114.0,149.0,153.0,114.0,114.0,114.0,114.0,114.0,114.0,114.0,114.0,114.0,114.0,,,
27,,,,,,,,,,,,,114.0,66.0,66.0,56.0,50.0,76.0,83.0,98.0,112.0,117.0,119.0,121.0
28,123.0,118.0,115.0,111.0,100.0,94.0,93.0,107.0,147.0,198.0,157.0,165.0,,,,,,,,,,,,
29,,,,,,,,,,,,,130.0,130.0,128.0,126.0,129.0,126.0,122.0,127.0,127.0,123.0,125.0,124.0
30,115.0,108.0,103.0,95.0,97.0,91.0,86.0,89.0,98.0,100.0,102.0,99.0,96.0,87.0,78.0,74.0,74.0,74.0,70.0,77.0,88.0,83.0,89.0,90.0
31,88.0,78.0,73.0,66.0,59.0,56.0,55.0,54.0,77.0,79.0,80.0,85.0,78.0,78.0,78.0,78.0,77.0,89.0,88.0,85.0,90.0,100.0,105.0,100.0
"
"
April-2023,00:00:00,01:00:00,02:00:00,03:00:00,04:00:00,05:00:00,06:00:00,07:00:00,08:00:00,09:00:00,10:00:00,11:00:00,12:00:00,13:00:00,14:00:00,15:00:00,16:00:00,17:00:00,18:00:00,19:00:00,20:00:00,21:00:00,22:00:00,23:00:00
1,107.0,106.0,107.0,92.0,95.0,90.0,78.0,92.0,116.0,151.0,126.0,127.0,110,108,110.0,105.0,91,94.0,91.0,86.0,86.0,93.0,98.0,104.0
2,97.0,93.0,89.0,79.0,75.0,71.0,67.0,70.0,85.0,131.0,111.0,101.0,98,101,94.0,79.0,77,78.0,67.0,79.0,78.0,84.0,93.0,90.0
3,95.0,81.0,73.0,67.0,65.0,60.0,60.0,80.0,104.0,102.0,93.0,93.0,87,93,93.0,91.0,84,92.0,81.0,71.0,72.0,73.0,85.0,92.0
4,88.0,77.0,68.0,67.0,63.0,58.0,59.0,74.0,97.0,116.0,102.0,91.0,96,84,88.0,89.0,78,76.0,187.0,414.0,111.0,85.0,109.0,92.0
5,88.0,86.0,79.0,62.0,63.0,55.0,43.0,69.0,77.0,92.0,90.0,96.0,91,88,77.0,86.0,81,89.0,88.0,107.0,118.0,114.0,119.0,124.0
6,119.0,118.0,111.0,104.0,93.0,89.0,85.0,92.0,96.0,113.0,121.0,126.0,125,126,131.0,119.0,122,130.0,146.0,152.0,162.0,169.0,181.0,183.0
7,180.0,171.0,161.0,154.0,142.0,136.0,134.0,132.0,141.0,148.0,154.0,160.0,165,174,168.0,164.0,154,155.0,161.0,164.0,168.0,169.0,176.0,183.0
8,175.0,153.0,137.0,122.0,117.0,120.0,130.0,143.0,230.0,264.0,215.0,168.0,169,183,227.0,181.0,175,168.0,153.0,140.0,140.0,141.0,140.0,137.0
9,135.0,132.0,125.0,119.0,113.0,110.0,109.0,116.0,137.0,160.0,151.0,147.0,145,145,145.0,138.0,129,129.0,128.0,132.0,139.0,149.0,176.0,169.0
10,154.0,161.0,153.0,145.0,139.0,138.0,132.0,126.0,124.0,132.0,146.0,145.0,144,141,152.0,150.0,142,147.0,150.0,152.0,151.0,143.0,147.0,147.0
11,141.0,156.0,153.0,139.0,112.0,108.0,101.0,105.0,114.0,120.0,120.0,145.0,158,158,67.0,93.0,109,112.0,124.0,121.0,122.0,133.0,127.0,123.0
12,121.0,117.0,105.0,97.0,102.0,87.0,77.0,81.0,84.0,118.0,128.0,131.0,143,144,139.0,134.0,134,136.0,132.0,127.0,130.0,134.0,133.0,137.0
13,136.0,118.0,107.0,449.0,500.0,344.0,500.0,163.0,109.0,140.0,173.0,128.0,104,134,,,224,184.0,168.0,163.0,163.0,162.0,162.0,149.0
14,142.0,142.0,143.0,121.0,94.0,449.0,194.0,94.0,115.0,467.0,448.0,438.0,425,199,340.0,234.0,85,90.0,415.0,216.0,80.0,184.0,143.0,130.0
15,69.0,215.0,318.0,221.0,40.0,36.0,156.0,139.0,82.0,72.0,72.0,416.0,259,46,99.0,319.0,98,116.0,102.0,66.0,82.0,100.0,103.0,112.0
16,120.0,102.0,96.0,91.0,83.0,99.0,86.0,98.0,112.0,127.0,115.0,120.0,120,114,109.0,105.0,101,98.0,94.0,95.0,102.0,100.0,95.0,87.0
17,74.0,75.0,77.0,71.0,74.0,70.0,67.0,85.0,104.0,107.0,103.0,102.0,110,114,113.0,108.0,106,107.0,103.0,104.0,106.0,102.0,105.0,105.0
18,104.0,103.0,99.0,97.0,93.0,88.0,81.0,82.0,91.0,109.0,114.0,126.0,131,137,,,131,129.0,128.0,137.0,147.0,145.0,146.0,149.0
19,146.0,146.0,136.0,118.0,106.0,95.0,80.0,84.0,98.0,107.0,136.0,152.0,148,136,132.0,148.0,144,125.0,115.0,116.0,114.0,119.0,136.0,150.0
20,154.0,152.0,144.0,118.0,105.0,95.0,90.0,103.0,107.0,110.0,104.0,107.0,112,118,119.0,109.0,101,102.0,98.0,90.0,87.0,85.0,83.0,79.0
21,74.0,72.0,66.0,60.0,58.0,66.0,62.0,48.0,78.0,65.0,66.0,69.0,69,71,83.0,82.0,74,70.0,73.0,80.0,87.0,91.0,91.0,85.0
22,76.0,72.0,63.0,70.0,56.0,44.0,58.0,58.0,74.0,70.0,,53.0,57,67,66.0,58.0,58,58.0,63.0,72.0,82.0,81.0,90.0,100.0
23,103.0,90.0,74.0,79.0,90.0,327.0,185.0,354.0,366.0,436.0,69.0,408.0,401,322,303.0,288.0,273,60.0,37.0,55.0,58.0,71.0,79.0,102.0
24,116.0,105.0,84.0,63.0,66.0,68.0,47.0,60.0,76.0,74.0,80.0,58.0,64,62,68.0,66.0,57,50.0,56.0,67.0,77.0,85.0,88.0,83.0
25,79.0,84.0,84.0,74.0,67.0,53.0,70.0,84.0,79.0,61.0,65.0,90.0,100,112,104.0,88.0,91,96.0,95.0,101.0,107.0,109.0,113.0,114.0
26,109.0,104.0,103.0,97.0,95.0,93.0,86.0,83.0,79.0,80.0,84.0,93.0,99,98,102.0,102.0,105,,,,,,,
27,,,,,,,,,,,,,81,95,96.0,91.0,70,62.0,64.0,58.0,55.0,52.0,60.0,81.0
28,93.0,76.0,61.0,,,,,,,,,,76,66,67.0,63.0,60,62.0,61.0,63.0,64.0,70.0,61.0,58.0
29,55.0,65.0,76.0,76.0,51.0,61.0,78.0,102.0,96.0,82.0,67.0,59.0,61,64,66.0,49.0,50,54.0,61.0,59.0,66.0,64.0,65.0,66.0
30,68.0,66.0,77.0,53.0,36.0,57.0,73.0,94.0,88.0,57.0,53.0,58.0,74,73,50.0,37.0,33,36.0,62.0,62.0,52.0,48.0,49.0,68.0
"
"
May-2023,00:00:00,01:00:00,02:00:00,03:00:00,04:00:00,05:00:00,06:00:00,07:00:00,08:00:00,09:00:00,10:00:00,11:00:00,12:00:00,13:00:00,14:00:00,15:00:00,16:00:00,17:00:00,18:00:00,19:00:00,20:00:00,21:00:00,22:00:00,23:00:00
1,66.0,75.0,69.0,33.0,39.0,67.0,72.0,77.0,75.0,38.0,56.0,70,74,74,52,50,44,55.0,54.0,73.0,62.0,61.0,64.0,68.0
2,86.0,88.0,53.0,40.0,72.0,80.0,88.0,100.0,82.0,51.0,66.0,84,80,50,45,40,40,64.0,72.0,44.0,49.0,47.0,64.0,78.0
3,90.0,68.0,54.0,54.0,72.0,79.0,90.0,72.0,52.0,64.0,78.0,82,72,47,43,38,60,68.0,48.0,44.0,49.0,54.0,80.0,78.0
4,86.0,56.0,46.0,72.0,77.0,86.0,89.0,72.0,78.0,86.0,88.0,90,57,52,48,62,60,64.0,47.0,44.0,42.0,64.0,88.0,90.0
5,66.0,62.0,62.0,76.0,82.0,82.0,59.0,76.0,94.0,94.0,90.0,85,76,64,60,68,78,60.0,45.0,47.0,57.0,64.0,82.0,65.0
6,61.0,57.0,70.0,84.0,86.0,70.0,43.0,74.0,82.0,92.0,92.0,65,55,56,68,77,67,44.0,47.0,48.0,61.0,76.0,79.0,72.0
7,66.0,74.0,80.0,88.0,86.0,50.0,47.0,80.0,90.0,94.0,79.0,57,56,64,68,84,60,55.0,56.0,65.0,74.0,90.0,78.0,82.0
8,71.0,86.0,90.0,86.0,56.0,53.0,68.0,94.0,86.0,91.0,48.0,39,52,79,80,63,45,,,,,,,
9,,,,,,,,,,,,57,65,75,69,63,64,67.0,70.0,90.0,97.0,100.0,104.0,110.0
10,114.0,110.0,108.0,103.0,99.0,102.0,100.0,88.0,98.0,84.0,94.0,111,118,119,113,101,90,93.0,105.0,,,102.0,94.0,99.0
11,97.0,106.0,106.0,82.0,73.0,78.0,88.0,101.0,89.0,86.0,95.0,113,128,137,135,127,119,112.0,111.0,115.0,114.0,107.0,105.0,101.0
12,99.0,88.0,68.0,70.0,84.0,93.0,90.0,92.0,81.0,101.0,116.0,134,134,130,127,121,117,113.0,111.0,106.0,106.0,108.0,110.0,109.0
13,103.0,88.0,80.0,79.0,97.0,90.0,93.0,73.0,73.0,77.0,96.0,98,88,87,85,84,78,86.0,58.0,51.0,44.0,53.0,86.0,94.0
14,70.0,41.0,45.0,74.0,90.0,90.0,68.0,48.0,72.0,74.0,82.0,88,46,47,43,62,82,55.0,49.0,50.0,61.0,67.0,100.0,93.0
15,70.0,68.0,73.0,79.0,92.0,82.0,40.0,45.0,80.0,86.0,93.0,62,58,53,60,73,81,58.0,53.0,58.0,65.0,90.0,100.0,79.0
16,69.0,70.0,78.0,84.0,93.0,62.0,54.0,68.0,98.0,100.0,90.0,57,50,52,52,48,58,60.0,74.0,62.0,62.0,61.0,66.0,75.0
17,88.0,69.0,37.0,40.0,82.0,92.0,100.0,80.0,42.0,69.0,77.0,82,84,45,46,39,47,80.0,69.0,53.0,57.0,57.0,83.0,94.0
18,90.0,58.0,50.0,66.0,97.0,91.0,86.0,55.0,64.0,87.0,84.0,97,61,79,58,54,84,80.0,54.0,50.0,51.0,58.0,79.0,96.0
19,51.0,44.0,48.0,78.0,100.0,96.0,56.0,33.0,67.0,78.0,86.0,78,51,46,48,75,98,48.0,50.0,54.0,64.0,81.0,88.0,69.0
20,64.0,63.0,82.0,89.0,90.0,80.0,44.0,54.0,96.0,102.0,96.0,59,60,64,71,102,89,72.0,66.0,65.0,75.0,90.0,88.0,75.0
21,71.0,72.0,88.0,102.0,55.0,49.0,43.0,44.0,45.0,47.0,53.0,55,52,55,62,62,68,63.0,61.0,68.0,73.0,70.0,68.0,63.0
22,67.0,66.0,63.0,59.0,52.0,44.0,42.0,45.0,46.0,52.0,59.0,61,64,86,97,63,63,65.0,65.0,73.0,99.0,82.0,73.0,73.0
23,72.0,94.0,102.0,86.0,60.0,54.0,90.0,102.0,100.0,73.0,42.0,49,86,88,84,50,51,54.0,61.0,88.0,90.0,71.0,66.0,69.0
24,87.0,102.0,96.0,51.0,37.0,75.0,94.0,102.0,98.0,44.0,42.0,79,87,90,52,54,54,62.0,64.0,98.0,65.0,67.0,62.0,82.0
25,84.0,100.0,74.0,55.0,54.0,86.0,92.0,102.0,66.0,39.0,63.0,84,83,75,44,41,47,62.0,81.0,78.0,59.0,60.0,66.0,96.0
26,94.0,84.0,48.0,44.0,81.0,100.0,100.0,85.0,42.0,56.0,96.0,99,102,54,44,46,59,100.0,88.0,55.0,55.0,57.0,86.0,100.0
27,103.0,56.0,47.0,70.0,96.0,100.0,100.0,70.0,57.0,86.0,94.0,84,86,44,49,48,82,101.0,47.0,53.0,60.0,65.0,98.0,102.0
28,78.0,55.0,52.0,83.0,100.0,100.0,76.0,35.0,68.0,90.0,94.0,92,34,31,32,65,93,61.0,35.0,37.0,46.0,77.0,93.0,84.0
29,54.0,50.0,68.0,90.0,101.0,90.0,27.0,28.0,96.0,96.0,97.0,52,43,38,43,92,101,50.0,45.0,43.0,57.0,91.0,95.0,68.0
30,54.0,43.0,92.0,102.0,102.0,54.0,33.0,78.0,102.0,104.0,103.0,77,68,71,88,100,63,49.0,61.0,64.0,73.0,103.0,85.0,80.0
31,74.0,86.0,100.0,103.0,94.0,45.0,48.0,108.0,106.0,105.0,68.0,87,71,83,100,97,58,48.0,61.0,80.0,92.0,98.0,88.0,85.0
"
"
June-2023,00:00:00,01:00:00,02:00:00,03:00:00,04:00:00,05:00:00,06:00:00,07:00:00,08:00:00,09:00:00,10:00:00,11:00:00,12:00:00,13:00:00,14:00:00,15:00:00,16:00:00,17:00:00,18:00:00,19:00:00,20:00:00,21:00:00,22:00:00,23:00:00
1,84.0,102.0,103.0,104.0,62.0,64.0,86.0,103.0,102.0,103.0,48.0,73.0,80.0,101.0,104.0,58.0,55.0,48.0,52.0,76.0,96.0,70.0,63.0,66.0
2,95.0,103.0,103.0,60.0,55.0,75.0,102.0,103.0,106.0,68.0,45.0,60.0,94.0,96.0,90.0,46.0,39.0,40.0,49.0,81.0,73.0,40.0,43.0,
3,104.0,104.0,80.0,27.0,30.0,,,108.0,85.0,32.0,46.0,101.0,105.0,102.0,38.0,38.0,33.0,36.0,90.0,91.0,36.0,39.0,44.0,100.0
4,103.0,105.0,38.0,28.0,68.0,102.0,100.0,103.0,37.0,31.0,77.0,101.0,106.0,82.0,44.0,45.0,50.0,98.0,104.0,56.0,59.0,75.0,83.0,104.0
5,106.0,70.0,51.0,46.0,100.0,103.0,105.0,74.0,38.0,80.0,105.0,107.0,102.0,59.0,59.0,56.0,64.0,101.0,93.0,68.0,68.0,76.0,102.0,106.0
6,103.0,79.0,74.0,76.0,102.0,104.0,90.0,63.0,70.0,94.0,104.0,107.0,71.0,69.0,70.0,73.0,92.0,102.0,70.0,54.0,64.0,80.0,103.0,105.0
7,76.0,67.0,64.0,100.0,103.0,102.0,53.0,51.0,90.0,106.0,104.0,101.0,63.0,64.0,51.0,84.0,116.0,78.0,62.0,74.0,103.0,102.0,105.0,106.0
8,107.0,108.0,105.0,107.0,104.0,103.0,103.0,106.0,108.0,106.0,108.0,102.0,102.0,103.0,100.0,102.0,100.0,107.0,105.0,103.0,103.0,103.0,104.0,104.0
9,109.0,108.0,106.0,104.0,104.0,106.0,103.0,108.0,111.0,104.0,102.0,103.0,104.0,106.0,99.0,101.0,101.0,105.0,107.0,105.0,105.0,104.0,105.0,104.0
10,105.0,108.0,106.0,103.0,103.0,104.0,104.0,108.0,108.0,110.0,104.0,104.0,105.0,105.0,102.0,110.0,124.0,105.0,106.0,103.0,105.0,102.0,102.0,103.0
11,105.0,108.0,108.0,104.0,109.0,105.0,110.0,106.0,109.0,110.0,104.0,104.0,104.0,101.0,101.0,103.0,110.0,106.0,113.0,126.0,122.0,124.0,105.0,110.0
12,106.0,104.0,104.0,103.0,108.0,107.0,104.0,106.0,106.0,104.0,106.0,106.0,106.0,102.0,90.0,84.0,91.0,84.0,93.0,102.0,104.0,101.0,105.0,108.0
13,103.0,108.0,110.0,108.0,106.0,110.0,108.0,110.0,109.0,107.0,105.0,107.0,103.0,102.0,102.0,104.0,102.0,102.0,105.0,103.0,104.0,111.0,111.0,110.0
14,107.0,106.0,106.0,107.0,105.0,106.0,107.0,106.0,,107.0,108.0,108.0,105.0,104.0,104.0,104.0,105.0,102.0,104.0,105.0,104.0,107.0,106.0,106.0
15,108.0,106.0,106.0,108.0,106.0,105.0,106.0,107.0,107.0,108.0,105.0,106.0,103.0,102.0,102.0,104.0,102.0,104.0,101.0,104.0,105.0,102.0,106.0,108.0
16,105.0,105.0,106.0,104.0,104.0,106.0,106.0,106.0,106.0,104.0,107.0,106.0,105.0,104.0,103.0,103.0,104.0,104.0,104.0,103.0,104.0,108.0,107.0,106.0
17,104.0,106.0,105.0,104.0,106.0,105.0,107.0,109.0,108.0,107.0,105.0,107.0,105.0,103.0,103.0,102.0,102.0,103.0,104.0,104.0,104.0,105.0,107.0,107.0
18,104.0,109.0,107.0,106.0,106.0,106.0,107.0,107.0,107.0,108.0,106.0,103.0,101.0,102.0,105.0,101.0,104.0,102.0,103.0,106.0,103.0,109.0,107.0,109.0
19,106.0,106.0,108.0,103.0,104.0,105.0,107.0,108.0,108.0,106.0,105.0,105.0,102.0,102.0,104.0,103.0,102.0,103.0,103.0,104.0,104.0,106.0,108.0,107.0
20,108.0,106.0,106.0,104.0,105.0,105.0,106.0,107.0,108.0,106.0,106.0,104.0,101.0,105.0,102.0,,107.0,104.0,103.0,101.0,106.0,105.0,107.0,107.0
21,103.0,108.0,103.0,106.0,104.0,105.0,106.0,107.0,106.0,105.0,104.0,103.0,98.0,104.0,96.0,103.0,103.0,103.0,104.0,106.0,107.0,105.0,107.0,109.0
22,109.0,104.0,104.0,106.0,104.0,103.0,105.0,105.0,105.0,107.0,106.0,103.0,107.0,103.0,106.0,105.0,104.0,104.0,104.0,106.0,106.0,103.0,108.0,106.0
23,101.0,106.0,103.0,105.0,105.0,103.0,102.0,103.0,104.0,107.0,104.0,105.0,103.0,104.0,111.0,110.0,106.0,105.0,105.0,105.0,108.0,106.0,107.0,106.0
24,102.0,104.0,104.0,106.0,104.0,102.0,101.0,105.0,105.0,106.0,103.0,107.0,106.0,104.0,108.0,106.0,107.0,39.0,37.0,42.0,32.0,24.0,29.0,22.0
25,24.0,32.0,30.0,28.0,30.0,32.0,30.0,23.0,18.0,15.0,25.0,23.0,24.0,24.0,31.0,29.0,41.0,45.0,46.0,41.0,46.0,33.0,62.0,44.0
26,45.0,39.0,37.0,32.0,35.0,29.0,30.0,31.0,26.0,27.0,36.0,41.0,38.0,,,,,,,,,,,
27,,,,,,,,,,,,,,,,,303.0,279.0,111.0,65.0,61.0,72.0,125.0,489.0
28,68.0,58.0,57.0,56.0,51.0,74.0,62.0,55.0,60.0,68.0,68.0,66.0,77.0,328.0,76.0,70.0,95.0,151.0,83.0,100.0,60.0,70.0,74.0,82.0
29,76.0,65.0,26.0,27.0,44.0,35.0,57.0,65.0,87.0,78.0,68.0,64.0,66.0,70.0,75.0,72.0,68.0,70.0,72.0,74.0,79.0,75.0,91.0,66.0
30,28.0,35.0,29.0,25.0,35.0,25.0,30.0,26.0,30.0,35.0,33.0,27.0,30.0,24.0,37.0,35.0,26.0,27.0,32.0,26.0,27.0,23.0,31.0,35.0
"
"
July-2023,00:00:00,01:00:00,02:00:00,03:00:00,04:00:00,05:00:00,06:00:00,07:00:00,08:00:00,09:00:00,10:00:00,11:00:00,12:00:00,13:00:00,14:00:00,15:00:00,16:00:00,17:00:00,18:00:00,19:00:00,20:00:00,21:00:00,22:00:00,23:00:00
1,34.0,43,31,22,27,23,25,28,28,31,28,25,26,34.0,36,19,25,33,35,38,50,42,32.0,30.0
2,30.0,30,32,29,28,24,23,22,19,25,42,30,28,32.0,23,31,36,26,20,36,29,44,50.0,48.0
3,35.0,26,20,31,26,28,20,21,30,33,42,102,106,116.0,115,107,100,102,104,113,118,118,118.0,101.0
4,94.0,102,105,117,114,112,101,101,100,102,116,114,115,118.0,95,94,98,114,115,113,114,106,100.0,97.0
5,105.0,114,109,111,109,92,98,102,117,111,108,112,101,107.0,62,59,68,81,83,60,56,57,67.0,84.0
6,90.0,92,64,52,54,53,62,90,98,83,67,65,62,71.0,94,94,96,64,63,70,76,90,101.0,101.0
7,77.0,64,64,62,82,102,103,104,86,81,81,74,94,102.0,104,80,75,74,73,87,98,101,90.0,78.0
8,79.0,73,68,84,84,86,68,70,76,76,84,86,86,74.0,78,78,76,75,70,76,76,80,78.0,79.0
9,72.0,78,85,84,72,72,73,76,76,80,89,83,80,81.0,82,82,80,94,101,78,82,94,98.0,87.0
10,82.0,82,75,76,77,79,76,78,86,82,80,85,90,88.0,100,86,101,102,102,105,106,104,101.0,102.0
11,103.0,103,102,101,97,92,91,91,106,104,104,104,94,88.0,87,94,103,104,105,105,104,104,105.0,106.0
12,106.0,105,232,335,185,108,103,105,108,107,103,101,97,102.0,104,104,105,104,104,105,107,108,,
13,,102,101,101,141,105,107,106,105,104,102,104,105,106.0,106,106,104,104,105,105,108,108,107.0,106.0
14,104.0,103,105,104,104,105,105,103,148,108,104,107,106,106.0,106,107,107,107,107,107,109,107,109.0,107.0
15,109.0,109,111,110,108,104,105,105,109,107,108,108,123,165.0,122,105,105,106,106,108,109,108,109.0,109.0
16,106.0,106,106,105,104,106,106,105,106,108,107,106,108,108.0,108,107,106,108,108,109,109,109,110.0,109.0
17,107.0,106,107,106,106,106,106,106,106,108,110,108,109,109.0,108,109,107,107,107,110,110,108,110.0,110.0
18,107.0,107,106,106,106,106,108,108,108,108,109,109,108,108.0,108,108,108,108,108,110,112,110,110.0,111.0
19,110.0,107,106,106,107,106,105,107,108,109,108,109,108,106.0,105,105,102,101,103,104,104,104,103.0,102.0
20,102.0,102,102,101,106,106,107,107,108,109,107,107,107,109.0,108,108,108,108,108,109,109,113,111.0,110.0
21,108.0,107,107,107,107,106,107,108,111,112,111,111,110,,110,110,110,110,111,142,150,109,154.0,174.0
22,174.0,292,226,246,347,107,108,110,110,109,109,109,109,109.0,109,109,297,348,110,112,192,252,252.0,252.0
23,252.0,110,108,155,205,262,261,268,111,196,294,171,189,106.0,107,108,27,291,98,109,220,152,119.0,147.0
24,161.0,168,156,105,126,106,112,248,127,218,108,108,110,132.0,108,107,110,109,108,111,109,110,113.0,109.0
25,108.0,107,106,106,105,106,106,110,109,108,110,110,109,109.0,107,102,106,109,111,101,101,102,104.0,113.0
26,110.0,109,104,94,88,102,107,109,109,112,104,96,93,109.0,112,110,109,101,99,99,103,108,112.0,110.0
27,105.0,93,88,87,108,109,108,106,93,88,92,109,111,112.0,112,101,89,86,101,110,111,112,107.0,88.0
28,84.0,88,105,106,107,106,90,90,96,105,114,112,112,102.0,96,102,104,109,110,111,104,102,103.0,102.0
29,108.0,110,109,109,91,92,97,101,112,112,109,106,98,50.0,38,84,111,113,109,106,61,34,36.0,112.0
30,113.0,109,109,48,36,35,81,108,110,108,94,41,42,42.0,105,111,107,72,39,55,65,106,110.0,111.0
31,115.0,62,41,51,92,106,106,106,100,107,206,62,106,109.0,107,92,99,180,57,101,114,113,115.0,70.0
"
"
August-2023,00:00:00,01:00:00,02:00:00,03:00:00,04:00:00,05:00:00,06:00:00,07:00:00,08:00:00,09:00:00,10:00:00,11:00:00,12:00:00,13:00:00,14:00:00,15:00:00,16:00:00,17:00:00,18:00:00,19:00:00,20:00:00,21:00:00,22:00:00,23:00:00
1,83.0,49.0,76.0,110.0,110.0,105.0,86.0,42.0,44.0,42.0,109.0,111.0,108.0,103.0,64.0,50.0,54.0,80.0,110.0,112.0,115.0,69.0,44.0,49.0
2,60.0,110.0,107.0,106.0,104.0,52.0,42.0,38.0,104.0,110.0,108.0,110.0,72.0,46.0,48.0,86.0,110.0,108.0,110.0,77.0,45.0,47.0,57.0,106.0
3,110.0,105.0,104.0,50.0,36.0,37.0,98.0,110.0,111.0,117.0,74.0,44.0,45.0,86.0,108.0,112.0,112.0,78.0,45.0,52.0,46.0,108.0,111.0,108.0
4,108.0,62.0,41.0,35.0,84.0,109.0,110.0,114.0,88.0,52.0,41.0,92.0,113.0,110.0,106.0,108.0,67.0,50.0,50.0,106.0,113.0,114.0,113.0,112.0
5,56.0,50.0,100.0,109.0,110.0,104.0,113.0,84.0,50.0,102.0,110.0,111.0,109.0,117.0,70.0,50.0,50.0,94.0,114.0,113.0,117.0,104.0,56.0,50.0
6,96.0,111.0,111.0,105.0,116.0,94.0,50.0,92.0,109.0,112.0,108.0,113.0,62.0,50.0,50.0,100.0,111.0,114.0,111.0,105.0,63.0,50.0,100.0,110.0
7,111.0,107.0,117.0,100.0,50.0,75.0,104.0,111.0,111.0,114.0,106.0,62.0,50.0,101.0,110.0,111.0,108.0,100.0,50.0,50.0,76.0,109.0,113.0,109.0
8,117.0,101.0,50.0,64.0,107.0,110.0,111.0,112.0,115.0,74.0,53.0,102.0,111.0,116.0,113.0,105.0,31.0,185.0,268.0,131.0,134.0,312.0,195.0,79.0
9,118.0,109.0,124.0,132.0,150.0,156.0,169.0,185.0,186.0,195.0,204.0,233.0,247.0,264.0,301.0,335.0,351.0,350.0,220.0,43.0,119.0,108.0,79.0,62.0
10,57.0,51.0,42.0,41.0,35.0,30.0,33.0,35.0,40.0,38.0,33.0,36.0,40.0,36.0,39.0,37.0,37.0,40.0,38.0,39.0,43.0,50.0,55.0,51.0
11,38.0,35.0,30.0,30.0,28.0,28.0,25.0,30.0,33.0,37.0,33.0,42.0,37.0,34.0,30.0,31.0,30.0,32.0,37.0,39.0,58.0,62.0,68.0,60.0
12,50.0,52.0,46.0,33.0,25.0,25.0,28.0,29.0,40.0,38.0,32.0,33.0,32.0,36.0,36.0,33.0,,,,,,,,
13,,,,,,,,,,,,,,,,,,,,,,,,
14,,,,,,,,,,,,,,,32.0,84.0,41.0,32.0,33.0,33.0,42.0,53.0,54.0,55.0
15,52.0,53.0,53.0,46.0,45.0,47.0,42.0,36.0,48.0,52.0,46.0,45.0,56.0,42.0,39.0,51.0,43.0,37.0,38.0,37.0,42.0,51.0,58.0,58.0
16,53.0,46.0,46.0,41.0,38.0,38.0,42.0,41.0,45.0,50.0,40.0,42.0,42.0,37.0,37.0,30.0,32.0,35.0,35.0,37.0,42.0,42.0,42.0,43.0
17,47.0,42.0,33.0,41.0,33.0,29.0,27.0,28.0,32.0,44.0,32.0,35.0,48.0,32.0,32.0,26.0,32.0,35.0,38.0,36.0,39.0,39.0,42.0,42.0
18,39.0,34.0,30.0,32.0,28.0,32.0,10.0,32.0,35.0,37.0,29.0,24.0,27.0,25.0,25.0,25.0,25.0,32.0,29.0,28.0,38.0,45.0,40.0,31.0
19,31.0,33.0,38.0,38.0,32.0,25.0,25.0,28.0,27.0,27.0,31.0,36.0,40.0,37.0,34.0,37.0,43.0,49.0,35.0,43.0,52.0,51.0,55.0,50.0
20,44.0,42.0,38.0,34.0,37.0,30.0,32.0,30.0,28.0,32.0,32.0,41.0,38.0,33.0,32.0,32.0,30.0,32.0,34.0,30.0,32.0,40.0,42.0,44.0
21,42.0,40.0,34.0,29.0,28.0,32.0,37.0,29.0,37.0,34.0,30.0,33.0,42.0,34.0,37.0,35.0,34.0,38.0,36.0,40.0,46.0,44.0,46.0,42.0
22,43.0,38.0,34.0,37.0,32.0,32.0,34.0,36.0,40.0,50.0,40.0,36.0,37.0,40.0,42.0,44.0,44.0,40.0,46.0,42.0,46.0,48.0,54.0,46.0
23,43.0,42.0,44.0,40.0,42.0,38.0,40.0,44.0,56.0,53.0,47.0,52.0,52.0,50.0,52.0,53.0,50.0,54.0,57.0,61.0,68.0,74.0,68.0,66.0
24,64.0,54.0,54.0,54.0,50.0,50.0,56.0,58.0,68.0,62.0,62.0,56.0,57.0,55.0,60.0,65.0,66.0,64.0,64.0,66.0,73.0,76.0,76.0,74.0
25,62.0,55.0,56.0,60.0,60.0,62.0,70.0,69.0,69.0,69.0,64.0,66.0,64.0,63.0,64.0,68.0,70.0,66.0,68.0,72.0,82.0,82.0,76.0,72.0
26,70.0,62.0,61.0,60.0,60.0,59.0,64.0,68.0,68.0,71.0,74.0,70.0,70.0,67.0,69.0,73.0,74.0,74.0,74.0,82.0,84.0,84.0,82.0,84.0
27,74.0,70.0,68.0,68.0,66.0,66.0,68.0,69.0,70.0,76.0,72.0,76.0,73.0,72.0,70.0,76.0,70.0,70.0,78.0,78.0,76.0,76.0,78.0,78.0
28,77.0,75.0,72.0,72.0,72.0,70.0,69.0,78.0,73.0,83.0,76.0,73.0,70.0,72.0,74.0,76.0,77.0,76.0,82.0,78.0,90.0,92.0,80.0,82.0
29,80.0,79.0,78.0,78.0,72.0,72.0,74.0,81.0,87.0,78.0,78.0,77.0,70.0,54.0,60.0,110.0,100.0,219.0,272.0,261.0,250.0,231.0,223.0,215.0
30,221.0,225.0,229.0,232.0,239.0,235.0,240.0,246.0,239.0,249.0,254.0,255.0,254.0,254.0,253.0,251.0,245.0,236.0,230.0,224.0,214.0,212.0,205.0,200.0
31,204.0,201.0,202.0,202.0,203.0,203.0,207.0,205.0,206.0,210.0,217.0,216.0,219.0,218.0,211.0,208.0,205.0,202.0,197.0,195.0,188.0,184.0,184.0,181.0
"
"
September-2023,00:00:00,01:00:00,02:00:00,03:00:00,04:00:00,05:00:00,06:00:00,07:00:00,08:00:00,09:00:00,10:00:00,11:00:00,12:00:00,13:00:00,14:00:00,15:00:00,16:00:00,17:00:00,18:00:00,19:00:00,20:00:00,21:00:00,22:00:00,23:00:00
1,182,181,179,181,183,179,183,182,181,182,186,187,188,184,185,183,177,171,171,169,169,165,164,163
2,163,162,161,161,163,163,163,164,165,174,173,169,174,163,166,164,168,170,171,168,169,171,175,167
3,166,163,166,157,167,160,165,167,166,159,159,161,157,155,154,155,152,151,154,152,153,144,150,147
4,122,149,146,159,153,152,158,155,165,121,158,147,102,94,90,91,111,102,87,109,186,104,116,151
5,97,122,103,155,126,112,111,99,126,104,128,102,130,117,96,133,92,84,82,88,101,100,134,110
6,84,117,92,98,108,79,100,77,104,97,77,77,99,102,78,60,55,50,55,61,72,85,68,108
7,71,114,71,80,138,110,67,80,117,76,64,76,103,68,130,69,74,76,145,70,123,133,66,89
8,114,95,73,104,56,84,95,125,84,56,105,110,56,82,55,60,86,96,48,89,49,58,53,93
9,53,64,110,53,119,66,62,145,81,95,84,64,77,128,68,78,73,77,100,56,91,153,63,125
10,110,67,66,41,63,109,61,58,81,90,83,67,47,34,57,58,34,38,69,44,45,50,44,82
11,43,44,40,33,40,56,35,38,53,69,82,64,58,63,37,36,36,35,39,39,43,43,52,52
12,50,50,47,39,41,37,37,48,40,45,43,39,38,39,41,37,37,36,35,39,44,47,51,51
13,46,45,48,40,38,37,33,39,48,44,39,39,37,40,38,36,36,34,36,36,40,47,53,56
14,52,50,46,42,41,39,32,23,25,28,30,28,28,36,37,34,35,36,41,43,38,30,26,28
15,30,39,36,40,44,40,38,48,42,38,43,46,43,41,42,36,40,40,34,47,58,62,65,58
16,54,53,52,43,36,29,30,40,45,52,48,45,38,51,61,56,30,27,69,62,45,32,35,22
17,28,14,12,13,15,15,11,10,15,8,16,17,22,14,15,21,23,25,21,18,22,24,23,20
18,30,12,11,8,8,12,13,14,16,19,16,21,28,31,27,25,37,31,50,41,28,24,21,18
19,20,22,22,24,31,34,30,28,27,27,29,33,34,29,30,32,37,34,33,31,30,27,22,23
20,26,30,28,27,33,31,31,28,24,22,20,21,23,26,25,34,40,42,38,156,364,37,301,500
21,40,37,67,69,67,49,107,61,428,36,31,34,33,55,49,45,68,68,52,44,44,47,48,47
22,45,45,41,39,40,37,35,40,44,47,34,34,43,40,33,41,54,75,70,64,62,67,58,50
23,59,51,42,48,39,43,44,55,58,62,57,58,56,51,41,48,48,39,42,48,49,46,50,46
24,40,41,46,41,38,36,43,40,45,46,50,48,51,50,39,37,33,34,35,38,43,40,40,42
25,51,41,43,43,44,42,54,57,62,70,72,75,89,78,64,43,39,39,37,40,42,45,48,47
26,46,43,39,39,40,41,40,40,42,51,56,52,54,64,64,63,60,56,58,67,75,85,86,70
27,57,45,34,31,34,35,32,30,36,38,49,50,54,68,80,91,77,61,54,43,40,38,40,43
28,40,42,46,44,47,51,52,54,74,96,99,101,106,111,116,117,109,93,81,77,75,70,64,59
29,58,63,66,64,61,61,60,62,70,87,99,95,87,81,103,102,96,92,99,103,86,70,54,48
30,41,39,43,42,40,37,40,48,61,70,69,59,69,82,98,96,84,105,103,112,105,92,89,84
"
"
October-2023,00:00:00,01:00:00,02:00:00,03:00:00,04:00:00,05:00:00,06:00:00,07:00:00,08:00:00,09:00:00,10:00:00,11:00:00,12:00:00,13:00:00,14:00:00,15:00:00,16:00:00,17:00:00,18:00:00,19:00:00,20:00:00,21:00:00,22:00:00,23:00:00
1,78.0,73.0,74.0,79.0,73.0,71.0,67.0,60.0,70.0,89.0,103.0,110.0,115.0,121.0,126.0,125.0,128.0,139.0,147.0,154.0,156.0,148.0,137.0,129.0
2,114.0,100.0,97.0,102.0,106.0,106.0,106.0,108.0,109.0,109.0,109.0,109.0,109.0,116.0,126.0,135.0,150.0,162.0,161.0,155.0,158.0,163.0,153.0,136.0
3,130.0,127.0,125.0,120.0,111.0,106.0,103.0,106.0,105.0,103.0,103.0,107.0,115.0,123.0,123.0,120.0,121.0,121.0,119.0,,,,,
4,,,,,,,,,,,,,,,,,,,,,,,,
5,,,,,,,,,,,,,,,,,,,,,,,,
6,,,,,,,,,,,,107.0,110.0,113.0,122.0,125.0,,121.0,121.0,122.0,114.0,123.0,,126.0
7,,111.0,110.0,105.0,101.0,94.0,82.0,84.0,101.0,115.0,120.0,117.0,117.0,119.0,120.0,120.0,114.0,108.0,111.0,114.0,115.0,115.0,113.0,111.0
8,110.0,109.0,110.0,106.0,104.0,103.0,100.0,103.0,113.0,121.0,117.0,120.0,122.0,122.0,118.0,110.0,107.0,107.0,106.0,113.0,123.0,126.0,132.0,133.0
9,132.0,132.0,129.0,122.0,120.0,119.0,116.0,121.0,142.0,177.0,193.0,182.0,175.0,172.0,164.0,148.0,135.0,130.0,128.0,127.0,128.0,131.0,131.0,134.0
10,136.0,136.0,134.0,126.0,119.0,113.0,101.0,146.0,161.0,116.0,102.0,95.0,104.0,110.0,98.0,79.0,76.0,78.0,75.0,54.0,147.0,157.0,136.0,127.0
11,121.0,109.0,100.0,100.0,89.0,74.0,72.0,77.0,66.0,85.0,82.0,75.0,122.0,97.0,103.0,105.0,93.0,63.0,68.0,69.0,70.0,77.0,76.0,89.0
12,91.0,90.0,92.0,81.0,69.0,57.0,63.0,63.0,87.0,107.0,111.0,116.0,117.0,121.0,120.0,123.0,117.0,118.0,123.0,134.0,148.0,147.0,151.0,150.0
13,147.0,141.0,138.0,134.0,130.0,128.0,135.0,134.0,141.0,157.0,177.0,176.0,177.0,166.0,174.0,421.0,273.0,244.0,187.0,167.0,191.0,139.0,114.0,141.0
14,132.0,116.0,110.0,109.0,106.0,98.0,106.0,107.0,103.0,123.0,143.0,158.0,149.0,126.0,129.0,143.0,144.0,141.0,149.0,149.0,158.0,169.0,160.0,155.0
15,149.0,154.0,147.0,142.0,138.0,131.0,123.0,126.0,141.0,146.0,150.0,156.0,147.0,150.0,150.0,141.0,142.0,141.0,150.0,141.0,141.0,155.0,169.0,169.0
16,166.0,162.0,163.0,178.0,161.0,168.0,177.0,168.0,172.0,181.0,168.0,165.0,158.0,151.0,150.0,143.0,141.0,140.0,154.0,168.0,171.0,169.0,174.0,167.0
17,161.0,154.0,146.0,139.0,123.0,117.0,117.0,114.0,110.0,123.0,129.0,151.0,150.0,158.0,200.0,209.0,188.0,189.0,189.0,181.0,182.0,174.0,156.0,157.0
18,149.0,158.0,156.0,153.0,147.0,140.0,141.0,143.0,162.0,172.0,167.0,167.0,168.0,152.0,147.0,148.0,148.0,151.0,147.0,147.0,161.0,164.0,171.0,189.0
19,182.0,183.0,161.0,142.0,126.0,130.0,121.0,115.0,118.0,141.0,140.0,131.0,130.0,128.0,122.0,125.0,128.0,142.0,148.0,146.0,153.0,163.0,169.0,172.0
20,180.0,162.0,146.0,143.0,127.0,120.0,117.0,118.0,131.0,147.0,131.0,139.0,133.0,135.0,141.0,175.0,154.0,174.0,181.0,178.0,176.0,174.0,168.0,152.0
21,136.0,128.0,128.0,139.0,118.0,105.0,98.0,90.0,87.0,106.0,110.0,111.0,113.0,123.0,120.0,137.0,155.0,140.0,135.0,139.0,152.0,148.0,144.0,148.0
22,142.0,136.0,147.0,127.0,120.0,114.0,114.0,111.0,122.0,121.0,119.0,116.0,121.0,120.0,124.0,132.0,137.0,139.0,137.0,142.0,146.0,150.0,144.0,147.0
23,144.0,130.0,125.0,123.0,113.0,113.0,118.0,120.0,130.0,137.0,139.0,125.0,129.0,129.0,127.0,130.0,117.0,121.0,120.0,122.0,120.0,125.0,135.0,138.0
24,143.0,147.0,133.0,119.0,112.0,106.0,101.0,98.0,102.0,107.0,113.0,107.0,105.0,105.0,104.0,107.0,123.0,120.0,125.0,124.0,134.0,137.0,131.0,134.0
25,127.0,123.0,119.0,112.0,107.0,93.0,89.0,92.0,98.0,114.0,108.0,105.0,104.0,104.0,108.0,197.0,166.0,122.0,121.0,125.0,128.0,131.0,130.0,131.0
26,126.0,118.0,112.0,105.0,104.0,97.0,98.0,95.0,122.0,129.0,140.0,124.0,120.0,115.0,,,,,,,,,,
27,,,,,,,,,,,,,,,,,,,,112.0,119.0,121.0,123.0,125.0
28,123.0,110.0,111.0,108.0,101.0,100.0,96.0,94.0,112.0,132.0,128.0,120.0,108.0,119.0,122.0,117.0,116.0,122.0,138.0,125.0,131.0,137.0,138.0,143.0
29,146.0,128.0,116.0,113.0,106.0,99.0,82.0,86.0,101.0,108.0,111.0,106.0,105.0,119.0,123.0,118.0,114.0,113.0,119.0,120.0,130.0,130.0,136.0,133.0
30,133.0,125.0,112.0,109.0,94.0,92.0,86.0,90.0,94.0,94.0,109.0,110.0,105.0,114.0,118.0,122.0,166.0,236.0,168.0,139.0,142.0,147.0,146.0,142.0
31,143.0,133.0,128.0,113.0,111.0,112.0,102.0,101.0,107.0,135.0,128.0,123.0,125.0,121.0,102.0,121.0,140.0,145.0,163.0,120.0,320.0,272.0,192.0,196.0
"
"
November-2023,00:00:00,01:00:00,02:00:00,03:00:00,04:00:00,05:00:00,06:00:00,07:00:00,08:00:00,09:00:00,10:00:00,11:00:00,12:00:00,13:00:00,14:00:00,15:00:00,16:00:00,17:00:00,18:00:00,19:00:00,20:00:00,21:00:00,22:00:00,23:00:00
1,158,148,134,131,125,138,118,121,120,113,134,132,123,99,104.0,97.0,99.0,126.0,132.0,129,138,130,120,128
2,130,123,129,112,118,115,99,108,159,163,161,169,153,154,157.0,111.0,99.0,111.0,,120,120,142,139,173
3,202,188,194,135,142,123,115,125,172,284,283,250,187,172,170.0,157.0,106.0,111.0,127.0,130,142,154,169,146
4,149,140,129,98,94,94,95,110,138,198,164,154,166,155,146.0,158.0,163.0,165.0,54.0,194,149,177,164,133
5,146,135,123,118,111,100,97,98,95,98,98,100,118,124,146.0,139.0,185.0,156.0,126.0,125,130,134,148,146
6,140,133,123,121,119,112,106,114,137,166,150,115,101,101,99.0,196.0,196.0,257.0,190.0,140,147,150,166,164
7,131,129,120,109,99,86,76,81,97,156,187,127,107,104,103.0,90.0,125.0,138.0,,156,169,173,176,179
8,175,170,156,147,141,134,132,137,141,140,144,141,164,195,193.0,177.0,146.0,,103.0,101,104,112,102,109
9,114,117,110,105,100,95,87,91,87,107,116,104,103,101,107.0,127.0,137.0,120.0,112.0,115,122,133,137,127
10,105,67,48,36,32,45,53,56,67,85,87,88,93,101,103.0,105.0,107.0,113.0,111.0,107,88,72,74,73
11,70,85,69,66,62,48,50,58,56,64,71,69,69,101,90.0,99.0,100.0,100.0,115.0,132,145,170,213,218
12,180,189,174,174,155,129,116,124,134,194,167,136,114,25,174.0,151.0,137.0,126.0,133.0,150,182,285,481,424
13,429,360,376,405,410,220,198,111,125,156,138,140,132,150,147.0,124.0,121.0,156.0,139.0,123,132,225,173,311
14,305,286,239,179,129,143,120,111,134,205,219,168,163,131,127.0,138.0,164.0,157.0,172.0,179,176,227,377,313
15,309,278,265,217,155,156,170,170,188,251,224,168,155,139,135.0,133.0,171.0,183.0,150.0,196,201,300,222,245
16,226,202,187,165,142,116,110,119,153,268,232,210,184,157,129.0,147.0,128.0,160.0,187.0,160,158,181,212,233
17,245,209,145,136,128,111,108,124,162,189,196,167,184,169,190.0,170.0,184.0,154.0,164.0,179,160,168,236,263
18,242,222,192,193,173,155,127,145,205,190,179,165,152,163,152.0,168.0,196.0,179.0,181.0,194,195,208,217,210
19,193,142,129,122,121,110,107,110,116,169,141,166,183,192,196.0,178.0,168.0,155.0,155.0,155,155,155,155,155
20,155,155,155,155,155,155,155,155,155,155,155,155,155,155,155.0,155.0,155.0,155.0,155.0,155,155,155,155,159
21,161,155,155,155,155,155,155,155,193,192,199,155,77,103,103.0,105.0,108.0,109.0,116.0,126,134,136,156,182
22,195,165,157,172,118,117,107,177,184,239,229,208,155,127,,,,222.0,141.0,136,146,195,168,191
23,171,162,161,133,128,199,123,147,306,335,200,173,148,132,138.0,136.0,125.0,128.0,131.0,148,152,225,174,172
24,167,144,157,148,123,126,125,160,191,178,239,169,142,126,108.0,90.0,79.0,107.0,125.0,123,139,147,160,174
25,153,135,123,115,103,84,82,82,84,86,100,95,95,94,89.0,92.0,98.0,92.0,102.0,124,124,129,131,135
26,135,129,115,96,88,77,68,102,75,107,112,90,91,94,102.0,111.0,113.0,134.0,109.0,109,94,90,83,71
27,70,53,50,51,50,48,50,57,51,74,95,79,107,127,140.0,134.0,90.0,89.0,99.0,112,98,80,81,53
28,54,51,56,55,55,56,48,66,74,97,97,87,106,116,121.0,127.0,135.0,144.0,152.0,172,162,148,132,117
29,105,97,96,100,100,100,93,89,91,93,108,128,137,133,134.0,122.0,126.0,130.0,151.0,168,173,165,150,141
30,136,139,111,104,103,94,95,99,101,131,137,135,135,135,147.0,144.0,144.0,156.0,179.0,191,207,200,174,146
"
"
December-2023,00:00:00,01:00:00,02:00:00,03:00:00,04:00:00,05:00:00,06:00:00,07:00:00,08:00:00,09:00:00,10:00:00,11:00:00,12:00:00,13:00:00,14:00:00,15:00:00,16:00:00,17:00:00,18:00:00,19:00:00,20:00:00,21:00:00,22:00:00,23:00:00
1,137,129,129,130,128,119,117,118,131,161,162,150,173,196,189,189,183,187,210,204,200,180,161.0,138
2,159,159,143,145,118,113,108,111,134,203,167,159,141,149,159,172,187,222,213,219,199,172,158.0,147
3,143,145,131,128,122,93,118,119,125,184,179,153,144,152,181,195,181,173,148,152,148,140,130.0,152
4,129,134,130,125,121,117,115,124,196,194,192,166,116,118,107,118,102,101,111,116,133,148,149.0,151
5,170,178,159,158,157,132,132,127,144,141,137,120,125,130,122,156,124,133,132,133,171,172,152.0,179
6,183,188,165,163,175,185,177,155,188,199,180,166,183,169,166,180,135,153,181,150,214,227,212.0,219
7,212,191,177,146,135,105,108,121,111,115,114,107,104,98,94,97,94,100,90,93,99,101,122.0,139
8,146,140,141,110,107,106,97,92,104,150,119,102,85,94,95,88,101,99,103,100,95,104,102.0,120
9,110,111,111,106,92,91,94,94,101,137,123,106,100,101,128,120,108,100,119,106,108,142,123.0,168
10,132,134,117,110,104,94,90,89,109,126,126,115,103,105,127,119,122,108,108,101,105,109,120.0,127
11,122,120,115,100,98,79,86,105,110,110,123,112,90,73,124,128,122,111,93,96,102,109,110.0,113
12,113,106,100,90,86,87,84,90,98,107,128,139,132,107,134,116,84,78,90,89,98,100,108.0,111
13,122,108,94,85,80,74,71,81,103,121,141,126,119,106,157,145,162,145,126,107,113,118,123.0,127
14,128,129,120,116,117,108,107,102,126,164,147,122,138,150,165,142,147,137,100,102,109,115,117.0,122
15,124,118,109,107,103,103,105,110,150,151,151,138,138,144,142,115,111,45,45,45,45,45,,45
16,45,45,45,45,45,45,45,45,118,129,126,108,118,137,127,146,133,137,137,109,115,121,127.0,133
17,134,134,127,119,111,105,99,104,164,209,222,185,169,159,169,131,129,125,135,122,126,124,134.0,138
18,142,133,132,131,135,131,129,134,136,131,148,195,163,147,138,130,130,127,144,127,135,147,156.0,148
19,139,128,139,260,259,216,182,161,156,149,156,163,156,136,143,144,136,125,130,125,129,167,186.0,156
20,149,137,124,122,116,107,105,106,105,106,105,103,108,123,131,150,160,126,116,122,132,134,139.0,135
21,127,122,118,117,122,113,112,109,116,126,152,138,133,138,150,161,193,247,177,143,148,151,177.0,155
22,145,137,124,114,110,110,110,110,119,218,364,234,192,174,188,214,265,179,161,204,171,181,190.0,153
23,153,147,142,132,125,118,114,122,151,230,248,262,190,167,202,172,204,195,157,187,256,252,245.0,299
24,300,221,200,139,171,122,122,124,143,248,241,161,142,154,172,186,160,163,191,133,190,205,212.0,198
25,161,162,156,128,124,117,116,130,205,219,300,249,222,194,181,184,189,231,199,193,196,175,182.0,184
26,174,162,143,132,127,122,122,128,182,212,244,212,197,219,227,242,248,196,189,179,202,197,204.0,202
27,187,167,156,146,137,122,131,149,180,254,296,280,264,218,194,174,220,172,159,188,234,251,271.0,273
28,293,269,258,231,247,246,222,255,301,334,444,244,120,154,141,130,174,170,196,249,271,302,302.0,295
29,263,207,193,142,127,123,129,146,287,283,317,248,237,180,172,194,222,180,138,150,135,168,166.0,149
30,138,120,102,88,83,82,80,88,101,190,353,114,110,136,181,217,197,217,129,109,137,118,110.0,100
31,93,84,73,82,79,77,79,76,87,129,175,119,89,98,129,165,142,134,115,95,101,94,101.0,103
"
"
