Year,2017
January-2017,00:00:00,01:00:00,02:00:00,03:00:00,04:00:00,05:00:00,06:00:00,07:00:00,08:00:00,09:00:00,10:00:00,11:00:00,12:00:00,13:00:00,14:00:00,15:00:00,16:00:00,17:00:00,18:00:00,19:00:00,20:00:00,21:00:00,22:00:00,23:00:00
"
"
February-2017,00:00:00,01:00:00,02:00:00,03:00:00,04:00:00,05:00:00,06:00:00,07:00:00,08:00:00,09:00:00,10:00:00,11:00:00,12:00:00,13:00:00,14:00:00,15:00:00,16:00:00,17:00:00,18:00:00,19:00:00,20:00:00,21:00:00,22:00:00,23:00:00
"
"
March-2017,00:00:00,01:00:00,02:00:00,03:00:00,04:00:00,05:00:00,06:00:00,07:00:00,08:00:00,09:00:00,10:00:00,11:00:00,12:00:00,13:00:00,14:00:00,15:00:00,16:00:00,17:00:00,18:00:00,19:00:00,20:00:00,21:00:00,22:00:00,23:00:00
"
"
April-2017,00:00:00,01:00:00,02:00:00,03:00:00,04:00:00,05:00:00,06:00:00,07:00:00,08:00:00,09:00:00,10:00:00,11:00:00,12:00:00,13:00:00,14:00:00,15:00:00,16:00:00,17:00:00,18:00:00,19:00:00,20:00:00,21:00:00,22:00:00,23:00:00
"
"
May-2017,00:00:00,01:00:00,02:00:00,03:00:00,04:00:00,05:00:00,06:00:00,07:00:00,08:00:00,09:00:00,10:00:00,11:00:00,12:00:00,13:00:00,14:00:00,15:00:00,16:00:00,17:00:00,18:00:00,19:00:00,20:00:00,21:00:00,22:00:00,23:00:00
"
"
June-2017,00:00:00,01:00:00,02:00:00,03:00:00,04:00:00,05:00:00,06:00:00,07:00:00,08:00:00,09:00:00,10:00:00,11:00:00,12:00:00,13:00:00,14:00:00,15:00:00,16:00:00,17:00:00,18:00:00,19:00:00,20:00:00,21:00:00,22:00:00,23:00:00
"
"
July-2017,00:00:00,01:00:00,02:00:00,03:00:00,04:00:00,05:00:00,06:00:00,07:00:00,08:00:00,09:00:00,10:00:00,11:00:00,12:00:00,13:00:00,14:00:00,15:00:00,16:00:00,17:00:00,18:00:00,19:00:00,20:00:00,21:00:00,22:00:00,23:00:00
"
"
August-2017,00:00:00,01:00:00,02:00:00,03:00:00,04:00:00,05:00:00,06:00:00,07:00:00,08:00:00,09:00:00,10:00:00,11:00:00,12:00:00,13:00:00,14:00:00,15:00:00,16:00:00,17:00:00,18:00:00,19:00:00,20:00:00,21:00:00,22:00:00,23:00:00
"
"
September-2017,00:00:00,01:00:00,02:00:00,03:00:00,04:00:00,05:00:00,06:00:00,07:00:00,08:00:00,09:00:00,10:00:00,11:00:00,12:00:00,13:00:00,14:00:00,15:00:00,16:00:00,17:00:00,18:00:00,19:00:00,20:00:00,21:00:00,22:00:00,23:00:00
"
"
October-2017,00:00:00,01:00:00,02:00:00,03:00:00,04:00:00,05:00:00,06:00:00,07:00:00,08:00:00,09:00:00,10:00:00,11:00:00,12:00:00,13:00:00,14:00:00,15:00:00,16:00:00,17:00:00,18:00:00,19:00:00,20:00:00,21:00:00,22:00:00,23:00:00
"
"
November-2017,00:00:00,01:00:00,02:00:00,03:00:00,04:00:00,05:00:00,06:00:00,07:00:00,08:00:00,09:00:00,10:00:00,11:00:00,12:00:00,13:00:00,14:00:00,15:00:00,16:00:00,17:00:00,18:00:00,19:00:00,20:00:00,21:00:00,22:00:00,23:00:00
"
"
December-2017,00:00:00,01:00:00,02:00:00,03:00:00,04:00:00,05:00:00,06:00:00,07:00:00,08:00:00,09:00:00,10:00:00,11:00:00,12:00:00,13:00:00,14:00:00,15:00:00,16:00:00,17:00:00,18:00:00,19:00:00,20:00:00,21:00:00,22:00:00,23:00:00
"
"
Year,2018
January-2018,00:00:00,01:00:00,02:00:00,03:00:00,04:00:00,05:00:00,06:00:00,07:00:00,08:00:00,09:00:00,10:00:00,11:00:00,12:00:00,13:00:00,14:00:00,15:00:00,16:00:00,17:00:00,18:00:00,19:00:00,20:00:00,21:00:00,22:00:00,23:00:00
"
"
February-2018,00:00:00,01:00:00,02:00:00,03:00:00,04:00:00,05:00:00,06:00:00,07:00:00,08:00:00,09:00:00,10:00:00,11:00:00,12:00:00,13:00:00,14:00:00,15:00:00,16:00:00,17:00:00,18:00:00,19:00:00,20:00:00,21:00:00,22:00:00,23:00:00
"
"
March-2018,00:00:00,01:00:00,02:00:00,03:00:00,04:00:00,05:00:00,06:00:00,07:00:00,08:00:00,09:00:00,10:00:00,11:00:00,12:00:00,13:00:00,14:00:00,15:00:00,16:00:00,17:00:00,18:00:00,19:00:00,20:00:00,21:00:00,22:00:00,23:00:00
"
"
April-2018,00:00:00,01:00:00,02:00:00,03:00:00,04:00:00,05:00:00,06:00:00,07:00:00,08:00:00,09:00:00,10:00:00,11:00:00,12:00:00,13:00:00,14:00:00,15:00:00,16:00:00,17:00:00,18:00:00,19:00:00,20:00:00,21:00:00,22:00:00,23:00:00
"
"
May-2018,00:00:00,01:00:00,02:00:00,03:00:00,04:00:00,05:00:00,06:00:00,07:00:00,08:00:00,09:00:00,10:00:00,11:00:00,12:00:00,13:00:00,14:00:00,15:00:00,16:00:00,17:00:00,18:00:00,19:00:00,20:00:00,21:00:00,22:00:00,23:00:00
"
"
June-2018,00:00:00,01:00:00,02:00:00,03:00:00,04:00:00,05:00:00,06:00:00,07:00:00,08:00:00,09:00:00,10:00:00,11:00:00,12:00:00,13:00:00,14:00:00,15:00:00,16:00:00,17:00:00,18:00:00,19:00:00,20:00:00,21:00:00,22:00:00,23:00:00
"
"
July-2018,00:00:00,01:00:00,02:00:00,03:00:00,04:00:00,05:00:00,06:00:00,07:00:00,08:00:00,09:00:00,10:00:00,11:00:00,12:00:00,13:00:00,14:00:00,15:00:00,16:00:00,17:00:00,18:00:00,19:00:00,20:00:00,21:00:00,22:00:00,23:00:00
"
"
August-2018,00:00:00,01:00:00,02:00:00,03:00:00,04:00:00,05:00:00,06:00:00,07:00:00,08:00:00,09:00:00,10:00:00,11:00:00,12:00:00,13:00:00,14:00:00,15:00:00,16:00:00,17:00:00,18:00:00,19:00:00,20:00:00,21:00:00,22:00:00,23:00:00
"
"
September-2018,00:00:00,01:00:00,02:00:00,03:00:00,04:00:00,05:00:00,06:00:00,07:00:00,08:00:00,09:00:00,10:00:00,11:00:00,12:00:00,13:00:00,14:00:00,15:00:00,16:00:00,17:00:00,18:00:00,19:00:00,20:00:00,21:00:00,22:00:00,23:00:00
"
"
October-2018,00:00:00,01:00:00,02:00:00,03:00:00,04:00:00,05:00:00,06:00:00,07:00:00,08:00:00,09:00:00,10:00:00,11:00:00,12:00:00,13:00:00,14:00:00,15:00:00,16:00:00,17:00:00,18:00:00,19:00:00,20:00:00,21:00:00,22:00:00,23:00:00
"
"
November-2018,00:00:00,01:00:00,02:00:00,03:00:00,04:00:00,05:00:00,06:00:00,07:00:00,08:00:00,09:00:00,10:00:00,11:00:00,12:00:00,13:00:00,14:00:00,15:00:00,16:00:00,17:00:00,18:00:00,19:00:00,20:00:00,21:00:00,22:00:00,23:00:00
"
"
December-2018,00:00:00,01:00:00,02:00:00,03:00:00,04:00:00,05:00:00,06:00:00,07:00:00,08:00:00,09:00:00,10:00:00,11:00:00,12:00:00,13:00:00,14:00:00,15:00:00,16:00:00,17:00:00,18:00:00,19:00:00,20:00:00,21:00:00,22:00:00,23:00:00
"
"
Year,2019
January-2019,00:00:00,01:00:00,02:00:00,03:00:00,04:00:00,05:00:00,06:00:00,07:00:00,08:00:00,09:00:00,10:00:00,11:00:00,12:00:00,13:00:00,14:00:00,15:00:00,16:00:00,17:00:00,18:00:00,19:00:00,20:00:00,21:00:00,22:00:00,23:00:00
"
"
February-2019,00:00:00,01:00:00,02:00:00,03:00:00,04:00:00,05:00:00,06:00:00,07:00:00,08:00:00,09:00:00,10:00:00,11:00:00,12:00:00,13:00:00,14:00:00,15:00:00,16:00:00,17:00:00,18:00:00,19:00:00,20:00:00,21:00:00,22:00:00,23:00:00
"
"
March-2019,00:00:00,01:00:00,02:00:00,03:00:00,04:00:00,05:00:00,06:00:00,07:00:00,08:00:00,09:00:00,10:00:00,11:00:00,12:00:00,13:00:00,14:00:00,15:00:00,16:00:00,17:00:00,18:00:00,19:00:00,20:00:00,21:00:00,22:00:00,23:00:00
"
"
April-2019,00:00:00,01:00:00,02:00:00,03:00:00,04:00:00,05:00:00,06:00:00,07:00:00,08:00:00,09:00:00,10:00:00,11:00:00,12:00:00,13:00:00,14:00:00,15:00:00,16:00:00,17:00:00,18:00:00,19:00:00,20:00:00,21:00:00,22:00:00,23:00:00
"
"
May-2019,00:00:00,01:00:00,02:00:00,03:00:00,04:00:00,05:00:00,06:00:00,07:00:00,08:00:00,09:00:00,10:00:00,11:00:00,12:00:00,13:00:00,14:00:00,15:00:00,16:00:00,17:00:00,18:00:00,19:00:00,20:00:00,21:00:00,22:00:00,23:00:00
"
"
June-2019,00:00:00,01:00:00,02:00:00,03:00:00,04:00:00,05:00:00,06:00:00,07:00:00,08:00:00,09:00:00,10:00:00,11:00:00,12:00:00,13:00:00,14:00:00,15:00:00,16:00:00,17:00:00,18:00:00,19:00:00,20:00:00,21:00:00,22:00:00,23:00:00
"
"
July-2019,00:00:00,01:00:00,02:00:00,03:00:00,04:00:00,05:00:00,06:00:00,07:00:00,08:00:00,09:00:00,10:00:00,11:00:00,12:00:00,13:00:00,14:00:00,15:00:00,16:00:00,17:00:00,18:00:00,19:00:00,20:00:00,21:00:00,22:00:00,23:00:00
"
"
August-2019,00:00:00,01:00:00,02:00:00,03:00:00,04:00:00,05:00:00,06:00:00,07:00:00,08:00:00,09:00:00,10:00:00,11:00:00,12:00:00,13:00:00,14:00:00,15:00:00,16:00:00,17:00:00,18:00:00,19:00:00,20:00:00,21:00:00,22:00:00,23:00:00
"
"
September-2019,00:00:00,01:00:00,02:00:00,03:00:00,04:00:00,05:00:00,06:00:00,07:00:00,08:00:00,09:00:00,10:00:00,11:00:00,12:00:00,13:00:00,14:00:00,15:00:00,16:00:00,17:00:00,18:00:00,19:00:00,20:00:00,21:00:00,22:00:00,23:00:00
"
"
October-2019,00:00:00,01:00:00,02:00:00,03:00:00,04:00:00,05:00:00,06:00:00,07:00:00,08:00:00,09:00:00,10:00:00,11:00:00,12:00:00,13:00:00,14:00:00,15:00:00,16:00:00,17:00:00,18:00:00,19:00:00,20:00:00,21:00:00,22:00:00,23:00:00
"
"
November-2019,00:00:00,01:00:00,02:00:00,03:00:00,04:00:00,05:00:00,06:00:00,07:00:00,08:00:00,09:00:00,10:00:00,11:00:00,12:00:00,13:00:00,14:00:00,15:00:00,16:00:00,17:00:00,18:00:00,19:00:00,20:00:00,21:00:00,22:00:00,23:00:00
"
"
December-2019,00:00:00,01:00:00,02:00:00,03:00:00,04:00:00,05:00:00,06:00:00,07:00:00,08:00:00,09:00:00,10:00:00,11:00:00,12:00:00,13:00:00,14:00:00,15:00:00,16:00:00,17:00:00,18:00:00,19:00:00,20:00:00,21:00:00,22:00:00,23:00:00
"
"
Year,2020
January-2020,00:00:00,01:00:00,02:00:00,03:00:00,04:00:00,05:00:00,06:00:00,07:00:00,08:00:00,09:00:00,10:00:00,11:00:00,12:00:00,13:00:00,14:00:00,15:00:00,16:00:00,17:00:00,18:00:00,19:00:00,20:00:00,21:00:00,22:00:00,23:00:00
"
"
February-2020,00:00:00,01:00:00,02:00:00,03:00:00,04:00:00,05:00:00,06:00:00,07:00:00,08:00:00,09:00:00,10:00:00,11:00:00,12:00:00,13:00:00,14:00:00,15:00:00,16:00:00,17:00:00,18:00:00,19:00:00,20:00:00,21:00:00,22:00:00,23:00:00
"
"
March-2020,00:00:00,01:00:00,02:00:00,03:00:00,04:00:00,05:00:00,06:00:00,07:00:00,08:00:00,09:00:00,10:00:00,11:00:00,12:00:00,13:00:00,14:00:00,15:00:00,16:00:00,17:00:00,18:00:00,19:00:00,20:00:00,21:00:00,22:00:00,23:00:00
"
"
April-2020,00:00:00,01:00:00,02:00:00,03:00:00,04:00:00,05:00:00,06:00:00,07:00:00,08:00:00,09:00:00,10:00:00,11:00:00,12:00:00,13:00:00,14:00:00,15:00:00,16:00:00,17:00:00,18:00:00,19:00:00,20:00:00,21:00:00,22:00:00,23:00:00
"
"
May-2020,00:00:00,01:00:00,02:00:00,03:00:00,04:00:00,05:00:00,06:00:00,07:00:00,08:00:00,09:00:00,10:00:00,11:00:00,12:00:00,13:00:00,14:00:00,15:00:00,16:00:00,17:00:00,18:00:00,19:00:00,20:00:00,21:00:00,22:00:00,23:00:00
"
"
June-2020,00:00:00,01:00:00,02:00:00,03:00:00,04:00:00,05:00:00,06:00:00,07:00:00,08:00:00,09:00:00,10:00:00,11:00:00,12:00:00,13:00:00,14:00:00,15:00:00,16:00:00,17:00:00,18:00:00,19:00:00,20:00:00,21:00:00,22:00:00,23:00:00
"
"
July-2020,00:00:00,01:00:00,02:00:00,03:00:00,04:00:00,05:00:00,06:00:00,07:00:00,08:00:00,09:00:00,10:00:00,11:00:00,12:00:00,13:00:00,14:00:00,15:00:00,16:00:00,17:00:00,18:00:00,19:00:00,20:00:00,21:00:00,22:00:00,23:00:00
"
"
August-2020,00:00:00,01:00:00,02:00:00,03:00:00,04:00:00,05:00:00,06:00:00,07:00:00,08:00:00,09:00:00,10:00:00,11:00:00,12:00:00,13:00:00,14:00:00,15:00:00,16:00:00,17:00:00,18:00:00,19:00:00,20:00:00,21:00:00,22:00:00,23:00:00
"
"
September-2020,00:00:00,01:00:00,02:00:00,03:00:00,04:00:00,05:00:00,06:00:00,07:00:00,08:00:00,09:00:00,10:00:00,11:00:00,12:00:00,13:00:00,14:00:00,15:00:00,16:00:00,17:00:00,18:00:00,19:00:00,20:00:00,21:00:00,22:00:00,23:00:00
"
"
October-2020,00:00:00,01:00:00,02:00:00,03:00:00,04:00:00,05:00:00,06:00:00,07:00:00,08:00:00,09:00:00,10:00:00,11:00:00,12:00:00,13:00:00,14:00:00,15:00:00,16:00:00,17:00:00,18:00:00,19:00:00,20:00:00,21:00:00,22:00:00,23:00:00
1,,,,,,,,,,,,,,,,,,,,,,,,
2,,,,,,,,,,,,,,,,,,,,,,,,
3,,,,,,,,,,,,,,,,,,,,,,,,
4,,,,,,,,,,,,,,,,,,,,,,,,
5,,,,,,,,,,,,,,,,,,,,,,,,
"
"
November-2020,00:00:00,01:00:00,02:00:00,03:00:00,04:00:00,05:00:00,06:00:00,07:00:00,08:00:00,09:00:00,10:00:00,11:00:00,12:00:00,13:00:00,14:00:00,15:00:00,16:00:00,17:00:00,18:00:00,19:00:00,20:00:00,21:00:00,22:00:00,23:00:00
1,,,,,,,,,,,,,,,,,,,,,,,,
2,,,,,,,,,,,,,,,,,,,,,,,,
3,,,,,,,,,,,,,,,,,,,,,,,,
4,,,,,,,,,,,,,,,,,,,,,,,,
5,,,,,,,,,,,,,,,,,,,,,,,,
6,,,,,,,,,,,,,,,,,,,,,,,,
7,,,,,,,,,,,,,,,,,,,,,,,,
8,,,,,,,,,,,,,,,,,,,,,,,,
9,,,,,,,,,,,,,,,,,,,,,,,,
10,,,,,,,,,,,,,,263.0,253.0,251.0,185.0,245.0,200.0,287.0,221.0,208.0,263.0,295.0
11,258.0,308.0,307.0,308.0,287.0,306.0,287.0,303.0,309.0,278.0,187.0,175.0,185.0,173.0,210.0,214.0,218.0,205.0,203.0,286.0,241.0,222.0,280.0,306.0
12,211.0,211.0,208.0,184.0,181.0,173.0,165.0,168.0,193.0,188.0,171.0,186.0,182.0,178.0,188.0,167.0,166.0,163.0,182.0,210.0,201.0,201.0,244.0,283.0
13,294.0,293.0,304.0,299.0,319.0,291.0,220.0,167.0,265.0,250.0,162.0,167.0,190.0,179.0,161.0,165.0,151.0,147.0,144.0,137.0,161.0,208.0,176.0,170.0
14,173.0,252.0,231.0,185.0,182.0,162.0,183.0,182.0,161.0,136.0,164.0,165.0,115.0,103.0,107.0,105.0,101.0,126.0,,113.0,113.0,112.0,148.0,217.0
15,234.0,228.0,267.0,292.0,256.0,250.0,194.0,160.0,207.0,148.0,161.0,172.0,144.0,149.0,150.0,105.0,91.0,106.0,177.0,111.0,109.0,154.0,207.0,183.0
16,238.0,174.0,152.0,153.0,171.0,126.0,132.0,142.0,189.0,131.0,136.0,168.0,147.0,121.0,174.0,145.0,136.0,137.0,148.0,151.0,184.0,191.0,194.0,304.0
17,269.0,303.0,349.0,293.0,181.0,193.0,188.0,192.0,163.0,157.0,157.0,163.0,142.0,148.0,140.0,174.0,167.0,143.0,145.0,140.0,168.0,226.0,226.0,152.0
18,187.0,223.0,193.0,207.0,207.0,187.0,179.0,179.0,185.0,169.0,161.0,169.0,177.0,187.0,191.0,166.0,174.0,149.0,145.0,141.0,142.0,154.0,156.0,187.0
19,171.0,178.0,184.0,167.0,149.0,139.0,146.0,197.0,294.0,270.0,171.0,159.0,197.0,143.0,168.0,171.0,164.0,156.0,155.0,160.0,193.0,203.0,183.0,187.0
20,195.0,194.0,176.0,187.0,146.0,170.0,138.0,162.0,180.0,149.0,147.0,176.0,168.0,177.0,164.0,161.0,153.0,140.0,140.0,147.0,184.0,191.0,186.0,196.0
21,219.0,308.0,311.0,307.0,199.0,235.0,198.0,175.0,233.0,189.0,169.0,170.0,159.0,194.0,172.0,156.0,146.0,142.0,141.0,160.0,202.0,166.0,151.0,131.0
22,166.0,176.0,222.0,307.0,312.0,307.0,304.0,305.0,303.0,172.0,200.0,181.0,205.0,282.0,155.0,176.0,157.0,163.0,149.0,189.0,191.0,156.0,174.0,312.0
23,310.0,199.0,210.0,172.0,199.0,403.0,355.0,141.0,288.0,178.0,170.0,176.0,206.0,136.0,75.0,122.0,122.0,121.0,150.0,138.0,122.0,119.0,118.0,163.0
24,197.0,167.0,188.0,178.0,202.0,178.0,193.0,188.0,153.0,168.0,157.0,181.0,143.0,151.0,167.0,157.0,156.0,145.0,146.0,138.0,236.0,196.0,196.0,244.0
25,195.0,211.0,275.0,275.0,224.0,251.0,280.0,260.0,262.0,269.0,223.0,195.0,267.0,262.0,197.0,198.0,249.0,229.0,186.0,231.0,218.0,246.0,372.0,371.0
26,196.0,341.0,438.0,224.0,262.0,215.0,229.0,220.0,268.0,283.0,234.0,169.0,174.0,201.0,192.0,181.0,175.0,194.0,253.0,267.0,270.0,223.0,244.0,279.0
27,252.0,303.0,291.0,290.0,301.0,306.0,154.0,265.0,199.0,159.0,173.0,187.0,179.0,181.0,85.0,85.0,135.0,188.0,145.0,164.0,170.0,145.0,163.0,170.0
28,161.0,171.0,171.0,167.0,140.0,147.0,144.0,117.0,149.0,153.0,130.0,156.0,146.0,135.0,98.0,102.0,190.0,135.0,122.0,121.0,97.0,91.0,101.0,111.0
29,80.0,102.0,66.0,62.0,131.0,92.0,89.0,129.0,103.0,139.0,106.0,49.0,46.0,37.0,32.0,42.0,44.0,34.0,50.0,78.0,113.0,117.0,123.0,133.0
30,127.0,60.0,54.0,42.0,40.0,42.0,65.0,50.0,56.0,74.0,79.0,86.0,80.0,53.0,52.0,76.0,69.0,86.0,74.0,99.0,90.0,100.0,80.0,73.0
"
"
December-2020,00:00:00,01:00:00,02:00:00,03:00:00,04:00:00,05:00:00,06:00:00,07:00:00,08:00:00,09:00:00,10:00:00,11:00:00,12:00:00,13:00:00,14:00:00,15:00:00,16:00:00,17:00:00,18:00:00,19:00:00,20:00:00,21:00:00,22:00:00,23:00:00
1,78,65,70.0,76,79.0,,77.0,41,63,69,85,100,86,77,62.0,78,84,87,98,103,105,105,100,68
2,122,84,83.0,91,80.0,79.0,73.0,77,79,84,89,98,108,106,105.0,97,97,113,124,123,123,123,111,94
3,102,86,41.0,39,40.0,39.0,39.0,39,38,65,88,70,55,56,59.0,70,61,60,75,100,101,101,97,100
4,106,109,102.0,86,,51.0,46.0,49,69,82,97,92,75,62,63.0,65,87,71,75,112,116,118,109,114
5,122,117,111.0,107,91.0,64.0,54.0,50,66,83,70,65,54,55,58.0,56,53,51,65,106,105,110,109,102
6,92,70,50.0,48,44.0,42.0,43.0,45,48,47,46,65,53,53,57.0,59,68,59,76,85,100,94,95,122
7,102,95,95.0,91,89.0,83.0,79.0,78,83,87,87,102,114,125,122.0,121,124,124,133,130,126,114,108,114
8,106,94,77.0,81,76.0,71.0,64.0,61,66,64,66,76,80,73,84.0,90,103,101,103,109,110,112,105,84
9,84,49,85.0,85,85.0,43.0,41.0,39,39,44,58,70,61,57,59.0,57,53,52,65,84,83,68,64,57
10,78,99,125.0,142,88.0,88.0,80.0,104,90,190,124,128,108,145,131.0,120,130,147,122,115,181,278,303,274
11,103,44,42.0,42,42.0,41.0,41.0,41,39,52,79,97,175,385,438.0,342,364,400,376,393,400,399,369,367
12,366,332,310.0,230,245.0,202.0,236.0,306,325,312,308,312,342,334,305.0,264,298,328,316,303,301,298,354,431
13,371,345,313.0,312,252.0,323.0,316.0,333,352,305,258,348,369,264,302.0,307,280,235,301,313,302,299,317,334
14,341,303,258.0,128,340.0,336.0,187.0,52,81,132,169,96,154,234,205.0,476,368,353,364,319,335,375,346,373
15,365,354,331.0,330,341.0,335.0,316.0,356,352,379,365,352,348,304,303.0,306,310,345,332,307,317,370,368,321
16,337,365,341.0,330,338.0,341.0,375.0,359,389,411,402,426,368,327,319.0,317,292,334,332,309,323,346,383,385
17,371,358,340.0,334,350.0,348.0,340.0,354,412,400,413,389,373,343,318.0,339,303,341,346,381,365,338,362,417
18,388,371,395.0,404,358.0,353.0,360.0,346,352,372,356,385,382,371,351.0,354,368,289,273,341,329,342,380,413
19,376,367,394.0,339,313.0,339.0,316.0,329,343,343,355,354,349,364,344.0,41,319,333,323,321,270,332,341,365
20,419,354,328.0,351,344.0,327.0,344.0,333,369,369,331,355,342,327,328.0,342,321,330,326,308,300,238,271,327
21,312,312,308.0,319,321.0,307.0,323.0,330,342,378,347,366,381,353,319.0,263,300,301,246,319,264,281,303,343
22,354,356,370.0,351,343.0,347.0,331.0,373,357,362,355,390,386,360,378.0,336,321,333,297,311,314,291,316,340
23,372,380,369.0,393,378.0,390.0,375.0,383,404,418,354,405,391,359,337.0,308,318,340,374,368,321,321,329,362
24,360,356,365.0,392,410.0,412.0,397.0,366,413,457,408,385,407,371,60.0,302,246,303,306,208,265,309,315,322
25,361,428,416.0,360,428.0,407.0,356.0,382,404,401,337,362,376,360,344.0,313,257,314,345,314,311,313,320,359
26,358,354,364.0,340,355.0,370.0,356.0,361,359,358,344,363,366,349,306.0,290,301,262,306,285,229,278,316,318
27,347,323,327.0,344,356.0,357.0,,333,353,372,393,354,328,323,340.0,336,397,318,319,364,320,269,323,328
28,321,305,300.0,257,216.0,234.0,453.0,337,340,337,301,264,311,323,,334,330,362,319,333,347,320,346,337
29,339,334,321.0,338,324.0,323.0,328.0,338,361,383,393,361,333,391,291.0,296,317,332,337,314,317,330,354,372
30,367,384,383.0,397,377.0,355.0,339.0,351,325,398,403,358,377,360,310.0,327,349,346,321,320,331,343,360,364
31,372,415,,377,380.0,374.0,380.0,402,388,381,350,360,363,387,353.0,340,271,331,324,325,293,298,380,358
"
"
Year,2021
January-2021,00:00:00,01:00:00,02:00:00,03:00:00,04:00:00,05:00:00,06:00:00,07:00:00,08:00:00,09:00:00,10:00:00,11:00:00,12:00:00,13:00:00,14:00:00,15:00:00,16:00:00,17:00:00,18:00:00,19:00:00,20:00:00,21:00:00,22:00:00,23:00:00
1,360.0,323.0,370.0,382,387.0,365,393.0,402.0,378,440.0,392.0,350.0,358,384.0,299.0,365,324.0,295,313.0,318.0,332.0,324.0,351.0,352.0
2,356.0,346.0,320.0,330,327.0,328,355.0,341.0,341,373.0,323.0,318.0,370,230.0,281.0,281,211.0,248,362.0,83.0,341.0,349.0,245.0,255.0
3,285.0,263.0,244.0,232,258.0,294,262.0,284.0,290,308.0,311.0,,310,307.0,315.0,263,248.0,155,98.0,141.0,124.0,144.0,197.0,235.0
4,239.0,214.0,208.0,203,,174,252.0,227.0,252,,255.0,266.0,263,208.0,287.0,331,264.0,130,224.0,192.0,192.0,409.0,500.0,313.0
5,82.0,62.0,192.0,126,125.0,136,132.0,153.0,250,318.0,191.0,242.0,285,300.0,210.0,236,270.0,285,255.0,243.0,277.0,242.0,286.0,307.0
6,314.0,258.0,301.0,260,186.0,252,226.0,269.0,312,331.0,270.0,307.0,294,342.0,,339,306.0,279,300.0,308.0,337.0,341.0,340.0,340.0
7,327.0,313.0,275.0,275,301.0,283,281.0,315.0,330,348.0,346.0,340.0,324,323.0,315.0,310,260.0,316,315.0,311.0,349.0,331.0,369.0,374.0
8,364.0,370.0,362.0,361,363.0,363,368.0,399.0,404,406.0,348.0,364.0,363,348.0,305.0,200,304.0,312,137.0,327.0,371.0,372.0,387.0,386.0
9,342.0,382.0,402.0,394,374.0,364,372.0,374.0,372,373.0,364.0,323.0,166,308.0,324.0,324,318.0,323,321.0,310.0,314.0,347.0,314.0,359.0
10,359.0,373.0,374.0,374,369.0,364,372.0,414.0,370,371.0,250.0,166.0,122,207.0,322.0,326,326.0,302,318.0,322.0,317.0,321.0,322.0,368.0
11,374.0,370.0,368.0,363,363.0,387,371.0,361.0,370,318.0,310.0,148.0,145,128.0,94.0,99,182.0,165,129.0,133.0,310.0,320.0,325.0,335.0
12,324.0,354.0,338.0,320,334.0,321,317.0,320.0,323,316.0,277.0,126.0,165,149.0,160.0,184,113.0,96,97.0,307.0,349.0,344.0,346.0,372.0
13,375.0,325.0,319.0,316,318.0,312,309.0,315.0,322,192.0,134.0,161.0,181,162.0,176.0,174,171.0,145,149.0,161.0,154.0,318.0,314.0,323.0
14,323.0,314.0,309.0,323,309.0,312,106.0,117.0,134,234.0,128.0,143.0,153,97.0,102.0,166,164.0,161,149.0,168.0,95.0,205.0,87.0,98.0
15,239.0,142.0,88.0,110,121.0,159,219.0,206.0,302,317.0,169.0,160.0,145,142.0,140.0,68,72.0,88,91.0,130.0,147.0,152.0,159.0,153.0
16,164.0,161.0,230.0,180,197.0,80,70.0,80.0,92,103.0,116.0,114.0,101,81.0,70.0,60,72.0,74,83.0,85.0,98.0,99.0,99.0,101.0
17,97.0,46.0,40.0,38,40.0,43,50.0,56.0,59,67.0,58.0,48.0,37,27.0,29.0,28,27.0,27,37.0,51.0,42.0,44.0,47.0,43.0
18,43.0,69.0,61.0,61,58.0,54,151.0,152.0,159,176.0,147.0,104.0,143,150.0,68.0,84,89.0,92,76.0,94.0,149.0,147.0,147.0,141.0
19,138.0,169.0,157.0,99,131.0,176,145.0,94.0,41,115.0,110.0,134.0,161,47.0,180.0,174,176.0,182,184.0,89.0,94.0,64.0,101.0,311.0
20,336.0,321.0,332.0,308,318.0,318,319.0,317.0,319,318.0,138.0,99.0,46,44.0,158.0,151,171.0,160,148.0,74.0,75.0,78.0,83.0,66.0
21,58.0,48.0,31.0,30,27.0,25,30.0,55.0,75,71.0,89.0,85.0,44,,264.0,198,124.0,270,269.0,414.0,201.0,150.0,151.0,234.0
22,118.0,,82.0,65,79.0,85,72.0,94.0,114,169.0,109.0,213.0,83,80.0,83.0,83,135.0,111,85.0,427.0,181.0,102.0,82.0,77.0
23,105.0,269.0,308.0,315,282.0,228,279.0,313.0,328,342.0,326.0,315.0,329,314.0,308.0,310,309.0,338,320.0,201.0,144.0,186.0,197.0,
24,177.0,190.0,,167,209.0,209,,277.0,303,,,248.0,210,261.0,204.0,202,173.0,183,177.0,,,182.0,288.0,294.0
25,,,83.0,83,80.0,83,84.0,79.0,81,101.0,126.0,152.0,98,105.0,96.0,91,80.0,77,80.0,73.0,64.0,,77.0,79.0
26,77.0,74.0,67.0,63,68.0,76,70.0,78.0,85,115.0,111.0,108.0,95,92.0,89.0,84,77.0,69,,52.0,52.0,55.0,,83.0
27,75.0,307.0,301.0,257,303.0,301,307.0,310.0,309,318.0,333.0,328.0,307,295.0,233.0,258,218.0,204,228.0,,177.0,192.0,216.0,252.0
28,301.0,314.0,294.0,300,281.0,309,320.0,304.0,323,343.0,326.0,329.0,264,313.0,,258,263.0,202,200.0,160.0,152.0,174.0,196.0,286.0
29,263.0,80.0,85.0,84,84.0,85,83.0,,108,121.0,115.0,121.0,91,78.0,85.0,64,217.0,265,,,198.0,160.0,204.0,281.0
30,,202.0,218.0,227,220.0,254,224.0,302.0,322,333.0,329.0,338.0,301,282.0,,214,,232,220.0,161.0,137.0,143.0,186.0,304.0
31,321.0,320.0,320.0,308,304.0,315,326.0,343.0,349,326.0,305.0,309.0,315,226.0,178.0,156,175.0,150,110.0,181.0,79.0,107.0,195.0,138.0
"
"
February-2021,00:00:00,01:00:00,02:00:00,03:00:00,04:00:00,05:00:00,06:00:00,07:00:00,08:00:00,09:00:00,10:00:00,11:00:00,12:00:00,13:00:00,14:00:00,15:00:00,16:00:00,17:00:00,18:00:00,19:00:00,20:00:00,21:00:00,22:00:00,23:00:00
1,260.0,167.0,173.0,225.0,250.0,259.0,257.0,243.0,230.0,313.0,307.0,320.0,305.0,300.0,287.0,310.0,99.0,207.0,237.0,233.0,157.0,115.0,185.0,248.0
2,261.0,183.0,163.0,270.0,261.0,242.0,230.0,207.0,290.0,276.0,319.0,306.0,305.0,303.0,164.0,105.0,153.0,131.0,133.0,131.0,88.0,191.0,92.0,167.0
3,223.0,234.0,329.0,309.0,328.0,317.0,325.0,355.0,338.0,322.0,340.0,344.0,310.0,,216.0,147.0,118.0,123.0,116.0,100.0,119.0,118.0,105.0,267.0
4,286.0,288.0,357.0,345.0,265.0,298.0,235.0,261.0,301.0,332.0,326.0,329.0,316.0,233.0,146.0,185.0,197.0,213.0,241.0,224.0,275.0,170.0,213.0,269.0
5,,266.0,315.0,217.0,120.0,118.0,100.0,126.0,196.0,274.0,258.0,268.0,245.0,190.0,189.0,203.0,213.0,195.0,201.0,216.0,139.0,173.0,194.0,150.0
6,248.0,234.0,207.0,146.0,186.0,231.0,407.0,180.0,218.0,315.0,274.0,276.0,246.0,193.0,196.0,153.0,184.0,185.0,246.0,266.0,306.0,307.0,301.0,269.0
7,272.0,297.0,159.0,145.0,102.0,110.0,124.0,98.0,106.0,207.0,111.0,163.0,135.0,112.0,112.0,98.0,105.0,133.0,109.0,137.0,139.0,190.0,194.0,255.0
8,226.0,170.0,186.0,192.0,117.0,205.0,304.0,249.0,155.0,326.0,171.0,210.0,185.0,179.0,167.0,110.0,142.0,149.0,149.0,131.0,99.0,114.0,147.0,164.0
9,166.0,248.0,322.0,356.0,330.0,306.0,215.0,302.0,322.0,337.0,321.0,302.0,228.0,175.0,,135.0,146.0,113.0,162.0,167.0,167.0,92.0,284.0,
10,229.0,322.0,235.0,321.0,341.0,399.0,359.0,322.0,,340.0,309.0,320.0,275.0,203.0,150.0,150.0,157.0,165.0,363.0,356.0,206.0,114.0,136.0,106.0
11,,354.0,352.0,380.0,414.0,372.0,365.0,391.0,327.0,376.0,355.0,347.0,326.0,278.0,415.0,500.0,352.0,378.0,,211.0,223.0,150.0,297.0,322.0
12,383.0,289.0,319.0,310.0,332.0,331.0,339.0,376.0,311.0,324.0,312.0,332.0,,,228.0,262.0,232.0,210.0,377.0,219.0,104.0,80.0,106.0,177.0
13,266.0,172.0,162.0,282.0,319.0,283.0,182.0,231.0,302.0,309.0,308.0,227.0,281.0,,,125.0,325.0,,79.0,82.0,78.0,52.0,,
14,168.0,156.0,138.0,112.0,122.0,159.0,124.0,147.0,169.0,296.0,165.0,88.0,167.0,357.0,331.0,94.0,94.0,83.0,75.0,94.0,,,83.0,96.0
15,114.0,91.0,,72.0,,,62.0,77.0,99.0,140.0,,258.0,220.0,,,,88.0,70.0,72.0,82.0,,89.0,109.0,98.0
16,,,,84.0,74.0,69.0,77.0,,127.0,193.0,115.0,157.0,273.0,288.0,87.0,80.0,,68.0,,60.0,71.0,158.0,80.0,
17,,135.0,120.0,210.0,143.0,100.0,111.0,121.0,148.0,,,201.0,96.0,46.0,140.0,140.0,140.0,140.0,140.0,140.0,140.0,140.0,140.0,140.0
18,140.0,140.0,140.0,140.0,140.0,140.0,140.0,140.0,140.0,140.0,140.0,140.0,140.0,140.0,140.0,140.0,140.0,140.0,140.0,,140.0,140.0,140.0,140.0
19,140.0,56.0,54.0,144.0,157.0,139.0,140.0,143.0,146.0,155.0,150.0,136.0,72.0,68.0,73.0,,140.0,142.0,66.0,145.0,159.0,154.0,155.0,175.0
20,140.0,140.0,140.0,140.0,140.0,140.0,,140.0,140.0,140.0,140.0,,140.0,140.0,140.0,140.0,140.0,140.0,140.0,140.0,140.0,140.0,140.0,140.0
21,140.0,140.0,140.0,140.0,140.0,140.0,140.0,140.0,140.0,140.0,140.0,140.0,140.0,140.0,140.0,140.0,140.0,140.0,140.0,140.0,140.0,140.0,,140.0
22,140.0,140.0,140.0,140.0,140.0,140.0,140.0,140.0,170.0,140.0,140.0,140.0,102.0,140.0,140.0,140.0,140.0,140.0,140.0,140.0,,140.0,140.0,140.0
23,,191.0,183.0,181.0,180.0,174.0,187.0,191.0,124.0,129.0,123.0,263.0,119.0,164.0,91.0,99.0,109.0,167.0,131.0,177.0,173.0,186.0,141.0,120.0
24,140.0,140.0,140.0,140.0,,140.0,140.0,140.0,140.0,140.0,140.0,140.0,140.0,140.0,242.0,193.0,140.0,140.0,140.0,158.0,140.0,140.0,140.0,140.0
25,140.0,142.0,140.0,140.0,140.0,140.0,140.0,140.0,140.0,140.0,140.0,140.0,,,,140.0,140.0,140.0,140.0,140.0,140.0,140.0,140.0,140.0
26,140.0,138.0,142.0,,135.0,140.0,153.0,181.0,182.0,154.0,159.0,141.0,,52.0,52.0,50.0,70.0,64.0,74.0,88.0,87.0,139.0,140.0,87.0
27,64.0,140.0,140.0,,,,,,,,,140.0,140.0,140.0,,140.0,140.0,140.0,60.0,,,,,
28,,,,,,,,,,,,,,,,,,,,,,,,
"
"
March-2021,00:00:00,01:00:00,02:00:00,03:00:00,04:00:00,05:00:00,06:00:00,07:00:00,08:00:00,09:00:00,10:00:00,11:00:00,12:00:00,13:00:00,14:00:00,15:00:00,16:00:00,17:00:00,18:00:00,19:00:00,20:00:00,21:00:00,22:00:00,23:00:00
1,,,,,,,,,,,,,,,145,147.0,143.0,145.0,148.0,146.0,151,178.0,163.0,176.0
2,132.0,128.0,288.0,156.0,153.0,177.0,176.0,302.0,109.0,261.0,118.0,171.0,154.0,107.0,54,91.0,54.0,54.0,53.0,87.0,54,52.0,63.0,90.0
3,165.0,215.0,135.0,62.0,57.0,56.0,120.0,141.0,154.0,160.0,148.0,131.0,145.0,177.0,152,146.0,139.0,150.0,156.0,143.0,143,143.0,140.0,143.0
4,152.0,143.0,144.0,136.0,143.0,160.0,156.0,100.0,170.0,302.0,146.0,115.0,139.0,174.0,138,85.0,60.0,93.0,94.0,148.0,169,182.0,93.0,277.0
5,279.0,313.0,322.0,317.0,256.0,313.0,306.0,320.0,314.0,313.0,313.0,135.0,102.0,164.0,163,81.0,59.0,75.0,63.0,66.0,102,148.0,141.0,148.0
6,174.0,167.0,154.0,145.0,156.0,155.0,175.0,95.0,304.0,124.0,166.0,149.0,168.0,155.0,159,55.0,54.0,50.0,50.0,60.0,55,99.0,133.0,87.0
7,139.0,146.0,154.0,204.0,174.0,146.0,179.0,128.0,99.0,120.0,127.0,145.0,190.0,52.0,56,53.0,46.0,48.0,49.0,56.0,54,57.0,79.0,72.0
8,71.0,127.0,93.0,136.0,116.0,138.0,135.0,141.0,156.0,163.0,156.0,119.0,110.0,86.0,76,72.0,68.0,70.0,66.0,77.0,72,62.0,91.0,151.0
9,141.0,54.0,53.0,52.0,53.0,54.0,60.0,142.0,167.0,166.0,172.0,173.0,191.0,150.0,85,90.0,67.0,56.0,58.0,94.0,121,85.0,145.0,169.0
10,216.0,226.0,94.0,51.0,53.0,,51.0,83.0,144.0,166.0,173.0,150.0,157.0,54.0,54,49.0,50.0,51.0,55.0,130.0,156,141.0,141.0,162.0
11,176.0,143.0,141.0,90.0,55.0,91.0,127.0,142.0,153.0,164.0,102.0,68.0,51.0,50.0,51,,50.0,51.0,50.0,51.0,53,55.0,48.0,77.0
12,,141.0,140.0,123.0,96.0,53.0,56.0,117.0,146.0,145.0,119.0,85.0,78.0,63.0,67,56.0,63.0,62.0,64.0,69.0,88,158.0,152.0,163.0
13,185.0,155.0,164.0,152.0,149.0,148.0,174.0,182.0,181.0,,,157.0,132.0,148.0,136,136.0,127.0,142.0,148.0,149.0,153,144.0,,159.0
14,147.0,112.0,159.0,142.0,146.0,56.0,97.0,104.0,141.0,147.0,143.0,145.0,135.0,145.0,142,144.0,96.0,62.0,68.0,142.0,147,149.0,165.0,231.0
15,108.0,129.0,166.0,145.0,147.0,58.0,54.0,60.0,92.0,89.0,143.0,143.0,139.0,142.0,130,142.0,78.0,80.0,84.0,87.0,82,154.0,141.0,186.0
16,117.0,115.0,157.0,97.0,62.0,55.0,59.0,140.0,157.0,156.0,112.0,,75.0,76.0,73,105.0,,87.0,76.0,85.0,115,140.0,142.0,242.0
17,185.0,163.0,141.0,,132.0,138.0,146.0,155.0,179.0,165.0,181.0,151.0,144.0,137.0,67,58.0,54.0,75.0,74.0,,147,,,161.0
18,196.0,113.0,140.0,53.0,53.0,54.0,72.0,147.0,149.0,163.0,154.0,57.0,58.0,55.0,58,63.0,161.0,134.0,73.0,111.0,125,93.0,138.0,139.0
19,88.0,58.0,118.0,,182.0,161.0,145.0,,153.0,173.0,163.0,152.0,137.0,134.0,82,83.0,132.0,,,139.0,151,151.0,144.0,148.0
20,145.0,142.0,146.0,147.0,141.0,140.0,139.0,,167.0,172.0,169.0,150.0,148.0,150.0,162,148.0,,160.0,,159.0,151,145.0,149.0,147.0
21,142.0,143.0,142.0,144.0,146.0,146.0,158.0,161.0,164.0,166.0,150.0,190.0,119.0,142.0,138,144.0,142.0,,138.0,136.0,144,140.0,141.0,141.0
22,151.0,159.0,142.0,143.0,147.0,153.0,150.0,149.0,173.0,162.0,139.0,145.0,143.0,145.0,56,,81.0,88.0,76.0,101.0,146,145.0,,137.0
23,141.0,140.0,136.0,140.0,145.0,146.0,161.0,165.0,154.0,146.0,211.0,,,151.0,64,163.0,,,141.0,146.0,146,178.0,365.0,
24,182.0,284.0,128.0,178.0,163.0,,144.0,,175.0,184.0,146.0,178.0,151.0,144.0,145,140.0,139.0,140.0,143.0,147.0,174,154.0,162.0,185.0
25,194.0,153.0,236.0,124.0,105.0,80.0,154.0,173.0,148.0,174.0,142.0,135.0,149.0,119.0,127,90.0,84.0,72.0,63.0,60.0,68,93.0,139.0,143.0
26,139.0,162.0,143.0,156.0,177.0,170.0,163.0,156.0,175.0,147.0,137.0,143.0,172.0,200.0,190,169.0,75.0,88.0,91.0,88.0,84,86.0,166.0,161.0
27,178.0,134.0,126.0,165.0,168.0,181.0,176.0,136.0,175.0,159.0,177.0,,100.0,101.0,145,151.0,147.0,91.0,90.0,84.0,88,103.0,149.0,160.0
28,183.0,315.0,147.0,135.0,149.0,160.0,155.0,145.0,168.0,154.0,148.0,140.0,136.0,135.0,56,56.0,55.0,53.0,50.0,53.0,57,57.0,154.0,152.0
29,139.0,139.0,184.0,168.0,145.0,138.0,138.0,147.0,143.0,134.0,154.0,152.0,167.0,143.0,131,72.0,55.0,46.0,,41.0,51,50.0,51.0,53.0
30,,51.0,52.0,50.0,51.0,88.0,55.0,138.0,137.0,59.0,40.0,14.0,36.0,47.0,38,39.0,33.0,48.0,88.0,108.0,101,63.0,45.0,49.0
31,50.0,51.0,46.0,46.0,50.0,55.0,59.0,54.0,89.0,138.0,64.0,152.0,46.0,44.0,41,402.0,353.0,90.0,50.0,138.0,35,26.0,57.0,
"
"
April-2021,00:00:00,01:00:00,02:00:00,03:00:00,04:00:00,05:00:00,06:00:00,07:00:00,08:00:00,09:00:00,10:00:00,11:00:00,12:00:00,13:00:00,14:00:00,15:00:00,16:00:00,17:00:00,18:00:00,19:00:00,20:00:00,21:00:00,22:00:00,23:00:00
1,16.0,31,9.0,12.0,26,11.0,11,109,27,24.0,28.0,10.0,25.0,286.0,19.0,19.0,51.0,105.0,141.0,53.0,37,44.0,196.0,12
2,35.0,28,13.0,19.0,31,15.0,24,29,19,237.0,23.0,17.0,184.0,91.0,150.0,31.0,43.0,18.0,13.0,23.0,29,22.0,19.0,9
3,10.0,9,7.0,5.0,6,5.0,12,15,9,12.0,14.0,7.0,317.0,132.0,40.0,70.0,79.0,83.0,93.0,103.0,94,136.0,149.0,146
4,97.0,83,58.0,112.0,60,54.0,82,63,121,303.0,69.0,62.0,181.0,140.0,54.0,77.0,99.0,,,,83,240.0,209.0,93
5,118.0,103,72.0,80.0,79,53.0,63,51,72,145.0,82.0,97.0,194.0,106.0,40.0,246.0,83.0,131.0,168.0,36.0,57,282.0,146.0,42
6,66.0,82,77.0,82.0,91,80.0,103,141,186,250.0,330.0,59.0,54.0,52.0,51.0,52.0,53.0,49.0,49.0,54.0,53,52.0,53.0,61
7,53.0,53,52.0,56.0,51,75.0,70,55,55,93.0,72.0,54.0,51.0,52.0,52.0,52.0,49.0,48.0,50.0,52.0,61,66.0,54.0,76
8,51.0,48,49.0,51.0,53,91.0,136,147,144,87.0,70.0,53.0,50.0,50.0,52.0,50.0,50.0,50.0,51.0,55.0,54,55.0,53.0,61
9,52.0,51,51.0,50.0,50,54.0,85,62,92,74.0,60.0,54.0,49.0,49.0,50.0,52.0,52.0,53.0,63.0,139.0,144,140.0,142.0,144
10,139.0,128,94.0,100.0,137,,154,156,177,165.0,156.0,142.0,77.0,54.0,53.0,50.0,50.0,50.0,48.0,51.0,52,56.0,53.0,149
11,85.0,115,144.0,,143,99.0,147,116,143,32.0,147.0,97.0,54.0,144.0,68.0,48.0,47.0,,45.0,46.0,50,51.0,51.0,56
12,131.0,59,68.0,52.0,51,68.0,52,55,95,80.0,143.0,104.0,145.0,90.0,47.0,44.0,45.0,45.0,45.0,47.0,86,53.0,84.0,181
13,160.0,49,49.0,49.0,51,51.0,53,52,142,150.0,89.0,54.0,50.0,,,46.0,43.0,41.0,48.0,49.0,54,116.0,90.0,53
14,55.0,51,56.0,54.0,56,79.0,52,90,60,58.0,155.0,,72.0,,98.0,95.0,96.0,95.0,61.0,48.0,48,48.0,50.0,53
15,53.0,54,54.0,51.0,64,65.0,73,91,76,140.0,142.0,79.0,52.0,62.0,73.0,74.0,48.0,45.0,66.0,54.0,63,56.0,63.0,55
16,142.0,116,54.0,77.0,101,53.0,53,54,67,56.0,52.0,43.0,42.0,34.0,29.0,40.0,37.0,36.0,39.0,49.0,48,50.0,51.0,51
17,49.0,45,43.0,45.0,48,48.0,53,53,97,49.0,47.0,43.0,44.0,38.0,39.0,48.0,,40.0,43.0,47.0,51,52.0,52.0,54
18,54.0,52,52.0,52.0,52,53.0,56,82,141,70.0,,50.0,46.0,46.0,45.0,,45.0,77.0,71.0,62.0,56,144.0,142.0,150
19,73.0,61,58.0,55.0,146,138.0,22,19,20,25.0,25.0,24.0,23.0,26.0,32.0,29.0,36.0,,27.0,32.0,25,26.0,25.0,38
20,46.0,30,,26.0,26,26.0,26,62,28,30.0,20.0,21.0,21.0,24.0,28.0,28.0,35.0,29.0,31.0,38.0,27,28.0,25.0,25
21,25.0,24,24.0,25.0,24,25.0,26,27,35,22.0,26.0,23.0,25.0,24.0,25.0,21.0,25.0,29.0,24.0,25.0,26,26.0,25.0,27
22,26.0,27,30.0,29.0,27,40.0,38,26,27,28.0,24.0,24.0,32.0,29.0,31.0,34.0,25.0,,,25.0,28,52.0,52.0,79
23,54.0,55,140.0,140.0,87,51.0,53,54,89,48.0,43.0,42.0,38.0,39.0,34.0,34.0,35.0,29.0,30.0,39.0,47,45.0,46.0,49
24,47.0,49,49.0,50.0,53,90.0,132,134,140,,,49.0,48.0,44.0,38.0,39.0,29.0,34.0,36.0,36.0,45,55.0,,42
25,,33,36.0,28.0,26,26.0,22,24,53,38.0,35.0,44.0,50.0,64.0,52.0,52.0,46.0,46.0,46.0,46.0,52,69.0,67.0,86
26,40.0,47,60.0,63.0,60,42.0,49,35,43,36.0,45.0,34.0,55.0,52.0,63.0,52.0,58.0,69.0,83.0,46.0,60,,41.0,32
27,41.0,31,45.0,50.0,43,31.0,168,166,152,143.0,143.0,138.0,,136.0,148.0,65.0,59.0,62.0,45.0,40.0,34,35.0,23.0,24
28,37.0,37,31.0,40.0,36,20.0,20,20,248,83.0,43.0,32.0,29.0,26.0,28.0,36.0,35.0,33.0,34.0,38.0,38,50.0,38.0,35
29,29.0,18,25.0,,20,22.0,18,20,46,44.0,46.0,41.0,44.0,36.0,29.0,29.0,33.0,36.0,,45.0,47,48.0,49.0,72
30,63.0,93,53.0,49.0,47,52.0,55,169,159,136.0,57.0,50.0,46.0,24.0,27.0,15.0,36.0,33.0,,46.0,47,47.0,49.0,50
"
"
May-2021,00:00:00,01:00:00,02:00:00,03:00:00,04:00:00,05:00:00,06:00:00,07:00:00,08:00:00,09:00:00,10:00:00,11:00:00,12:00:00,13:00:00,14:00:00,15:00:00,16:00:00,17:00:00,18:00:00,19:00:00,20:00:00,21:00:00,22:00:00,23:00:00
1,52.0,48.0,45.0,43.0,45.0,41.0,42.0,47.0,49.0,58.0,55.0,53.0,54.0,62.0,45.0,39.0,35.0,36.0,37.0,45.0,50.0,53.0,53.0,52.0
2,75.0,53.0,48.0,52.0,51.0,49.0,60.0,54.0,53.0,47.0,74.0,36.0,43.0,35.0,33.0,33.0,31.0,32.0,38.0,45.0,50.0,52.0,59.0,89.0
3,51.0,51.0,29.0,21.0,112.0,50.0,17.0,51.0,40.0,52.0,36.0,80.0,20.0,38.0,41.0,55.0,50.0,50.0,29.0,20.0,16.0,21.0,14.0,12.0
4,23.0,10.0,12.0,41.0,41.0,43.0,45.0,50.0,59.0,51.0,55.0,50.0,53.0,43.0,31.0,31.0,34.0,37.0,41.0,49.0,48.0,53.0,101.0,112.0
5,53.0,48.0,105.0,102.0,102.0,98.0,106.0,107.0,111.0,40.0,40.0,63.0,66.0,66.0,65.0,56.0,70.0,87.0,89.0,100.0,90.0,74.0,72.0,71.0
6,52.0,52.0,51.0,52.0,52.0,53.0,55.0,69.0,89.0,90.0,84.0,62.0,57.0,66.0,61.0,58.0,58.0,58.0,66.0,78.0,,54.0,,
7,,,,,,,,,,,,,,,60.0,55.0,53.0,58.0,70.0,85.0,76.0,68.0,63.0,60.0
8,54.0,52.0,52.0,49.0,50.0,54.0,55.0,79.0,83.0,84.0,67.0,60.0,52.0,54.0,53.0,50.0,62.0,79.0,87.0,91.0,71.0,75.0,72.0,74.0
9,55.0,56.0,55.0,53.0,53.0,52.0,52.0,61.0,72.0,61.0,61.0,56.0,55.0,52.0,54.0,57.0,50.0,,,,,,,
10,,,,,,,,,,,,,,,,,,,,,,,,
11,,,,,,,,,,,,,,,,,,,,63.0,48.0,48.0,42.0,45.0
12,44.0,44.0,42.0,39.0,38.0,39.0,44.0,68.0,60.0,,48.0,44.0,43.0,43.0,40.0,44.0,43.0,40.0,39.0,42.0,47.0,50.0,48.0,38.0
13,38.0,31.0,31.0,32.0,33.0,34.0,36.0,39.0,38.0,46.0,32.0,32.0,32.0,31.0,32.0,34.0,44.0,35.0,40.0,40.0,40.0,45.0,45.0,42.0
14,42.0,43.0,41.0,41.0,42.0,43.0,48.0,64.0,62.0,58.0,58.0,42.0,47.0,51.0,58.0,48.0,46.0,46.0,53.0,49.0,49.0,,53.0,
15,38.0,37.0,36.0,37.0,37.0,36.0,42.0,42.0,49.0,65.0,77.0,150.0,89.0,64.0,79.0,150.0,175.0,143.0,66.0,145.0,112.0,146.0,144.0,148.0
16,145.0,54.0,52.0,62.0,54.0,28.0,26.0,30.0,42.0,41.0,42.0,41.0,49.0,52.0,62.0,40.0,50.0,48.0,44.0,44.0,37.0,42.0,49.0,51.0
17,,57.0,64.0,46.0,45.0,,,35.0,26.0,,20.0,15.0,39.0,44.0,,155.0,34.0,,84.0,45.0,140.0,77.0,54.0,71.0
18,58.0,,47.0,54.0,46.0,41.0,46.0,48.0,51.0,44.0,43.0,43.0,49.0,42.0,41.0,112.0,38.0,92.0,116.0,116.0,115.0,117.0,114.0,110.0
19,110.0,106.0,105.0,104.0,104.0,103.0,104.0,107.0,55.0,40.0,46.0,41.0,,42.0,26.0,20.0,24.0,22.0,25.0,32.0,33.0,44.0,116.0,50.0
20,52.0,69.0,52.0,40.0,42.0,52.0,109.0,140.0,97.0,114.0,46.0,52.0,47.0,,,38.0,40.0,43.0,48.0,46.0,46.0,48.0,48.0,47.0
21,,49.0,48.0,54.0,52.0,53.0,58.0,145.0,158.0,87.0,46.0,44.0,45.0,45.0,47.0,45.0,45.0,45.0,49.0,51.0,52.0,60.0,52.0,53.0
22,52.0,51.0,50.0,49.0,47.0,49.0,50.0,54.0,52.0,44.0,40.0,40.0,40.0,40.0,40.0,44.0,45.0,45.0,48.0,50.0,52.0,52.0,51.0,50.0
23,52.0,49.0,,48.0,,48.0,51.0,52.0,52.0,47.0,42.0,39.0,37.0,41.0,42.0,40.0,38.0,37.0,41.0,44.0,46.0,47.0,70.0,50.0
24,47.0,45.0,47.0,43.0,42.0,42.0,44.0,49.0,,63.0,45.0,38.0,37.0,37.0,40.0,37.0,,36.0,39.0,46.0,47.0,48.0,48.0,53.0
25,47.0,46.0,45.0,46.0,46.0,47.0,47.0,50.0,62.0,,42.0,42.0,38.0,40.0,39.0,36.0,,41.0,45.0,47.0,50.0,50.0,49.0,49.0
26,44.0,41.0,42.0,40.0,40.0,40.0,41.0,45.0,43.0,41.0,35.0,31.0,33.0,34.0,34.0,32.0,32.0,32.0,36.0,40.0,46.0,45.0,46.0,47.0
27,46.0,45.0,44.0,41.0,38.0,38.0,37.0,40.0,39.0,51.0,44.0,37.0,33.0,38.0,32.0,31.0,30.0,29.0,38.0,38.0,39.0,40.0,39.0,37.0
28,38.0,38.0,42.0,40.0,39.0,78.0,,47.0,48.0,44.0,33.0,58.0,32.0,77.0,31.0,87.0,,33.0,38.0,44.0,48.0,49.0,47.0,49.0
29,,47.0,46.0,46.0,45.0,46.0,47.0,75.0,45.0,37.0,30.0,,,,,46.0,96.0,36.0,118.0,42.0,47.0,61.0,46.0,49.0
30,48.0,,46.0,50.0,49.0,80.0,51.0,50.0,43.0,134.0,34.0,54.0,34.0,34.0,34.0,32.0,82.0,62.0,38.0,39.0,43.0,48.0,45.0,46.0
31,46.0,46.0,41.0,42.0,50.0,54.0,53.0,58.0,64.0,44.0,44.0,40.0,48.0,63.0,39.0,35.0,,41.0,40.0,42.0,42.0,96.0,46.0,72.0
"
"
June-2021,00:00:00,01:00:00,02:00:00,03:00:00,04:00:00,05:00:00,06:00:00,07:00:00,08:00:00,09:00:00,10:00:00,11:00:00,12:00:00,13:00:00,14:00:00,15:00:00,16:00:00,17:00:00,18:00:00,19:00:00,20:00:00,21:00:00,22:00:00,23:00:00
1,54.0,51.0,52.0,66.0,49.0,52.0,48.0,64.0,54.0,45.0,34.0,35.0,31.0,26.0,24.0,20.0,26.0,21.0,65.0,27.0,63.0,37.0,31.0,39.0
2,52.0,53.0,55.0,65.0,138.0,143.0,74.0,156.0,149.0,42.0,41.0,57.0,32.0,20.0,21.0,138.0,16.0,31.0,14.0,12.0,24.0,34.0,49.0,47.0
3,48.0,27.0,17.0,20.0,26.0,26.0,31.0,70.0,99.0,46.0,39.0,30.0,24.0,28.0,26.0,11.0,8.0,8.0,9.0,9.0,13.0,19.0,31.0,43.0
4,44.0,46.0,44.0,47.0,40.0,35.0,43.0,47.0,64.0,45.0,19.0,19.0,,10.0,10.0,10.0,10.0,55.0,16.0,,,,,
5,23.0,20.0,34.0,43.0,40.0,40.0,51.0,36.0,53.0,56.0,46.0,41.0,31.0,16.0,26.0,29.0,76.0,40.0,30.0,30.0,27.0,25.0,46.0,46.0
6,42.0,38.0,23.0,21.0,30.0,26.0,27.0,52.0,91.0,76.0,46.0,58.0,51.0,50.0,33.0,28.0,33.0,26.0,27.0,30.0,30.0,40.0,36.0,36.0
7,68.0,32.0,33.0,30.0,29.0,38.0,36.0,37.0,34.0,52.0,45.0,47.0,41.0,38.0,31.0,37.0,40.0,40.0,30.0,27.0,28.0,30.0,28.0,29.0
8,32.0,33.0,38.0,30.0,27.0,29.0,126.0,82.0,126.0,33.0,43.0,68.0,79.0,31.0,59.0,42.0,36.0,49.0,105.0,55.0,56.0,97.0,34.0,43.0
9,45.0,41.0,33.0,59.0,73.0,35.0,38.0,42.0,48.0,38.0,34.0,46.0,47.0,84.0,97.0,32.0,30.0,40.0,32.0,34.0,27.0,32.0,38.0,53.0
10,41.0,,25.0,32.0,29.0,35.0,28.0,86.0,28.0,32.0,30.0,33.0,42.0,32.0,,,26.0,,,,164.0,,129.0,132.0
11,133.0,127.0,127.0,125.0,124.0,124.0,126.0,125.0,,124.0,,32.0,22.0,30.0,40.0,23.0,37.0,36.0,34.0,40.0,25.0,36.0,34.0,26.0
12,37.0,38.0,29.0,29.0,35.0,41.0,44.0,21.0,53.0,36.0,27.0,25.0,30.0,65.0,22.0,107.0,27.0,71.0,70.0,23.0,23.0,30.0,23.0,34.0
13,25.0,26.0,41.0,37.0,41.0,121.0,43.0,49.0,53.0,53.0,,37.0,19.0,23.0,25.0,22.0,26.0,23.0,25.0,19.0,58.0,33.0,,48.0
14,53.0,52.0,48.0,44.0,40.0,44.0,44.0,,,53.0,,,52.0,238.0,45.0,44.0,46.0,44.0,49.0,52.0,52.0,54.0,54.0,54.0
15,53.0,68.0,77.0,,54.0,,53.0,54.0,50.0,47.0,35.0,37.0,19.0,22.0,50.0,40.0,47.0,35.0,32.0,19.0,33.0,46.0,48.0,44.0
16,48.0,45.0,45.0,48.0,59.0,52.0,26.0,39.0,50.0,42.0,37.0,29.0,28.0,20.0,24.0,,,,,,,,,
17,,,,,,,,,,,,,,,,,,,,,,,,
18,,,,,,,,,,,,,,,,,,,,,,,,
19,,,,,,,,,,,,,,46.0,,,,32.0,,,,,,
20,,,,,,,,,,,,,,,,,,,,,,,,
21,,,,,,,,,,,,,,,,,,,,,,,,
22,,,,,,,,,,,,,,,,,,,,,,,,
23,,,,,,,,,,,,,,,,,,,,,,,,
24,,,,,,,,,,,,,,,39.0,,42.0,52.0,56.0,61.0,56.0,67.0,57.0,56.0
25,56.0,50.0,43.0,45.0,44.0,38.0,40.0,48.0,46.0,69.0,57.0,80.0,,68.0,84.0,110.0,104.0,93.0,112.0,123.0,112.0,120.0,114.0,113.0
26,124.0,138.0,106.0,,,,,,,,,,,64.0,83.0,70.0,70.0,,74.0,88.0,94.0,92.0,,
27,60.0,59.0,49.0,46.0,55.0,54.0,52.0,86.0,57.0,65.0,98.0,100.0,101.0,88.0,66.0,101.0,96.0,108.0,47.0,60.0,82.0,103.0,95.0,
28,77.0,91.0,88.0,123.0,134.0,54.0,88.0,142.0,108.0,74.0,46.0,34.0,34.0,33.0,34.0,16.0,15.0,13.0,15.0,23.0,19.0,22.0,33.0,32.0
29,31.0,21.0,21.0,,,,,,,86.0,101.0,82.0,60.0,103.0,87.0,72.0,98.0,85.0,101.0,103.0,72.0,,110.0,107.0
30,110.0,117.0,119.0,102.0,,101.0,107.0,106.0,107.0,,107.0,109.0,53.0,36.0,43.0,16.0,107.0,36.0,,98.0,82.0,103.0,103.0,101.0
"
"
July-2021,00:00:00,01:00:00,02:00:00,03:00:00,04:00:00,05:00:00,06:00:00,07:00:00,08:00:00,09:00:00,10:00:00,11:00:00,12:00:00,13:00:00,14:00:00,15:00:00,16:00:00,17:00:00,18:00:00,19:00:00,20:00:00,21:00:00,22:00:00,23:00:00
1,86.0,43.0,122.0,119.0,120.0,116.0,132.0,135.0,138.0,137.0,140.0,140.0,138.0,139.0,137.0,132.0,112.0,39.0,38.0,55.0,49.0,45.0,47.0,47.0
2,43.0,46.0,81.0,80.0,78.0,76.0,80.0,84.0,78.0,85.0,83.0,82.0,84.0,80.0,31.0,29.0,37.0,34.0,55.0,41.0,41.0,71.0,41.0,42.0
3,44.0,41.0,41.0,42.0,42.0,44.0,45.0,47.0,47.0,35.0,31.0,31.0,32.0,31.0,32.0,31.0,32.0,31.0,38.0,47.0,50.0,51.0,50.0,50.0
4,47.0,46.0,46.0,48.0,50.0,51.0,49.0,50.0,47.0,38.0,50.0,30.0,32.0,30.0,32.0,29.0,29.0,31.0,37.0,42.0,43.0,52.0,51.0,48.0
5,48.0,44.0,44.0,42.0,45.0,47.0,47.0,57.0,50.0,64.0,47.0,89.0,57.0,44.0,39.0,36.0,37.0,38.0,41.0,47.0,48.0,49.0,73.0,50.0
6,77.0,75.0,65.0,85.0,84.0,92.0,101.0,107.0,118.0,136.0,124.0,117.0,109.0,94.0,109.0,109.0,103.0,106.0,40.0,46.0,47.0,49.0,47.0,47.0
7,47.0,46.0,45.0,46.0,42.0,42.0,44.0,47.0,49.0,44.0,45.0,49.0,65.0,37.0,39.0,37.0,65.0,53.0,101.0,59.0,77.0,48.0,52.0,59.0
8,47.0,47.0,47.0,44.0,43.0,41.0,41.0,67.0,74.0,56.0,59.0,100.0,35.0,32.0,29.0,47.0,84.0,47.0,42.0,60.0,45.0,57.0,57.0,80.0
9,66.0,52.0,43.0,45.0,31.0,47.0,69.0,86.0,80.0,85.0,103.0,90.0,44.0,42.0,44.0,41.0,43.0,34.0,38.0,45.0,42.0,41.0,54.0,102.0
10,96.0,49.0,47.0,51.0,52.0,89.0,89.0,104.0,105.0,101.0,85.0,80.0,89.0,109.0,77.0,56.0,93.0,,68.0,82.0,88.0,85.0,88.0,80.0
11,33.0,34.0,23.0,20.0,24.0,48.0,50.0,52.0,50.0,27.0,30.0,19.0,15.0,190.0,40.0,40.0,20.0,35.0,41.0,,27.0,14.0,34.0,16.0
12,,15.0,19.0,20.0,18.0,23.0,31.0,59.0,83.0,35.0,17.0,14.0,44.0,25.0,36.0,25.0,36.0,41.0,45.0,51.0,41.0,32.0,38.0,46.0
13,41.0,43.0,47.0,38.0,38.0,38.0,60.0,56.0,68.0,74.0,36.0,60.0,46.0,46.0,51.0,52.0,44.0,49.0,47.0,47.0,86.0,42.0,44.0,33.0
14,47.0,33.0,37.0,39.0,37.0,27.0,37.0,35.0,,,,,28.0,44.0,18.0,30.0,22.0,18.0,25.0,37.0,42.0,29.0,75.0,36.0
15,,40.0,30.0,32.0,55.0,40.0,,53.0,71.0,,23.0,20.0,30.0,22.0,30.0,30.0,33.0,28.0,54.0,41.0,33.0,47.0,45.0,48.0
16,52.0,44.0,46.0,34.0,38.0,13.0,14.0,13.0,52.0,13.0,35.0,27.0,25.0,23.0,24.0,24.0,39.0,38.0,41.0,48.0,55.0,75.0,84.0,56.0
17,,59.0,31.0,71.0,44.0,32.0,19.0,17.0,20.0,32.0,33.0,84.0,119.0,101.0,78.0,89.0,106.0,106.0,82.0,60.0,116.0,104.0,71.0,100.0
18,44.0,19.0,120.0,128.0,85.0,103.0,51.0,100.0,107.0,110.0,139.0,150.0,140.0,145.0,147.0,145.0,148.0,146.0,148.0,148.0,120.0,60.0,62.0,59.0
19,58.0,54.0,53.0,51.0,50.0,53.0,54.0,,60.0,68.0,61.0,64.0,64.0,56.0,54.0,55.0,53.0,54.0,,52.0,,54.0,54.0,52.0
20,51.0,49.0,49.0,48.0,47.0,,47.0,49.0,50.0,50.0,53.0,55.0,52.0,54.0,53.0,55.0,53.0,52.0,51.0,50.0,52.0,49.0,50.0,52.0
21,51.0,52.0,52.0,51.0,52.0,52.0,51.0,52.0,53.0,57.0,51.0,79.0,96.0,64.0,53.0,56.0,54.0,52.0,50.0,51.0,53.0,52.0,54.0,54.0
22,87.0,57.0,54.0,56.0,53.0,55.0,54.0,56.0,74.0,93.0,75.0,52.0,52.0,89.0,54.0,54.0,55.0,56.0,127.0,97.0,146.0,146.0,67.0,85.0
23,93.0,134.0,,53.0,54.0,55.0,55.0,53.0,,51.0,54.0,54.0,55.0,57.0,113.0,65.0,74.0,68.0,59.0,65.0,58.0,80.0,67.0,52.0
24,54.0,53.0,54.0,52.0,51.0,50.0,51.0,53.0,52.0,50.0,44.0,53.0,66.0,101.0,105.0,110.0,116.0,115.0,113.0,114.0,117.0,103.0,103.0,56.0
25,61.0,50.0,50.0,50.0,,51.0,49.0,54.0,52.0,52.0,52.0,51.0,52.0,56.0,64.0,100.0,103.0,102.0,100.0,101.0,101.0,75.0,74.0,61.0
26,52.0,52.0,53.0,53.0,49.0,52.0,55.0,52.0,54.0,53.0,51.0,48.0,,86.0,105.0,109.0,115.0,113.0,119.0,110.0,104.0,101.0,71.0,58.0
27,49.0,49.0,48.0,47.0,46.0,46.0,,48.0,46.0,32.0,38.0,42.0,,58.0,79.0,98.0,105.0,103.0,104.0,101.0,91.0,,50.0,48.0
28,50.0,49.0,49.0,,49.0,48.0,86.0,113.0,123.0,132.0,141.0,148.0,150.0,43.0,,,,,,,,,,
29,,,,,,,,,,,,,,,,,,,,,,,,
30,,,,,,,,,,,,,,,,,,,,,,,,
31,,,,,,,,,,,,,,,,,,45.0,45.0,46.0,49.0,47.0,47.0,49.0
"
"
August-2021,00:00:00,01:00:00,02:00:00,03:00:00,04:00:00,05:00:00,06:00:00,07:00:00,08:00:00,09:00:00,10:00:00,11:00:00,12:00:00,13:00:00,14:00:00,15:00:00,16:00:00,17:00:00,18:00:00,19:00:00,20:00:00,21:00:00,22:00:00,23:00:00
1,48.0,48.0,48.0,46.0,47.0,47.0,39.0,47.0,47.0,43.0,49.0,48.0,41.0,43.0,42.0,49.0,44.0,51.0,46.0,45.0,45.0,69.0,47.0,49.0
2,48.0,46.0,43.0,43.0,43.0,42.0,42.0,45.0,45.0,43.0,36.0,33.0,38.0,69.0,67.0,49.0,36.0,61.0,40.0,53.0,62.0,62.0,43.0,36.0
3,42.0,42.0,39.0,43.0,41.0,41.0,37.0,40.0,35.0,39.0,37.0,39.0,33.0,30.0,42.0,29.0,40.0,40.0,60.0,51.0,50.0,62.0,49.0,47.0
4,46.0,44.0,41.0,42.0,45.0,47.0,48.0,50.0,48.0,65.0,47.0,50.0,64.0,42.0,36.0,40.0,48.0,50.0,49.0,46.0,51.0,51.0,51.0,51.0
5,50.0,49.0,51.0,49.0,50.0,47.0,50.0,45.0,50.0,53.0,49.0,45.0,37.0,42.0,42.0,36.0,43.0,47.0,50.0,51.0,54.0,52.0,52.0,52.0
6,52.0,52.0,52.0,52.0,52.0,53.0,55.0,52.0,52.0,52.0,44.0,35.0,7.0,28.0,28.0,33.0,38.0,39.0,42.0,50.0,39.0,28.0,43.0,28.0
7,28.0,28.0,28.0,28.0,28.0,28.0,28.0,28.0,28.0,28.0,28.0,28.0,28.0,28.0,28.0,28.0,28.0,28.0,28.0,28.0,28.0,28.0,28.0,28.0
8,28.0,28.0,28.0,28.0,28.0,28.0,28.0,28.0,28.0,28.0,28.0,28.0,28.0,45.0,57.0,52.0,28.0,28.0,28.0,28.0,40.0,31.0,28.0,28.0
9,62.0,51.0,50.0,62.0,52.0,45.0,45.0,47.0,39.0,43.0,51.0,55.0,61.0,66.0,61.0,50.0,66.0,46.0,57.0,73.0,49.0,53.0,59.0,48.0
10,45.0,28.0,28.0,28.0,28.0,28.0,27.0,28.0,27.0,27.0,27.0,28.0,28.0,28.0,28.0,28.0,28.0,28.0,28.0,28.0,28.0,27.0,28.0,28.0
11,27.0,28.0,28.0,27.0,27.0,27.0,28.0,28.0,28.0,28.0,28.0,28.0,28.0,28.0,28.0,28.0,28.0,28.0,28.0,28.0,28.0,28.0,28.0,27.0
12,28.0,34.0,49.0,56.0,28.0,59.0,70.0,28.0,28.0,28.0,48.0,43.0,27.0,28.0,80.0,51.0,52.0,53.0,66.0,,57.0,44.0,68.0,76.0
13,46.0,40.0,48.0,43.0,38.0,29.0,36.0,53.0,66.0,71.0,459.0,31.0,74.0,52.0,46.0,51.0,53.0,42.0,64.0,62.0,99.0,106.0,98.0,66.0
14,42.0,28.0,28.0,28.0,28.0,28.0,28.0,28.0,47.0,90.0,109.0,48.0,28.0,36.0,57.0,28.0,28.0,29.0,40.0,33.0,28.0,28.0,30.0,43.0
15,30.0,32.0,51.0,27.0,27.0,27.0,,27.0,49.0,76.0,47.0,43.0,,,108.0,54.0,72.0,64.0,83.0,84.0,99.0,107.0,107.0,103.0
16,92.0,85.0,86.0,,33.0,45.0,45.0,54.0,76.0,114.0,109.0,102.0,105.0,110.0,108.0,105.0,108.0,106.0,113.0,63.0,56.0,102.0,69.0,34.0
17,31.0,42.0,27.0,,41.0,49.0,57.0,58.0,38.0,27.0,66.0,36.0,,69.0,76.0,29.0,29.0,34.0,32.0,28.0,40.0,64.0,47.0,42.0
18,44.0,28.0,27.0,27.0,27.0,20.0,12.0,41.0,28.0,102.0,88.0,51.0,45.0,115.0,60.0,82.0,101.0,105.0,116.0,38.0,40.0,77.0,74.0,27.0
19,27.0,36.0,21.0,31.0,21.0,15.0,23.0,24.0,24.0,37.0,35.0,30.0,34.0,35.0,31.0,38.0,30.0,29.0,39.0,33.0,36.0,39.0,44.0,49.0
20,76.0,55.0,49.0,34.0,60.0,58.0,37.0,48.0,33.0,45.0,42.0,31.0,34.0,56.0,37.0,27.0,77.0,36.0,,36.0,36.0,29.0,44.0,32.0
21,43.0,23.0,,40.0,29.0,34.0,31.0,24.0,,,,,,,,,,,,,,,,
22,,,,,,,,,,,,,,,,,,,,,,,,
23,,,,,,,,,,,,,,,,,,,,,,,,
24,,,,,,,,,,,,,,,,,,,,,,,,
25,,,,,,,,,,,,11.0,101.0,311.0,,111.0,22.0,21.0,18.0,26.0,46.0,58.0,45.0,41.0
26,43.0,28.0,34.0,50.0,46.0,24.0,15.0,26.0,33.0,36.0,65.0,62.0,54.0,,39.0,42.0,70.0,56.0,45.0,45.0,46.0,,,
27,,,,,,,,,,,,,,,,,,,,,,,,
28,,,,,,,,,,,,,,,,,,,,,,,,
29,,,,,,,,,,,,,,,,,,,,,,,,
30,,,,,,,,,,,,37.0,49.0,223.0,104.0,105.0,136.0,118.0,136.0,122.0,175.0,124.0,147.0,186.0
31,111.0,100.0,157.0,73.0,27.0,31.0,30.0,23.0,30.0,32.0,17.0,32.0,37.0,29.0,24.0,24.0,26.0,51.0,40.0,40.0,35.0,31.0,35.0,34.0
"
"
September-2021,00:00:00,01:00:00,02:00:00,03:00:00,04:00:00,05:00:00,06:00:00,07:00:00,08:00:00,09:00:00,10:00:00,11:00:00,12:00:00,13:00:00,14:00:00,15:00:00,16:00:00,17:00:00,18:00:00,19:00:00,20:00:00,21:00:00,22:00:00,23:00:00
1,34.0,32.0,42.0,38.0,36.0,45.0,44.0,46.0,66,60,38.0,76.0,103.0,49.0,40.0,73.0,36,49.0,50.0,45.0,100.0,64.0,22.0,49.0
2,39.0,21.0,22.0,78.0,44.0,57.0,61.0,38.0,51,54,32.0,47.0,45.0,34.0,118.0,39.0,44,57.0,53.0,29.0,38.0,30.0,29.0,34.0
3,36.0,17.0,16.0,27.0,23.0,20.0,88.0,43.0,110,52,54.0,64.0,50.0,,101.0,101.0,111,111.0,111.0,109.0,108.0,128.0,141.0,135.0
4,127.0,112.0,111.0,108.0,108.0,107.0,123.0,119.0,122,128,111.0,105.0,56.0,40.0,29.0,38.0,56,52.0,102.0,106.0,97.0,126.0,126.0,120.0
5,118.0,109.0,89.0,85.0,72.0,55.0,52.0,65.0,64,93,85.0,116.0,41.0,75.0,42.0,57.0,56,66.0,70.0,75.0,71.0,75.0,73.0,90.0
6,94.0,93.0,108.0,50.0,59.0,65.0,69.0,99.0,95,68,74.0,107.0,131.0,158.0,156.0,149.0,162,168.0,171.0,166.0,169.0,167.0,168.0,173.0
7,181.0,182.0,172.0,161.0,167.0,165.0,164.0,179.0,166,182,154.0,256.0,165.0,146.0,95.0,47.0,94,79.0,82.0,115.0,124.0,121.0,107.0,109.0
8,112.0,84.0,54.0,52.0,44.0,36.0,51.0,72.0,58,109,,28.0,57.0,62.0,51.0,47.0,38,40.0,41.0,105.0,107.0,110.0,152.0,174.0
9,174.0,172.0,171.0,166.0,163.0,162.0,165.0,154.0,145,152,155.0,40.0,28.0,26.0,22.0,32.0,35,35.0,34.0,34.0,32.0,32.0,50.0,64.0
10,43.0,39.0,32.0,,,,,,28,19,25.0,32.0,31.0,37.0,48.0,31.0,35,32.0,36.0,42.0,33.0,29.0,29.0,94.0
11,,33.0,31.0,29.0,20.0,25.0,44.0,36.0,32,34,26.0,25.0,30.0,23.0,30.0,31.0,27,25.0,25.0,24.0,,,40.0,40.0
12,41.0,12.0,10.0,10.0,16.0,13.0,13.0,12.0,13,10,14.0,17.0,21.0,32.0,,19.0,42,25.0,15.0,17.0,20.0,22.0,15.0,21.0
13,17.0,27.0,31.0,,,,,,42,35,42.0,55.0,41.0,37.0,25.0,35.0,36,,35.0,28.0,36.0,45.0,,58.0
14,71.0,66.0,68.0,73.0,70.0,72.0,65.0,71.0,81,80,86.0,88.0,96.0,82.0,89.0,77.0,79,88.0,84.0,66.0,,47.0,63.0,57.0
15,,44.0,42.0,55.0,54.0,61.0,61.0,55.0,58,67,71.0,82.0,80.0,87.0,34.0,50.0,60,55.0,68.0,,,75.0,75.0,71.0
16,80.0,79.0,68.0,66.0,55.0,56.0,56.0,52.0,50,53,71.0,68.0,73.0,68.0,68.0,70.0,75,65.0,72.0,60.0,50.0,68.0,69.0,
17,,46.0,36.0,38.0,39.0,38.0,35.0,44.0,39,60,55.0,66.0,73.0,50.0,54.0,56.0,60,53.0,60.0,66.0,55.0,,49.0,38.0
18,36.0,31.0,32.0,29.0,41.0,42.0,31.0,52.0,58,60,65.0,59.0,62.0,49.0,41.0,,43,41.0,34.0,34.0,41.0,39.0,30.0,26.0
19,,20.0,15.0,13.0,22.0,19.0,16.0,23.0,20,26,30.0,,29.0,27.0,,25.0,25,35.0,30.0,22.0,32.0,60.0,53.0,68.0
20,53.0,45.0,25.0,24.0,18.0,18.0,18.0,38.0,32,78,102.0,102.0,84.0,52.0,48.0,38.0,62,69.0,49.0,50.0,62.0,39.0,74.0,78.0
21,59.0,64.0,64.0,58.0,52.0,60.0,56.0,56.0,96,88,,74.0,39.0,23.0,49.0,35.0,38,74.0,74.0,83.0,106.0,108.0,100.0,105.0
22,106.0,32.0,52.0,48.0,38.0,34.0,42.0,50.0,62,50,51.0,65.0,66.0,84.0,100.0,86.0,81,62.0,61.0,65.0,44.0,102.0,105.0,104.0
23,78.0,69.0,67.0,55.0,,68.0,63.0,76.0,98,105,241.0,82.0,101.0,58.0,47.0,44.0,45,48.0,48.0,63.0,62.0,56.0,70.0,65.0
24,70.0,,53.0,54.0,72.0,59.0,59.0,104.0,109,82,82.0,56.0,,56.0,32.0,49.0,36,34.0,43.0,51.0,47.0,57.0,63.0,62.0
25,64.0,87.0,,64.0,105.0,66.0,75.0,88.0,78,113,90.0,56.0,68.0,77.0,41.0,46.0,47,41.0,47.0,59.0,38.0,51.0,71.0,
26,72.0,54.0,51.0,39.0,34.0,61.0,76.0,58.0,62,53,197.0,63.0,76.0,68.0,58.0,52.0,90,84.0,68.0,,159.0,179.0,98.0,73.0
27,69.0,77.0,67.0,49.0,47.0,50.0,82.0,61.0,23,33,110.0,118.0,62.0,53.0,57.0,42.0,107,63.0,64.0,65.0,51.0,66.0,,
28,,58.0,111.0,,98.0,57.0,65.0,70.0,70,78,58.0,,51.0,59.0,26.0,26.0,18,26.0,14.0,19.0,42.0,22.0,,11.0
29,18.0,17.0,15.0,16.0,13.0,11.0,9.0,12.0,8,8,11.0,11.0,22.0,22.0,20.0,21.0,17,26.0,,38.0,36.0,,59.0,
30,57.0,38.0,31.0,26.0,29.0,43.0,29.0,32.0,27,39,52.0,45.0,50.0,30.0,47.0,27.0,37,46.0,,,,52.0,84.0,69.0
"
"
October-2021,00:00:00,01:00:00,02:00:00,03:00:00,04:00:00,05:00:00,06:00:00,07:00:00,08:00:00,09:00:00,10:00:00,11:00:00,12:00:00,13:00:00,14:00:00,15:00:00,16:00:00,17:00:00,18:00:00,19:00:00,20:00:00,21:00:00,22:00:00,23:00:00
1,86.0,61.0,65.0,87.0,66.0,64.0,77.0,89.0,110.0,101.0,76.0,78.0,86.0,61.0,53.0,43.0,48.0,41.0,,58.0,58.0,86.0,83.0,102.0
2,,115.0,109.0,101.0,84.0,88.0,112.0,115.0,96.0,154.0,101.0,111.0,109.0,85.0,90.0,85.0,92.0,92.0,81.0,85.0,80.0,98.0,103.0,103.0
3,108.0,105.0,105.0,104.0,94.0,95.0,81.0,132.0,95.0,109.0,104.0,,,,82.0,55.0,64.0,59.0,61.0,,100.0,74.0,86.0,70.0
4,89.0,83.0,,,87.0,99.0,,104.0,104.0,145.0,115.0,134.0,129.0,107.0,118.0,89.0,93.0,75.0,85.0,97.0,78.0,71.0,81.0,90.0
5,79.0,62.0,56.0,64.0,65.0,64.0,90.0,96.0,103.0,115.0,97.0,93.0,94.0,95.0,91.0,77.0,68.0,61.0,61.0,71.0,91.0,,95.0,329.0
6,214.0,230.0,162.0,136.0,114.0,91.0,115.0,109.0,111.0,115.0,147.0,102.0,122.0,95.0,83.0,60.0,65.0,78.0,105.0,70.0,66.0,72.0,58.0,35.0
7,60.0,141.0,76.0,65.0,72.0,79.0,91.0,98.0,190.0,106.0,34.0,47.0,22.0,71.0,53.0,26.0,52.0,50.0,68.0,100.0,111.0,88.0,76.0,173.0
8,108.0,89.0,79.0,34.0,35.0,87.0,65.0,91.0,82.0,58.0,72.0,,,51.0,43.0,32.0,,34.0,34.0,42.0,81.0,,41.0,51.0
9,60.0,52.0,45.0,39.0,50.0,46.0,61.0,48.0,77.0,65.0,53.0,53.0,30.0,34.0,31.0,19.0,25.0,24.0,21.0,24.0,,,,
10,,,,,,,,,54.0,44.0,,27.0,22.0,,10.0,,,,,29.0,92.0,107.0,,72.0
11,83.0,72.0,32.0,33.0,47.0,39.0,41.0,,46.0,66.0,42.0,,,,,30.0,,,54.0,94.0,78.0,,76.0,92.0
12,210.0,,98.0,62.0,100.0,108.0,112.0,133.0,222.0,,168.0,51.0,,29.0,18.0,38.0,35.0,36.0,,,62.0,,58.0,92.0
13,62.0,22.0,16.0,11.0,,,,41.0,66.0,41.0,78.0,65.0,500.0,143.0,,,106.0,149.0,134.0,173.0,194.0,212.0,,307.0
14,284.0,302.0,321.0,323.0,299.0,283.0,180.0,210.0,240.0,274.0,,,192.0,,149.0,144.0,171.0,,133.0,145.0,233.0,253.0,307.0,339.0
15,315.0,258.0,323.0,301.0,231.0,301.0,327.0,249.0,314.0,316.0,292.0,288.0,306.0,271.0,,500.0,300.0,149.0,124.0,71.0,100.0,167.0,196.0,218.0
16,251.0,221.0,207.0,187.0,178.0,127.0,175.0,221.0,255.0,263.0,227.0,285.0,296.0,265.0,260.0,261.0,240.0,233.0,285.0,196.0,196.0,236.0,272.0,304.0
17,307.0,,302.0,308.0,314.0,309.0,305.0,,282.0,307.0,288.0,296.0,310.0,383.0,308.0,102.0,153.0,155.0,177.0,224.0,197.0,166.0,,135.0
18,,112.0,106.0,109.0,90.0,82.0,90.0,88.0,105.0,109.0,113.0,114.0,115.0,110.0,107.0,111.0,110.0,115.0,110.0,,105.0,110.0,104.0,90.0
19,,104.0,97.0,101.0,129.0,185.0,172.0,,228.0,238.0,205.0,,109.0,107.0,92.0,93.0,85.0,74.0,78.0,79.0,83.0,86.0,104.0,103.0
20,110.0,107.0,104.0,113.0,107.0,115.0,112.0,,155.0,233.0,114.0,161.0,151.0,,118.0,104.0,,99.0,110.0,,116.0,113.0,119.0,117.0
21,127.0,,,127.0,,115.0,129.0,151.0,231.0,310.0,237.0,260.0,258.0,302.0,434.0,280.0,245.0,239.0,67.0,105.0,184.0,224.0,250.0,305.0
22,298.0,259.0,313.0,309.0,285.0,317.0,255.0,323.0,323.0,341.0,,307.0,301.0,258.0,286.0,391.0,94.0,416.0,344.0,45.0,218.0,301.0,181.0,249.0
23,267.0,229.0,201.0,173.0,,209.0,156.0,166.0,163.0,202.0,138.0,,283.0,500.0,98.0,84.0,46.0,79.0,102.0,99.0,91.0,112.0,126.0,147.0
24,137.0,106.0,105.0,87.0,72.0,82.0,98.0,81.0,,172.0,106.0,,101.0,283.0,48.0,41.0,53.0,51.0,64.0,75.0,52.0,58.0,66.0,80.0
25,89.0,64.0,75.0,74.0,52.0,66.0,,76.0,100.0,110.0,121.0,89.0,110.0,141.0,124.0,77.0,65.0,,72.0,98.0,,,,125.0
26,174.0,,,184.0,139.0,121.0,199.0,304.0,,320.0,175.0,185.0,204.0,,139.0,130.0,130.0,184.0,174.0,122.0,,184.0,212.0,272.0
27,,304.0,278.0,270.0,,211.0,150.0,204.0,291.0,,180.0,234.0,286.0,194.0,190.0,163.0,136.0,127.0,176.0,129.0,114.0,138.0,,216.0
28,253.0,264.0,280.0,263.0,161.0,213.0,,197.0,165.0,307.0,,244.0,316.0,271.0,151.0,167.0,197.0,265.0,302.0,186.0,133.0,187.0,185.0,
29,300.0,165.0,168.0,168.0,131.0,122.0,132.0,124.0,237.0,309.0,268.0,,,250.0,,,167.0,157.0,239.0,215.0,,,231.0,280.0
30,301.0,256.0,243.0,174.0,149.0,138.0,155.0,193.0,218.0,224.0,252.0,231.0,252.0,,,227.0,239.0,217.0,,,196.0,,,286.0
31,283.0,305.0,305.0,211.0,158.0,200.0,267.0,235.0,,288.0,,,,197.0,244.0,239.0,239.0,248.0,,,,222.0,227.0,260.0
"
"
November-2021,00:00:00,01:00:00,02:00:00,03:00:00,04:00:00,05:00:00,06:00:00,07:00:00,08:00:00,09:00:00,10:00:00,11:00:00,12:00:00,13:00:00,14:00:00,15:00:00,16:00:00,17:00:00,18:00:00,19:00:00,20:00:00,21:00:00,22:00:00,23:00:00
1,307.0,234.0,333,325.0,284.0,304.0,305.0,298.0,330.0,333.0,305.0,314.0,318.0,317.0,309.0,287.0,262.0,254.0,298.0,299.0,322.0,308.0,248.0,320.0
2,366.0,323.0,327,335.0,304.0,315.0,322.0,300.0,336.0,342.0,300.0,279.0,309.0,302.0,300.0,271.0,266.0,316.0,322.0,205.0,127.0,185.0,235.0,250.0
3,320.0,321.0,342,370.0,207.0,237.0,267.0,225.0,297.0,317.0,308.0,311.0,304.0,296.0,282.0,195.0,267.0,439.0,490.0,106.0,,200.0,284.0,337.0
4,332.0,294.0,291,261.0,140.0,174.0,162.0,141.0,190.0,191.0,269.0,270.0,350.0,415.0,500.0,125.0,413.0,239.0,196.0,78.0,,202.0,276.0,331.0
5,410.0,255.0,304,315.0,319.0,353.0,336.0,269.0,315.0,407.0,183.0,305.0,476.0,415.0,42.0,229.0,458.0,39.0,122.0,191.0,157.0,236.0,249.0,149.0
6,136.0,108.0,101,69.0,50.0,47.0,63.0,147.0,116.0,123.0,,310.0,194.0,332.0,475.0,382.0,81.0,111.0,162.0,174.0,133.0,216.0,240.0,187.0
7,144.0,150.0,124,106.0,143.0,103.0,104.0,83.0,107.0,108.0,105.0,113.0,145.0,152.0,250.0,130.0,129.0,156.0,137.0,175.0,162.0,192.0,301.0,310.0
8,,278.0,298,250.0,183.0,190.0,241.0,181.0,276.0,304.0,278.0,219.0,292.0,237.0,165.0,300.0,483.0,500.0,206.0,85.0,94.0,132.0,166.0,238.0
9,,300.0,322,225.0,303.0,290.0,326.0,216.0,148.0,341.0,254.0,,304.0,313.0,250.0,,216.0,185.0,500.0,86.0,192.0,229.0,305.0,325.0
10,323.0,324.0,287,,186.0,110.0,,169.0,,400.0,105.0,304.0,303.0,247.0,227.0,,,183.0,266.0,313.0,229.0,301.0,318.0,324.0
11,309.0,323.0,300,363.0,320.0,216.0,247.0,151.0,129.0,198.0,110.0,290.0,303.0,325.0,197.0,232.0,317.0,131.0,292.0,236.0,295.0,245.0,334.0,355.0
12,303.0,319.0,311,312.0,313.0,,254.0,285.0,305.0,319.0,272.0,302.0,240.0,240.0,229.0,198.0,236.0,274.0,267.0,422.0,352.0,229.0,303.0,322.0
13,343.0,314.0,299,213.0,307.0,307.0,376.0,303.0,108.0,309.0,287.0,320.0,303.0,321.0,500.0,305.0,210.0,222.0,94.0,108.0,,296.0,314.0,329.0
14,307.0,274.0,320,319.0,294.0,281.0,,272.0,306.0,356.0,212.0,304.0,305.0,314.0,326.0,465.0,339.0,334.0,150.0,96.0,,248.0,308.0,320.0
15,262.0,311.0,307,262.0,304.0,333.0,303.0,314.0,326.0,327.0,300.0,310.0,419.0,165.0,187.0,104.0,155.0,209.0,308.0,338.0,245.0,317.0,,315.0
16,,351.0,334,337.0,,316.0,320.0,333.0,232.0,351.0,321.0,305.0,500.0,500.0,180.0,201.0,60.0,236.0,122.0,106.0,158.0,144.0,313.0,287.0
17,,139.0,122,192.0,,,,,,,,,,128.0,103.0,60.0,75.0,102.0,,279.0,288.0,91.0,,122.0
18,44.0,43.0,66,33.0,61.0,87.0,49.0,42.0,278.0,148.0,116.0,44.0,112.0,442.0,142.0,31.0,83.0,,54.0,71.0,,103.0,158.0,155.0
19,,94.0,100,106.0,102.0,138.0,224.0,105.0,105.0,183.0,,153.0,130.0,,350.0,,50.0,,,477.0,,,,
20,,,441,,117.0,367.0,102.0,159.0,,,,,,,,28.0,43.0,37.0,79.0,89.0,97.0,147.0,174.0,141.0
21,135.0,174.0,134,109.0,105.0,70.0,45.0,41.0,33.0,50.0,50.0,26.0,,114.0,43.0,110.0,73.0,,49.0,37.0,26.0,25.0,71.0,43.0
22,36.0,16.0,16,55.0,429.0,37.0,33.0,56.0,48.0,,173.0,112.0,102.0,98.0,77.0,71.0,55.0,112.0,76.0,71.0,,92.0,94.0,83.0
23,89.0,123.0,84,73.0,87.0,68.0,37.0,134.0,101.0,110.0,282.0,112.0,112.0,270.0,81.0,59.0,62.0,58.0,92.0,102.0,110.0,119.0,163.0,89.0
24,101.0,82.0,61,72.0,69.0,117.0,101.0,112.0,157.0,,229.0,236.0,417.0,119.0,184.0,153.0,165.0,187.0,182.0,169.0,140.0,141.0,202.0,209.0
25,198.0,,251,145.0,224.0,,201.0,162.0,174.0,164.0,301.0,191.0,101.0,76.0,,214.0,198.0,384.0,122.0,209.0,92.0,87.0,115.0,156.0
26,312.0,323.0,254,,224.0,119.0,127.0,173.0,126.0,247.0,165.0,138.0,258.0,,122.0,50.0,435.0,341.0,142.0,135.0,145.0,131.0,158.0,111.0
27,80.0,302.0,231,199.0,197.0,162.0,,190.0,143.0,156.0,291.0,144.0,,199.0,265.0,206.0,202.0,147.0,242.0,,73.0,154.0,186.0,130.0
28,139.0,159.0,154,167.0,145.0,113.0,161.0,249.0,182.0,139.0,165.0,151.0,282.0,,139.0,113.0,140.0,,145.0,263.0,145.0,94.0,167.0,145.0
29,148.0,151.0,119,115.0,119.0,112.0,117.0,123.0,156.0,224.0,302.0,259.0,211.0,214.0,161.0,162.0,160.0,137.0,142.0,185.0,,130.0,171.0,
30,149.0,184.0,125,155.0,232.0,109.0,141.0,186.0,161.0,269.0,220.0,225.0,266.0,318.0,,251.0,237.0,,282.0,,196.0,418.0,259.0,198.0
"
"
December-2021,00:00:00,01:00:00,02:00:00,03:00:00,04:00:00,05:00:00,06:00:00,07:00:00,08:00:00,09:00:00,10:00:00,11:00:00,12:00:00,13:00:00,14:00:00,15:00:00,16:00:00,17:00:00,18:00:00,19:00:00,20:00:00,21:00:00,22:00:00,23:00:00
1,181.0,258.0,163.0,151.0,160.0,94.0,83.0,123.0,123.0,148.0,259.0,150.0,114.0,143.0,110.0,75.0,95.0,130.0,90.0,86.0,79.0,78.0,94.0,62.0
2,47.0,32.0,36.0,35.0,38.0,35.0,35.0,42.0,36.0,52.0,86.0,57.0,92.0,133.0,125.0,138.0,135.0,110.0,49.0,,,,,
3,,,,,,,,,,,,,137.0,102.0,111.0,110.0,106.0,137.0,130.0,128.0,125.0,136.0,113.0,150.0
4,220.0,218.0,144.0,130.0,141.0,227.0,191.0,267.0,199.0,233.0,270.0,253.0,114.0,116.0,500.0,159.0,35.0,57.0,49.0,69.0,59.0,125.0,107.0,64.0
5,121.0,345.0,310.0,121.0,142.0,230.0,308.0,179.0,213.0,249.0,223.0,316.0,224.0,450.0,275.0,91.0,73.0,57.0,53.0,123.0,46.0,47.0,110.0,105.0
6,116.0,141.0,115.0,114.0,144.0,114.0,104.0,139.0,129.0,150.0,183.0,138.0,130.0,252.0,161.0,109.0,98.0,105.0,122.0,177.0,163.0,175.0,187.0,214.0
7,217.0,252.0,178.0,186.0,184.0,62.0,103.0,146.0,163.0,192.0,184.0,300.0,417.0,174.0,118.0,300.0,479.0,253.0,157.0,179.0,152.0,175.0,223.0,146.0
8,150.0,408.0,169.0,154.0,283.0,160.0,149.0,169.0,156.0,184.0,232.0,176.0,186.0,235.0,209.0,181.0,184.0,191.0,182.0,142.0,137.0,164.0,240.0,174.0
9,141.0,405.0,173.0,157.0,192.0,107.0,52.0,206.0,165.0,233.0,306.0,305.0,307.0,300.0,226.0,308.0,244.0,255.0,211.0,186.0,232.0,258.0,289.0,314.0
10,312.0,199.0,,178.0,161.0,175.0,198.0,168.0,164.0,198.0,189.0,176.0,172.0,,164.0,147.0,130.0,160.0,119.0,,161.0,174.0,167.0,185.0
11,189.0,289.0,156.0,276.0,183.0,196.0,177.0,156.0,320.0,287.0,156.0,112.0,257.0,,,129.0,177.0,178.0,194.0,141.0,163.0,,234.0,252.0
12,264.0,194.0,195.0,217.0,182.0,168.0,214.0,173.0,148.0,,178.0,156.0,172.0,,,146.0,137.0,141.0,149.0,118.0,,126.0,132.0,
13,170.0,155.0,151.0,159.0,159.0,160.0,,168.0,210.0,,242.0,180.0,170.0,197.0,154.0,182.0,,144.0,121.0,,117.0,145.0,139.0,127.0
14,173.0,246.0,165.0,142.0,208.0,177.0,140.0,173.0,198.0,141.0,145.0,183.0,203.0,205.0,158.0,132.0,132.0,140.0,144.0,140.0,121.0,113.0,110.0,123.0
15,151.0,,183.0,144.0,141.0,155.0,161.0,171.0,198.0,187.0,229.0,226.0,200.0,328.0,224.0,,146.0,197.0,123.0,116.0,90.0,145.0,164.0,156.0
16,159.0,321.0,421.0,254.0,177.0,218.0,162.0,131.0,,,401.0,489.0,169.0,172.0,191.0,148.0,175.0,199.0,128.0,152.0,,154.0,164.0,205.0
17,195.0,204.0,100.0,132.0,224.0,215.0,167.0,178.0,236.0,289.0,202.0,,181.0,178.0,175.0,154.0,165.0,164.0,167.0,162.0,169.0,181.0,169.0,239.0
18,176.0,310.0,296.0,,301.0,280.0,308.0,310.0,311.0,305.0,315.0,306.0,290.0,,281.0,243.0,234.0,187.0,193.0,217.0,147.0,182.0,308.0,270.0
19,305.0,208.0,,189.0,163.0,147.0,172.0,,165.0,287.0,252.0,,133.0,,172.0,167.0,149.0,132.0,194.0,178.0,110.0,,176.0,101.0
20,201.0,153.0,178.0,170.0,163.0,374.0,438.0,145.0,93.0,166.0,177.0,,302.0,307.0,,283.0,178.0,204.0,,,156.0,,,
21,251.0,222.0,,,272.0,,301.0,300.0,305.0,302.0,,,,,,,,,,,,,,
22,,,,,,,,,,,,,306.0,,,,188.0,201.0,131.0,172.0,162.0,165.0,292.0,236.0
23,179.0,230.0,308.0,,309.0,316.0,237.0,254.0,323.0,,,319.0,302.0,,247.0,201.0,301.0,235.0,245.0,313.0,260.0,165.0,177.0,220.0
24,166.0,300.0,219.0,157.0,234.0,215.0,172.0,196.0,190.0,255.0,305.0,,121.0,166.0,161.0,103.0,106.0,82.0,79.0,74.0,130.0,111.0,,
25,,112.0,89.0,97.0,156.0,96.0,100.0,145.0,158.0,168.0,237.0,191.0,125.0,137.0,158.0,108.0,139.0,,274.0,125.0,170.0,,163.0,179.0
26,191.0,210.0,224.0,218.0,218.0,,222.0,194.0,,267.0,261.0,,222.0,209.0,308.0,112.0,,248.0,268.0,332.0,165.0,189.0,200.0,258.0
27,241.0,265.0,293.0,276.0,317.0,263.0,245.0,306.0,321.0,,296.0,302.0,218.0,246.0,321.0,302.0,167.0,306.0,304.0,238.0,143.0,147.0,162.0,324.0
28,208.0,211.0,329.0,187.0,193.0,295.0,226.0,273.0,313.0,283.0,,318.0,218.0,271.0,161.0,302.0,319.0,305.0,155.0,98.0,105.0,123.0,113.0,108.0
29,,50.0,41.0,46.0,35.0,39.0,39.0,60.0,,68.0,103.0,104.0,59.0,,40.0,30.0,35.0,57.0,57.0,72.0,,101.0,95.0,106.0
30,101.0,108.0,100.0,75.0,16.0,13.0,10.0,16.0,13.0,38.0,,,34.0,,,,,,,,,,,
31,,,,,,,,,,,,,,,,,,,,,,,,
"
"
Year,2022
January-2022,00:00:00,01:00:00,02:00:00,03:00:00,04:00:00,05:00:00,06:00:00,07:00:00,08:00:00,09:00:00,10:00:00,11:00:00,12:00:00,13:00:00,14:00:00,15:00:00,16:00:00,17:00:00,18:00:00,19:00:00,20:00:00,21:00:00,22:00:00,23:00:00
1,,,,,,,,,,,,,,,,,,,,,,,,
2,,,,,,,,,,,,,,,,,,168.0,139.0,113.0,123.0,126.0,162.0,173.0
3,151.0,190.0,212.0,171.0,127.0,129.0,113.0,130.0,160.0,301.0,206.0,137.0,134.0,174.0,108.0,105.0,,,,,,,,
4,,,,,,,,,,,,,174.0,196.0,189.0,161.0,167.0,134.0,123.0,179.0,202.0,127.0,163.0,187.0
5,164.0,,235.0,150.0,,243.0,,,,,,,,,157.0,,123.0,136.0,156.0,,162.0,,,158.0
6,227.0,,124.0,112.0,184.0,122.0,132.0,122.0,155.0,,169.0,126.0,,,,94.0,84.0,,110.0,,,,178.0,247.0
7,,183.0,,,,167.0,152.0,133.0,206.0,290.0,194.0,272.0,,,212.0,144.0,172.0,,152.0,98.0,122.0,106.0,92.0,119.0
8,94.0,,63.0,67.0,108.0,101.0,118.0,125.0,131.0,265.0,172.0,182.0,135.0,101.0,235.0,122.0,108.0,121.0,104.0,132.0,109.0,,331.0,262.0
9,117.0,118.0,124.0,88.0,80.0,104.0,159.0,115.0,107.0,,,106.0,,105.0,92.0,97.0,87.0,76.0,74.0,,78.0,73.0,58.0,82.0
10,76.0,62.0,64.0,60.0,59.0,53.0,85.0,99.0,126.0,127.0,94.0,115.0,125.0,114.0,,102.0,108.0,86.0,93.0,89.0,66.0,80.0,95.0,100.0
11,110.0,174.0,173.0,144.0,160.0,,187.0,169.0,158.0,238.0,,148.0,130.0,147.0,155.0,,172.0,,124.0,114.0,113.0,115.0,134.0,170.0
12,,120.0,114.0,92.0,98.0,102.0,138.0,117.0,109.0,149.0,148.0,159.0,158.0,124.0,123.0,109.0,120.0,106.0,119.0,113.0,112.0,121.0,128.0,203.0
13,188.0,150.0,,142.0,170.0,180.0,188.0,,303.0,320.0,166.0,138.0,,168.0,110.0,149.0,134.0,118.0,126.0,172.0,134.0,119.0,159.0,315.0
14,236.0,114.0,,202.0,195.0,212.0,,233.0,214.0,248.0,120.0,106.0,74.0,55.0,56.0,,42.0,58.0,84.0,,76.0,105.0,100.0,87.0
15,72.0,68.0,51.0,43.0,40.0,28.0,23.0,27.0,37.0,,51.0,63.0,,58.0,61.0,,119.0,126.0,141.0,,127.0,,,
16,,,,,,,,,,,,,,,,,,,,,,,,
17,,,,,,,,,,,,,140.0,,,,265.0,,169.0,177.0,164.0,174.0,193.0,301.0
18,286.0,134.0,211.0,203.0,206.0,198.0,163.0,229.0,240.0,272.0,257.0,193.0,222.0,195.0,124.0,121.0,171.0,171.0,115.0,120.0,120.0,128.0,143.0,183.0
19,,184.0,233.0,243.0,170.0,164.0,133.0,138.0,248.0,332.0,223.0,210.0,300.0,213.0,162.0,129.0,180.0,165.0,150.0,168.0,114.0,139.0,159.0,194.0
20,200.0,188.0,185.0,222.0,230.0,147.0,241.0,199.0,200.0,185.0,121.0,139.0,116.0,167.0,178.0,81.0,79.0,,,,,,,
21,,,,,,,,,,,,,,,,,,,,,,,,
22,,,,,,,,,,,,,110.0,102.0,111.0,106.0,103.0,94.0,87.0,75.0,86.0,104.0,116.0,107.0
23,109.0,107.0,109.0,101.0,116.0,254.0,304.0,422.0,441.0,443.0,500.0,500.0,500.0,500.0,500.0,500.0,465.0,446.0,417.0,421.0,404.0,358.0,331.0,322.0
24,320.0,310.0,322.0,322.0,310.0,315.0,316.0,315.0,318.0,329.0,347.0,338.0,325.0,324.0,320.0,312.0,311.0,302.0,301.0,279.0,276.0,303.0,310.0,308.0
25,279.0,265.0,251.0,243.0,226.0,227.0,240.0,239.0,256.0,302.0,310.0,319.0,317.0,317.0,317.0,311.0,303.0,307.0,320.0,309.0,307.0,311.0,318.0,320.0
26,317.0,316.0,315.0,309.0,288.0,279.0,303.0,262.0,245.0,297.0,292.0,306.0,304.0,301.0,276.0,242.0,244.0,239.0,225.0,192.0,164.0,159.0,193.0,223.0
27,235.0,199.0,208.0,208.0,208.0,208.0,193.0,171.0,176.0,202.0,214.0,233.0,246.0,245.0,215.0,202.0,206.0,203.0,125.0,138.0,152.0,123.0,132.0,155.0
28,224.0,239.0,217.0,168.0,144.0,134.0,123.0,136.0,140.0,171.0,164.0,,64.0,112.0,115.0,109.0,109.0,110.0,124.0,113.0,110.0,113.0,114.0,109.0
29,112.0,114.0,113.0,113.0,113.0,113.0,115.0,115.0,112.0,114.0,116.0,114.0,114.0,113.0,116.0,109.0,115.0,112.0,121.0,116.0,113.0,114.0,113.0,114.0
30,111.0,113.0,115.0,112.0,111.0,113.0,109.0,116.0,115.0,112.0,116.0,118.0,113.0,112.0,109.0,113.0,114.0,113.0,114.0,120.0,112.0,114.0,111.0,116.0
31,119.0,120.0,111.0,115.0,111.0,111.0,115.0,113.0,112.0,109.0,110.0,113.0,110.0,111.0,113.0,118.0,113.0,110.0,111.0,,,114.0,112.0,113.0
"
"
February-2022,00:00:00,01:00:00,02:00:00,03:00:00,04:00:00,05:00:00,06:00:00,07:00:00,08:00:00,09:00:00,10:00:00,11:00:00,12:00:00,13:00:00,14:00:00,15:00:00,16:00:00,17:00:00,18:00:00,19:00:00,20:00:00,21:00:00,22:00:00,23:00:00
1,114.0,111.0,117.0,112.0,116.0,111.0,109.0,112.0,111.0,114.0,109.0,112.0,113.0,116.0,110.0,114.0,111.0,120.0,111.0,115.0,115.0,112.0,115.0,119.0
2,114.0,110.0,111.0,116.0,113.0,116.0,116.0,118.0,114.0,118.0,117.0,112.0,111.0,116.0,114.0,115.0,113.0,116.0,114.0,110.0,113.0,117.0,111.0,113.0
3,113.0,112.0,112.0,114.0,114.0,113.0,115.0,112.0,114.0,119.0,113.0,111.0,116.0,114.0,112.0,113.0,116.0,113.0,116.0,116.0,112.0,113.0,113.0,115.0
4,111.0,112.0,111.0,117.0,113.0,114.0,112.0,111.0,115.0,112.0,116.0,116.0,110.0,110.0,114.0,111.0,114.0,116.0,109.0,110.0,120.0,117.0,118.0,117.0
5,115.0,117.0,114.0,112.0,113.0,113.0,115.0,114.0,117.0,111.0,115.0,113.0,114.0,114.0,111.0,117.0,110.0,118.0,116.0,110.0,115.0,108.0,111.0,114.0
6,109.0,117.0,112.0,109.0,113.0,110.0,113.0,113.0,110.0,113.0,112.0,116.0,116.0,113.0,112.0,110.0,116.0,112.0,115.0,112.0,115.0,109.0,111.0,114.0
7,106.0,116.0,110.0,113.0,116.0,111.0,114.0,116.0,112.0,109.0,116.0,118.0,118.0,112.0,116.0,112.0,112.0,113.0,116.0,114.0,114.0,113.0,113.0,115.0
8,110.0,118.0,114.0,110.0,115.0,116.0,115.0,112.0,112.0,115.0,115.0,112.0,114.0,118.0,112.0,116.0,110.0,117.0,116.0,118.0,113.0,110.0,114.0,113.0
9,113.0,113.0,117.0,113.0,110.0,113.0,116.0,111.0,115.0,114.0,115.0,113.0,116.0,113.0,113.0,110.0,115.0,115.0,113.0,112.0,113.0,116.0,113.0,113.0
10,109.0,113.0,110.0,113.0,114.0,110.0,112.0,116.0,110.0,116.0,114.0,113.0,123.0,117.0,110.0,109.0,,,125.0,,286.0,291.0,304.0,295.0
11,,217.0,249.0,159.0,124.0,120.0,125.0,123.0,,152.0,,145.0,,,126.0,,,190.0,146.0,157.0,128.0,208.0,188.0,
12,,,183.0,222.0,243.0,167.0,194.0,180.0,,,157.0,156.0,192.0,148.0,,,,,,,108.0,,,136.0
13,117.0,,172.0,218.0,192.0,194.0,278.0,,289.0,263.0,,,,,,,126.0,,,,,110.0,106.0,108.0
14,,123.0,103.0,,104.0,98.0,115.0,145.0,167.0,,231.0,,161.0,133.0,,,110.0,,,,,,251.0,
15,,212.0,,,,,,,,,,,,,,,,,,,,,,
16,,,,,,,,,,,,,,,,,,,,,,,,
17,,,,,,,,,,,,,102.0,87.0,75.0,48.0,52.0,50.0,57.0,74.0,84.0,80.0,92.0,93.0
18,107.0,102.0,113.0,153.0,142.0,185.0,218.0,113.0,217.0,253.0,181.0,107.0,109.0,102.0,103.0,98.0,78.0,75.0,68.0,103.0,106.0,91.0,114.0,149.0
19,140.0,201.0,200.0,144.0,185.0,241.0,191.0,167.0,,305.0,219.0,260.0,130.0,153.0,124.0,117.0,128.0,109.0,129.0,133.0,108.0,111.0,126.0,113.0
20,112.0,102.0,102.0,96.0,108.0,94.0,118.0,115.0,198.0,209.0,184.0,168.0,128.0,122.0,124.0,155.0,129.0,125.0,162.0,114.0,111.0,120.0,118.0,143.0
21,,136.0,,251.0,,149.0,142.0,242.0,,274.0,303.0,225.0,192.0,180.0,144.0,143.0,132.0,140.0,153.0,151.0,124.0,131.0,182.0,214.0
22,195.0,199.0,109.0,126.0,122.0,179.0,189.0,158.0,209.0,305.0,308.0,303.0,239.0,155.0,160.0,134.0,109.0,101.0,113.0,105.0,90.0,88.0,,
23,,,,,,,,,,,,,,,,,,,,,,119.0,,
24,,,,,,,,,,,,,172.0,167.0,176.0,149.0,184.0,242.0,220.0,209.0,194.0,204.0,195.0,198.0
25,197.0,213.0,284.0,273.0,240.0,294.0,288.0,276.0,340.0,315.0,294.0,319.0,324.0,304.0,281.0,239.0,300.0,264.0,271.0,270.0,246.0,261.0,302.0,282.0
26,293.0,294.0,230.0,236.0,246.0,210.0,206.0,221.0,252.0,278.0,296.0,274.0,246.0,225.0,207.0,170.0,159.0,150.0,197.0,186.0,141.0,165.0,209.0,198.0
27,247.0,232.0,177.0,207.0,206.0,138.0,161.0,156.0,173.0,194.0,171.0,191.0,161.0,158.0,120.0,129.0,167.0,162.0,200.0,190.0,155.0,191.0,210.0,230.0
28,185.0,219.0,235.0,277.0,231.0,176.0,171.0,208.0,274.0,295.0,312.0,307.0,303.0,308.0,307.0,300.0,282.0,300.0,279.0,251.0,222.0,169.0,186.0,200.0
"
"
March-2022,00:00:00,01:00:00,02:00:00,03:00:00,04:00:00,05:00:00,06:00:00,07:00:00,08:00:00,09:00:00,10:00:00,11:00:00,12:00:00,13:00:00,14:00:00,15:00:00,16:00:00,17:00:00,18:00:00,19:00:00,20:00:00,21:00:00,22:00:00,23:00:00
1,226.0,214.0,182.0,195.0,184.0,164.0,181.0,207.0,238.0,286.0,311.0,288.0,305.0,287.0,208.0,181.0,215.0,207.0,221.0,195.0,117.0,156.0,143.0,219.0
2,258.0,279.0,287.0,275.0,263.0,202.0,271.0,264.0,290.0,317.0,278.0,319.0,297.0,294.0,303.0,297.0,245.0,244.0,226.0,209.0,206.0,220.0,202.0,266.0
3,314.0,337.0,315.0,328.0,313.0,212.0,167.0,300.0,313.0,315.0,293.0,300.0,252.0,270.0,181.0,221.0,249.0,242.0,270.0,241.0,202.0,200.0,214.0,300.0
4,302.0,246.0,305.0,309.0,294.0,241.0,288.0,222.0,307.0,239.0,246.0,,173.0,172.0,160.0,185.0,137.0,140.0,171.0,173.0,173.0,126.0,183.0,221.0
5,187.0,290.0,259.0,225.0,269.0,191.0,274.0,315.0,250.0,305.0,235.0,245.0,215.0,197.0,131.0,134.0,147.0,137.0,135.0,119.0,123.0,136.0,233.0,187.0
6,261.0,290.0,252.0,304.0,264.0,156.0,164.0,185.0,306.0,248.0,238.0,246.0,199.0,163.0,173.0,133.0,134.0,137.0,126.0,120.0,120.0,123.0,138.0,145.0
7,199.0,246.0,176.0,220.0,107.0,118.0,111.0,128.0,163.0,262.0,199.0,206.0,161.0,193.0,162.0,123.0,126.0,124.0,158.0,183.0,153.0,135.0,143.0,150.0
8,187.0,119.0,135.0,108.0,113.0,102.0,108.0,132.0,173.0,182.0,221.0,258.0,263.0,300.0,235.0,227.0,190.0,223.0,279.0,262.0,219.0,188.0,246.0,229.0
9,284.0,281.0,230.0,227.0,107.0,109.0,199.0,219.0,285.0,312.0,288.0,303.0,275.0,194.0,163.0,178.0,144.0,150.0,157.0,169.0,171.0,148.0,237.0,208.0
10,246.0,191.0,241.0,291.0,231.0,122.0,126.0,,,,,,,,,,,,,,,,,
11,,,,,,,,,,,,215.0,,,,,,,,,,141.0,213.0,211.0
12,129.0,179.0,126.0,142.0,117.0,116.0,106.0,109.0,340.0,168.0,120.0,130.0,151.0,126.0,132.0,110.0,105.0,108.0,108.0,122.0,102.0,103.0,109.0,110.0
13,104.0,106.0,103.0,99.0,162.0,229.0,104.0,263.0,306.0,312.0,300.0,167.0,180.0,175.0,151.0,132.0,131.0,129.0,122.0,126.0,111.0,119.0,159.0,249.0
14,301.0,205.0,305.0,195.0,258.0,235.0,199.0,286.0,308.0,309.0,260.0,243.0,182.0,205.0,229.0,150.0,122.0,152.0,137.0,119.0,125.0,164.0,202.0,301.0
15,306.0,242.0,345.0,190.0,130.0,189.0,230.0,378.0,186.0,326.0,,323.0,317.0,318.0,314.0,298.0,327.0,307.0,309.0,309.0,289.0,261.0,300.0,301.0
16,296.0,277.0,112.0,121.0,131.0,130.0,158.0,149.0,245.0,320.0,190.0,310.0,187.0,198.0,242.0,257.0,313.0,471.0,414.0,333.0,323.0,322.0,318.0,318.0
17,337.0,341.0,139.0,190.0,161.0,111.0,102.0,111.0,182.0,263.0,204.0,303.0,322.0,167.0,222.0,231.0,252.0,272.0,283.0,244.0,217.0,238.0,285.0,178.0
18,157.0,191.0,146.0,134.0,112.0,125.0,174.0,201.0,176.0,202.0,154.0,312.0,310.0,165.0,149.0,137.0,156.0,196.0,143.0,121.0,117.0,118.0,109.0,99.0
19,100.0,81.0,74.0,65.0,69.0,72.0,90.0,77.0,,110.0,123.0,120.0,93.0,97.0,100.0,84.0,86.0,81.0,76.0,87.0,,71.0,86.0,92.0
20,89.0,102.0,70.0,86.0,68.0,80.0,81.0,70.0,92.0,88.0,69.0,83.0,81.0,79.0,94.0,92.0,89.0,88.0,94.0,105.0,115.0,137.0,146.0,199.0
21,206.0,156.0,136.0,115.0,112.0,125.0,144.0,159.0,217.0,,227.0,302.0,217.0,219.0,198.0,154.0,118.0,120.0,124.0,162.0,152.0,149.0,167.0,197.0
22,202.0,211.0,146.0,120.0,123.0,106.0,102.0,115.0,144.0,148.0,164.0,165.0,166.0,254.0,197.0,190.0,198.0,216.0,238.0,249.0,225.0,250.0,230.0,283.0
23,311.0,107.0,127.0,111.0,106.0,102.0,122.0,236.0,156.0,240.0,238.0,212.0,199.0,186.0,200.0,272.0,275.0,246.0,286.0,276.0,287.0,308.0,312.0,311.0
24,333.0,309.0,226.0,262.0,199.0,176.0,137.0,151.0,185.0,232.0,242.0,300.0,301.0,291.0,254.0,206.0,154.0,140.0,119.0,116.0,111.0,109.0,115.0,108.0
25,102.0,82.0,72.0,73.0,87.0,92.0,99.0,101.0,116.0,211.0,153.0,154.0,153.0,86.0,101.0,102.0,117.0,114.0,86.0,78.0,84.0,89.0,79.0,90.0
26,87.0,70.0,84.0,78.0,74.0,70.0,70.0,88.0,104.0,116.0,115.0,134.0,116.0,113.0,108.0,105.0,93.0,106.0,100.0,99.0,97.0,94.0,82.0,77.0
27,81.0,81.0,72.0,72.0,85.0,88.0,89.0,100.0,113.0,110.0,120.0,109.0,111.0,108.0,108.0,107.0,111.0,102.0,93.0,104.0,105.0,108.0,111.0,97.0
28,103.0,102.0,87.0,85.0,71.0,81.0,96.0,102.0,103.0,105.0,121.0,143.0,119.0,129.0,,147.0,137.0,120.0,111.0,109.0,108.0,110.0,110.0,114.0
29,104.0,105.0,108.0,102.0,97.0,108.0,110.0,162.0,212.0,174.0,164.0,180.0,173.0,128.0,123.0,130.0,165.0,136.0,136.0,125.0,103.0,105.0,108.0,115.0
30,110.0,109.0,108.0,100.0,102.0,113.0,125.0,147.0,221.0,262.0,236.0,276.0,199.0,,135.0,112.0,103.0,89.0,89.0,80.0,87.0,94.0,94.0,107.0
31,101.0,105.0,97.0,104.0,116.0,108.0,135.0,111.0,139.0,101.0,,121.0,86.0,82.0,79.0,86.0,216.0,149.0,113.0,118.0,169.0,147.0,171.0,180.0
"
"
April-2022,00:00:00,01:00:00,02:00:00,03:00:00,04:00:00,05:00:00,06:00:00,07:00:00,08:00:00,09:00:00,10:00:00,11:00:00,12:00:00,13:00:00,14:00:00,15:00:00,16:00:00,17:00:00,18:00:00,19:00:00,20:00:00,21:00:00,22:00:00,23:00:00
1,201.0,207.0,199.0,204.0,198.0,185.0,223.0,180.0,203.0,254.0,293.0,318.0,313.0,313.0,323.0,318.0,318.0,312.0,308.0,305.0,305.0,293.0,282.0,262.0
2,262.0,251.0,223.0,227.0,220.0,198.0,203.0,225.0,249.0,255.0,258.0,256.0,252.0,244.0,212.0,204.0,201.0,209.0,201.0,193.0,184.0,191.0,194.0,173.0
3,181.0,156.0,165.0,152.0,156.0,162.0,161.0,201.0,232.0,286.0,244.0,228.0,215.0,227.0,240.0,237.0,215.0,192.0,182.0,143.0,132.0,133.0,137.0,120.0
4,113.0,118.0,115.0,103.0,109.0,112.0,104.0,101.0,126.0,142.0,166.0,233.0,223.0,208.0,173.0,142.0,121.0,108.0,105.0,112.0,102.0,100.0,95.0,89.0
5,,85.0,81.0,75.0,76.0,75.0,73.0,68.0,88.0,95.0,105.0,112.0,108.0,106.0,110.0,102.0,94.0,85.0,86.0,83.0,97.0,93.0,93.0,78.0
6,,83.0,66.0,63.0,68.0,81.0,62.0,72.0,79.0,95.0,102.0,96.0,97.0,106.0,93.0,76.0,88.0,100.0,109.0,100.0,109.0,113.0,118.0,109.0
7,112.0,85.0,76.0,60.0,57.0,57.0,64.0,77.0,95.0,117.0,168.0,156.0,111.0,,104.0,89.0,92.0,76.0,79.0,75.0,74.0,68.0,65.0,53.0
8,56.0,57.0,67.0,68.0,65.0,66.0,67.0,81.0,97.0,96.0,89.0,107.0,112.0,97.0,96.0,76.0,68.0,70.0,70.0,70.0,70.0,66.0,67.0,63.0
9,60.0,68.0,65.0,65.0,64.0,53.0,57.0,72.0,101.0,111.0,100.0,111.0,93.0,86.0,75.0,75.0,93.0,94.0,161.0,166.0,108.0,93.0,93.0,92.0
10,82.0,78.0,71.0,176.0,184.0,122.0,99.0,146.0,97.0,67.0,71.0,64.0,114.0,142.0,151.0,97.0,133.0,244.0,89.0,79.0,61.0,67.0,69.0,62.0
11,50.0,45.0,53.0,43.0,50.0,50.0,50.0,57.0,,,,,,,,,,,,,,,,
12,,,,,,,66.0,81.0,94.0,106.0,83.0,70.0,44.0,37.0,46.0,46.0,58.0,35.0,93.0,103.0,90.0,94.0,76.0,
13,86.0,,,132.0,,,80.0,98.0,,,,56.0,94.0,81.0,79.0,80.0,68.0,64.0,69.0,92.0,79.0,99.0,103.0,99.0
14,205.0,,107.0,139.0,98.0,110.0,143.0,90.0,131.0,81.0,177.0,173.0,99.0,156.0,78.0,100.0,78.0,72.0,95.0,95.0,238.0,94.0,89.0,149.0
15,141.0,104.0,175.0,68.0,70.0,88.0,62.0,72.0,161.0,87.0,120.0,,,,,,,,,,,,,
16,,,,,,,,,,,,,,,,,,,,,,,,
17,,,,,,,,,,,,,,,,,,,,,,,,
18,,,,,,,,,,,,,,,,,,,69.0,71.0,87.0,94.0,103.0,103.0
19,109.0,106.0,90.0,84.0,87.0,79.0,75.0,98.0,105.0,84.0,93.0,103.0,89.0,67.0,75.0,86.0,72.0,86.0,87.0,83.0,94.0,96.0,107.0,
20,112.0,107.0,94.0,99.0,87.0,,98.0,,141.0,201.0,100.0,119.0,100.0,99.0,101.0,106.0,116.0,130.0,134.0,134.0,120.0,108.0,120.0,149.0
21,162.0,153.0,196.0,,221.0,261.0,320.0,325.0,300.0,,304.0,308.0,279.0,249.0,123.0,202.0,264.0,248.0,238.0,191.0,,134.0,187.0,179.0
22,146.0,109.0,212.0,102.0,105.0,183.0,100.0,122.0,113.0,203.0,216.0,168.0,,195.0,143.0,130.0,206.0,162.0,163.0,180.0,215.0,204.0,173.0,145.0
23,113.0,128.0,147.0,142.0,106.0,86.0,113.0,139.0,200.0,180.0,169.0,190.0,243.0,168.0,252.0,82.0,107.0,113.0,95.0,102.0,95.0,97.0,99.0,103.0
24,97.0,82.0,,79.0,74.0,75.0,95.0,,76.0,95.0,85.0,89.0,100.0,112.0,79.0,54.0,69.0,65.0,65.0,68.0,84.0,97.0,95.0,102.0
25,108.0,108.0,90.0,82.0,85.0,89.0,97.0,90.0,124.0,205.0,149.0,175.0,120.0,120.0,116.0,123.0,114.0,125.0,141.0,120.0,119.0,112.0,113.0,100.0
26,105.0,,83.0,81.0,,101.0,96.0,79.0,,82.0,105.0,80.0,,,,,,,,,,,,
27,,,,,,,,,,,,,,,,,,,,,,,,
28,,,,,,,,,,,,,134.0,123.0,95.0,85.0,86.0,106.0,133.0,181.0,113.0,87.0,78.0,73.0
29,64.0,84.0,60.0,66.0,63.0,54.0,65.0,59.0,59.0,71.0,,84.0,72.0,88.0,79.0,73.0,84.0,90.0,97.0,103.0,104.0,93.0,100.0,103.0
30,90.0,82.0,76.0,79.0,85.0,88.0,78.0,92.0,101.0,78.0,92.0,110.0,68.0,73.0,56.0,51.0,54.0,53.0,51.0,53.0,58.0,56.0,56.0,58.0
"
"
May-2022,00:00:00,01:00:00,02:00:00,03:00:00,04:00:00,05:00:00,06:00:00,07:00:00,08:00:00,09:00:00,10:00:00,11:00:00,12:00:00,13:00:00,14:00:00,15:00:00,16:00:00,17:00:00,18:00:00,19:00:00,20:00:00,21:00:00,22:00:00,23:00:00
1,49.0,57.0,38.0,37.0,47.0,38.0,36.0,47.0,81.0,53.0,69.0,59.0,53.0,43.0,36.0,84.0,106.0,114.0,117.0,118.0,112.0,101.0,59.0,57.0
2,57.0,46.0,41.0,52.0,43.0,40.0,39.0,47.0,40.0,64.0,72.0,85.0,55.0,65.0,66.0,61.0,72.0,63.0,50.0,59.0,64.0,97.0,88.0,96.0
3,92.0,85.0,84.0,77.0,57.0,50.0,,70.0,67.0,71.0,79.0,74.0,75.0,64.0,72.0,75.0,61.0,47.0,53.0,62.0,65.0,66.0,77.0,82.0
4,85.0,93.0,90.0,89.0,84.0,80.0,82.0,102.0,107.0,134.0,111.0,118.0,104.0,97.0,79.0,80.0,70.0,77.0,80.0,95.0,101.0,96.0,100.0,101.0
5,102.0,97.0,84.0,87.0,94.0,96.0,89.0,100.0,102.0,118.0,110.0,109.0,99.0,90.0,91.0,83.0,87.0,103.0,88.0,106.0,118.0,116.0,118.0,112.0
6,100.0,113.0,100.0,111.0,116.0,108.0,120.0,133.0,156.0,193.0,191.0,207.0,189.0,183.0,178.0,156.0,164.0,150.0,40.0,39.0,39.0,39.0,39.0,39.0
7,34.0,35.0,35.0,35.0,35.0,34.0,35.0,35.0,35.0,36.0,34.0,35.0,35.0,34.0,35.0,34.0,35.0,35.0,34.0,35.0,34.0,34.0,35.0,35.0
8,35.0,35.0,35.0,35.0,34.0,35.0,34.0,35.0,35.0,34.0,34.0,34.0,36.0,36.0,35.0,36.0,35.0,34.0,34.0,34.0,35.0,36.0,35.0,35.0
9,34.0,35.0,34.0,35.0,34.0,34.0,36.0,,,,,,,,,,,,,,,,,
10,,,,,,,,,,,,,,,,,,,,,,,,
11,,,,,,,,,,,,,,,,,,,35.0,34.0,36.0,,35.0,36.0
12,35.0,34.0,34.0,35.0,34.0,,35.0,33.0,34.0,34.0,,35.0,34.0,,,110.0,114.0,109.0,110.0,111.0,108.0,120.0,116.0,114.0
13,113.0,116.0,114.0,114.0,108.0,115.0,115.0,112.0,113.0,106.0,111.0,117.0,110.0,110.0,111.0,112.0,,111.0,118.0,110.0,109.0,112.0,111.0,112.0
14,113.0,109.0,116.0,115.0,115.0,115.0,113.0,112.0,108.0,,108.0,116.0,112.0,117.0,108.0,116.0,111.0,115.0,116.0,115.0,116.0,116.0,114.0,116.0
15,117.0,111.0,115.0,115.0,116.0,110.0,121.0,114.0,112.0,115.0,112.0,114.0,115.0,115.0,115.0,113.0,117.0,110.0,117.0,110.0,113.0,111.0,114.0,121.0
16,111.0,111.0,114.0,114.0,113.0,111.0,113.0,115.0,113.0,,115.0,,,,,,,,,,,,,
17,,,,,,,,,,,,,,,,,,,,,,,,
18,,,,,,,,,,,,,,,,,,,,,,,,
19,,,,,,,,,,,,,,,,,,,,,,,,
20,,,,,,,,,,,,,,,,,,,,,,,,
21,,,,,,,,,,,,,114.0,118.0,116.0,114.0,115.0,103.0,115.0,114.0,114.0,116.0,,110.0
22,112.0,110.0,109.0,114.0,112.0,111.0,112.0,113.0,110.0,115.0,113.0,108.0,114.0,119.0,112.0,113.0,,107.0,114.0,115.0,112.0,118.0,112.0,113.0
23,113.0,116.0,113.0,116.0,110.0,104.0,115.0,112.0,109.0,107.0,115.0,118.0,115.0,105.0,114.0,116.0,109.0,115.0,109.0,113.0,118.0,113.0,107.0,112.0
24,116.0,112.0,114.0,113.0,117.0,115.0,118.0,115.0,126.0,112.0,120.0,110.0,,112.0,111.0,108.0,48.0,,101.0,,,,,
25,,,,,,,,,,,,,,,74.0,,98.0,,74.0,,,,103.0,
26,82.0,,78.0,68.0,65.0,65.0,67.0,91.0,78.0,75.0,110.0,107.0,85.0,88.0,81.0,72.0,78.0,76.0,80.0,80.0,82.0,95.0,82.0,83.0
27,67.0,71.0,61.0,58.0,59.0,58.0,62.0,66.0,64.0,82.0,100.0,83.0,67.0,73.0,112.0,112.0,85.0,75.0,80.0,80.0,77.0,80.0,80.0,72.0
28,57.0,63.0,56.0,47.0,58.0,52.0,45.0,52.0,45.0,51.0,56.0,51.0,53.0,89.0,82.0,82.0,83.0,56.0,63.0,62.0,62.0,102.0,72.0,64.0
29,70.0,77.0,57.0,,46.0,40.0,41.0,51.0,40.0,58.0,71.0,77.0,73.0,87.0,94.0,77.0,73.0,70.0,76.0,70.0,,79.0,86.0,73.0
30,68.0,64.0,57.0,48.0,56.0,47.0,56.0,66.0,70.0,74.0,79.0,85.0,76.0,81.0,84.0,70.0,66.0,73.0,79.0,90.0,86.0,94.0,83.0,74.0
31,70.0,66.0,60.0,59.0,58.0,48.0,56.0,68.0,65.0,70.0,91.0,128.0,131.0,108.0,106.0,94.0,83.0,74.0,80.0,82.0,79.0,77.0,76.0,69.0
"
"
June-2022,00:00:00,01:00:00,02:00:00,03:00:00,04:00:00,05:00:00,06:00:00,07:00:00,08:00:00,09:00:00,10:00:00,11:00:00,12:00:00,13:00:00,14:00:00,15:00:00,16:00:00,17:00:00,18:00:00,19:00:00,20:00:00,21:00:00,22:00:00,23:00:00
1,73.0,72.0,61.0,62.0,59.0,48.0,52.0,71.0,71.0,69.0,82.0,76.0,79.0,85.0,91.0,81.0,88.0,90.0,84.0,88.0,89.0,86.0,89.0,80.0
2,79.0,85.0,77.0,71.0,71.0,74.0,82.0,87.0,86.0,108.0,97.0,104.0,95.0,94.0,90.0,89.0,90.0,93.0,98.0,102.0,101.0,105.0,105.0,95.0
3,91.0,90.0,88.0,79.0,75.0,78.0,81.0,92.0,93.0,95.0,110.0,113.0,,,,,,,,,,,,
4,,,,,,,,,,,,,81.0,71.0,74.0,74.0,94.0,68.0,53.0,69.0,70.0,,80.0,65.0
5,,63.0,56.0,46.0,,39.0,41.0,44.0,,71.0,64.0,61.0,62.0,59.0,52.0,63.0,62.0,66.0,67.0,,60.0,66.0,79.0,72.0
6,54.0,60.0,56.0,62.0,55.0,41.0,44.0,45.0,52.0,55.0,73.0,69.0,68.0,68.0,67.0,70.0,68.0,69.0,60.0,68.0,76.0,80.0,77.0,72.0
7,78.0,72.0,61.0,59.0,61.0,56.0,55.0,85.0,101.0,85.0,93.0,90.0,78.0,76.0,72.0,69.0,80.0,70.0,70.0,92.0,83.0,94.0,80.0,71.0
8,51.0,55.0,40.0,40.0,41.0,43.0,44.0,63.0,67.0,59.0,66.0,65.0,56.0,74.0,63.0,60.0,73.0,73.0,65.0,74.0,71.0,71.0,70.0,64.0
9,65.0,54.0,56.0,55.0,39.0,38.0,49.0,55.0,49.0,50.0,66.0,62.0,62.0,53.0,62.0,53.0,113.0,112.0,,,,,,
10,,,,,,,,,,,,,,,,116.0,70.0,30.0,38.0,36.0,31.0,31.0,30.0,35.0
11,111.0,30.0,29.0,30.0,,30.0,29.0,30.0,30.0,30.0,,40.0,34.0,30.0,30.0,,30.0,31.0,30.0,29.0,31.0,,30.0,30.0
12,30.0,29.0,30.0,30.0,30.0,30.0,31.0,30.0,30.0,30.0,30.0,30.0,29.0,30.0,31.0,31.0,30.0,30.0,30.0,30.0,29.0,30.0,52.0,30.0
13,61.0,31.0,30.0,29.0,30.0,31.0,30.0,29.0,30.0,29.0,30.0,30.0,30.0,,30.0,30.0,57.0,92.0,83.0,63.0,84.0,101.0,104.0,
14,,104.0,104.0,106.0,104.0,107.0,109.0,112.0,112.0,110.0,115.0,112.0,114.0,110.0,110.0,110.0,110.0,112.0,110.0,113.0,112.0,116.0,114.0,114.0
15,,120.0,119.0,120.0,119.0,121.0,121.0,122.0,122.0,123.0,,124.0,124.0,124.0,115.0,85.0,82.0,82.0,77.0,79.0,95.0,102.0,101.0,92.0
16,93.0,93.0,82.0,83.0,87.0,87.0,95.0,103.0,111.0,115.0,111.0,103.0,75.0,81.0,64.0,75.0,70.0,67.0,81.0,102.0,74.0,76.0,82.0,75.0
17,71.0,58.0,55.0,42.0,35.0,35.0,56.0,58.0,74.0,101.0,63.0,69.0,67.0,40.0,50.0,43.0,40.0,40.0,51.0,45.0,41.0,45.0,39.0,44.0
18,48.0,39.0,55.0,47.0,42.0,37.0,44.0,32.0,47.0,55.0,64.0,47.0,62.0,61.0,58.0,57.0,51.0,45.0,49.0,40.0,34.0,36.0,39.0,39.0
19,37.0,37.0,32.0,27.0,25.0,27.0,27.0,32.0,28.0,41.0,34.0,30.0,,,,,,,,,,,,33.0
20,41.0,27.0,27.0,29.0,33.0,29.0,28.0,35.0,37.0,36.0,26.0,35.0,32.0,33.0,30.0,33.0,38.0,39.0,38.0,51.0,52.0,60.0,65.0,66.0
21,64.0,49.0,65.0,34.0,38.0,26.0,59.0,48.0,56.0,61.0,72.0,45.0,44.0,40.0,,43.0,41.0,43.0,50.0,44.0,43.0,56.0,45.0,74.0
22,60.0,60.0,32.0,49.0,67.0,57.0,60.0,67.0,75.0,74.0,81.0,64.0,64.0,69.0,62.0,65.0,59.0,57.0,53.0,56.0,61.0,57.0,78.0,76.0
23,94.0,73.0,69.0,75.0,79.0,69.0,64.0,61.0,57.0,59.0,60.0,68.0,74.0,65.0,100.0,70.0,108.0,45.0,59.0,59.0,65.0,59.0,69.0,78.0
24,88.0,80.0,68.0,67.0,65.0,57.0,61.0,71.0,84.0,81.0,50.0,48.0,70.0,89.0,80.0,84.0,104.0,113.0,119.0,114.0,122.0,115.0,122.0,110.0
25,113.0,102.0,101.0,73.0,76.0,87.0,86.0,92.0,95.0,105.0,104.0,81.0,99.0,102.0,105.0,107.0,110.0,104.0,107.0,106.0,109.0,111.0,78.0,57.0
26,,,140.0,148.0,,,172.0,170.0,178.0,177.0,184.0,183.0,28.0,24.0,37.0,42.0,55.0,212.0,41.0,37.0,36.0,96.0,20.0,171.0
27,25.0,31.0,26.0,20.0,36.0,34.0,54.0,141.0,145.0,153.0,150.0,158.0,153.0,77.0,107.0,88.0,119.0,50.0,142.0,100.0,80.0,40.0,41.0,57.0
28,57.0,44.0,36.0,32.0,39.0,31.0,28.0,34.0,47.0,37.0,26.0,39.0,39.0,50.0,58.0,60.0,50.0,94.0,39.0,84.0,101.0,117.0,53.0,68.0
29,62.0,68.0,40.0,50.0,37.0,44.0,28.0,46.0,63.0,48.0,107.0,49.0,109.0,132.0,142.0,138.0,143.0,147.0,152.0,154.0,161.0,158.0,175.0,274.0
30,154.0,162.0,160.0,153.0,176.0,323.0,300.0,163.0,180.0,174.0,187.0,171.0,172.0,167.0,171.0,159.0,160.0,156.0,174.0,167.0,,172.0,160.0,158.0
"
"
July-2022,00:00:00,01:00:00,02:00:00,03:00:00,04:00:00,05:00:00,06:00:00,07:00:00,08:00:00,09:00:00,10:00:00,11:00:00,12:00:00,13:00:00,14:00:00,15:00:00,16:00:00,17:00:00,18:00:00,19:00:00,20:00:00,21:00:00,22:00:00,23:00:00
1,156.0,150.0,147.0,146.0,144.0,146.0,156.0,162.0,157.0,151.0,150.0,159.0,165.0,167.0,186.0,192.0,202.0,150.0,170.0,171.0,169.0,173.0,176.0,172.0
2,151.0,163.0,156.0,145.0,146.0,147.0,149.0,154.0,154.0,163.0,164.0,72.0,84.0,128.0,84.0,135.0,149.0,110.0,115.0,115.0,118.0,124.0,118.0,114.0
3,110.0,111.0,113.0,113.0,111.0,111.0,110.0,116.0,116.0,116.0,114.0,114.0,114.0,118.0,113.0,113.0,112.0,110.0,110.0,112.0,112.0,113.0,113.0,111.0
4,108.0,112.0,112.0,123.0,122.0,125.0,120.0,119.0,121.0,133.0,124.0,132.0,128.0,125.0,124.0,112.0,78.0,123.0,105.0,105.0,102.0,100.0,98.0,81.0
5,72.0,85.0,103.0,101.0,111.0,89.0,103.0,168.0,332.0,107.0,193.0,277.0,171.0,137.0,124.0,119.0,151.0,179.0,142.0,169.0,121.0,106.0,147.0,187.0
6,188.0,99.0,94.0,102.0,95.0,98.0,101.0,278.0,345.0,303.0,104.0,102.0,102.0,101.0,107.0,96.0,105.0,103.0,102.0,100.0,101.0,101.0,102.0,103.0
7,134.0,102.0,88.0,98.0,101.0,107.0,103.0,110.0,110.0,111.0,113.0,112.0,70.0,83.0,47.0,45.0,46.0,70.0,79.0,95.0,87.0,89.0,74.0,92.0
8,65.0,78.0,44.0,46.0,58.0,48.0,54.0,61.0,60.0,,,,,,,,,,,,,,,
9,,,,,,,,,,,,,,,,,,,,,,,,
10,,,,,,,,,,,,,,,,,,,,,,,,
11,,,,,,,,,,,,,93.0,,82.0,108.0,134.0,75.0,80.0,,,,,
12,,,,,,,,,,,,,,,,,,,,,,,,
13,,,,,,,,,,,,,,,,,,,,,,,,
14,,,,,,,,,,,,,,,,,,,,,,,,
15,,,,,,,,,,,,,,,,,,,,,,,,45.0
16,,43.0,34.0,,28.0,27.0,30.0,26.0,31.0,33.0,,,31.0,46.0,36.0,40.0,61.0,43.0,33.0,41.0,30.0,42.0,30.0,68.0
17,31.0,20.0,22.0,23.0,27.0,29.0,22.0,29.0,47.0,33.0,33.0,40.0,35.0,41.0,42.0,38.0,46.0,35.0,31.0,36.0,33.0,41.0,31.0,27.0
18,27.0,30.0,27.0,23.0,28.0,24.0,32.0,41.0,19.0,19.0,19.0,19.0,29.0,40.0,21.0,28.0,50.0,34.0,21.0,42.0,23.0,20.0,47.0,57.0
19,31.0,35.0,42.0,24.0,25.0,22.0,13.0,10.0,10.0,17.0,28.0,19.0,15.0,20.0,39.0,43.0,60.0,59.0,43.0,46.0,49.0,56.0,61.0,47.0
20,46.0,25.0,14.0,10.0,10.0,10.0,10.0,14.0,40.0,37.0,37.0,47.0,35.0,21.0,27.0,20.0,20.0,19.0,30.0,33.0,17.0,15.0,38.0,29.0
21,21.0,16.0,24.0,22.0,26.0,24.0,11.0,10.0,33.0,18.0,14.0,27.0,53.0,64.0,65.0,56.0,58.0,69.0,94.0,84.0,78.0,83.0,84.0,92.0
22,75.0,31.0,54.0,33.0,31.0,14.0,16.0,24.0,22.0,11.0,22.0,42.0,36.0,,50.0,53.0,36.0,35.0,34.0,39.0,52.0,53.0,79.0,91.0
23,72.0,52.0,40.0,27.0,38.0,48.0,55.0,76.0,35.0,21.0,41.0,40.0,35.0,27.0,42.0,,,35.0,62.0,67.0,45.0,56.0,20.0,20.0
24,20.0,10.0,20.0,21.0,17.0,15.0,16.0,14.0,10.0,15.0,36.0,25.0,10.0,10.0,10.0,10.0,10.0,21.0,43.0,43.0,53.0,36.0,23.0,20.0
25,26.0,32.0,29.0,17.0,10.0,10.0,31.0,52.0,37.0,38.0,27.0,17.0,15.0,10.0,10.0,11.0,10.0,10.0,10.0,10.0,10.0,10.0,10.0,10.0
26,10.0,10.0,10.0,10.0,10.0,10.0,10.0,10.0,10.0,,,,11.0,56.0,92.0,,10.0,10.0,10.0,10.0,10.0,10.0,25.0,34.0
27,83.0,151.0,102.0,80.0,61.0,134.0,95.0,58.0,80.0,261.0,43.0,70.0,40.0,31.0,45.0,68.0,185.0,256.0,95.0,87.0,105.0,113.0,199.0,268.0
28,305.0,278.0,259.0,312.0,308.0,65.0,75.0,142.0,329.0,301.0,79.0,150.0,91.0,11.0,21.0,35.0,85.0,95.0,131.0,170.0,159.0,181.0,183.0,196.0
29,342.0,82.0,173.0,185.0,98.0,92.0,112.0,161.0,289.0,238.0,148.0,121.0,152.0,123.0,83.0,93.0,163.0,213.0,207.0,190.0,306.0,273.0,149.0,164.0
30,208.0,263.0,179.0,94.0,178.0,159.0,181.0,232.0,281.0,188.0,90.0,97.0,93.0,65.0,69.0,91.0,107.0,72.0,169.0,225.0,180.0,205.0,183.0,266.0
31,165.0,153.0,152.0,197.0,101.0,93.0,99.0,127.0,226.0,105.0,75.0,101.0,87.0,80.0,90.0,93.0,96.0,100.0,99.0,145.0,161.0,193.0,133.0,186.0
"
"
August-2022,00:00:00,01:00:00,02:00:00,03:00:00,04:00:00,05:00:00,06:00:00,07:00:00,08:00:00,09:00:00,10:00:00,11:00:00,12:00:00,13:00:00,14:00:00,15:00:00,16:00:00,17:00:00,18:00:00,19:00:00,20:00:00,21:00:00,22:00:00,23:00:00
1,180.0,140.0,142.0,138.0,125.0,121.0,121.0,136.0,165.0,129.0,98.0,104.0,92.0,29.0,50.0,74.0,89.0,107.0,153.0,177.0,100.0,104.0,170.0,182.0
2,167.0,192.0,195.0,206.0,150.0,146.0,200.0,170.0,187.0,174.0,179.0,163.0,102.0,123.0,105.0,73.0,74.0,98.0,122.0,193.0,208.0,155.0,213.0,302.0
3,345.0,346.0,308.0,159.0,200.0,223.0,202.0,304.0,329.0,353.0,412.0,408.0,,,,,,,93.0,79.0,180.0,188.0,222.0,220.0
4,227.0,281.0,,303.0,320.0,175.0,104.0,,,,,,92.0,72.0,93.0,100.0,98.0,91.0,148.0,68.0,104.0,303.0,91.0,147.0
5,212.0,,291.0,307.0,387.0,403.0,289.0,244.0,351.0,329.0,166.0,421.0,479.0,431.0,361.0,313.0,159.0,60.0,61.0,100.0,40.0,105.0,388.0,187.0
6,210.0,99.0,131.0,306.0,94.0,42.0,32.0,178.0,321.0,322.0,322.0,463.0,56.0,53.0,11.0,20.0,18.0,18.0,17.0,29.0,20.0,26.0,33.0,26.0
7,18.0,28.0,34.0,58.0,22.0,26.0,45.0,45.0,62.0,56.0,63.0,45.0,37.0,39.0,34.0,26.0,26.0,34.0,31.0,19.0,26.0,25.0,24.0,24.0
8,36.0,24.0,10.0,18.0,20.0,6.0,26.0,39.0,42.0,73.0,77.0,38.0,32.0,31.0,120.0,67.0,31.0,38.0,60.0,59.0,56.0,72.0,59.0,60.0
9,,51.0,52.0,55.0,48.0,37.0,54.0,53.0,,62.0,55.0,57.0,60.0,,56.0,55.0,49.0,48.0,59.0,53.0,52.0,70.0,60.0,63.0
10,70.0,56.0,52.0,51.0,48.0,52.0,53.0,56.0,53.0,83.0,58.0,56.0,60.0,64.0,55.0,46.0,56.0,,66.0,48.0,60.0,68.0,67.0,
11,64.0,60.0,61.0,61.0,59.0,55.0,58.0,64.0,59.0,62.0,70.0,66.0,66.0,,62.0,70.0,76.0,86.0,68.0,68.0,68.0,98.0,86.0,71.0
12,116.0,69.0,67.0,66.0,65.0,62.0,64.0,68.0,68.0,67.0,74.0,70.0,70.0,74.0,76.0,72.0,76.0,75.0,73.0,71.0,60.0,65.0,67.0,66.0
13,63.0,64.0,67.0,65.0,62.0,61.0,61.0,70.0,66.0,78.0,80.0,85.0,74.0,71.0,62.0,65.0,63.0,53.0,74.0,54.0,58.0,70.0,61.0,51.0
14,51.0,56.0,48.0,50.0,47.0,45.0,47.0,48.0,48.0,53.0,68.0,54.0,57.0,57.0,51.0,60.0,62.0,71.0,68.0,58.0,54.0,54.0,61.0,58.0
15,60.0,57.0,47.0,51.0,43.0,,,,,,,,,,,,,,,,,,,
16,,,,,,,,,,,,,,,,,,78.0,87.0,88.0,77.0,81.0,75.0,70.0
17,74.0,79.0,68.0,70.0,67.0,70.0,66.0,72.0,73.0,76.0,81.0,82.0,83.0,88.0,98.0,101.0,101.0,86.0,96.0,84.0,78.0,82.0,79.0,74.0
18,76.0,72.0,67.0,70.0,65.0,66.0,69.0,67.0,70.0,76.0,75.0,79.0,93.0,92.0,90.0,103.0,101.0,103.0,98.0,92.0,106.0,103.0,92.0,96.0
19,84.0,,72.0,68.0,67.0,66.0,67.0,73.0,84.0,91.0,89.0,104.0,96.0,100.0,102.0,101.0,104.0,102.0,102.0,103.0,108.0,105.0,100.0,99.0
20,102.0,82.0,75.0,74.0,78.0,68.0,73.0,64.0,102.0,108.0,92.0,92.0,222.0,86.0,94.0,84.0,87.0,103.0,105.0,107.0,,110.0,108.0,108.0
21,104.0,102.0,100.0,98.0,93.0,97.0,93.0,100.0,97.0,,102.0,103.0,,101.0,101.0,106.0,104.0,105.0,105.0,107.0,109.0,109.0,112.0,106.0
22,111.0,103.0,100.0,95.0,,90.0,95.0,101.0,94.0,95.0,102.0,102.0,102.0,102.0,101.0,100.0,73.0,80.0,116.0,97.0,82.0,79.0,74.0,77.0
23,68.0,67.0,63.0,67.0,63.0,66.0,,74.0,83.0,,80.0,78.0,82.0,81.0,81.0,86.0,29.0,37.0,70.0,76.0,66.0,67.0,60.0,68.0
24,48.0,30.0,42.0,40.0,30.0,62.0,58.0,31.0,30.0,45.0,30.0,55.0,53.0,70.0,66.0,93.0,48.0,107.0,88.0,93.0,94.0,97.0,84.0,83.0
25,77.0,94.0,79.0,66.0,83.0,67.0,79.0,79.0,86.0,102.0,96.0,101.0,93.0,94.0,102.0,110.0,105.0,102.0,107.0,101.0,104.0,125.0,102.0,123.0
26,104.0,137.0,83.0,71.0,68.0,74.0,76.0,130.0,117.0,93.0,81.0,76.0,107.0,102.0,85.0,72.0,99.0,101.0,117.0,118.0,116.0,104.0,103.0,100.0
27,99.0,103.0,106.0,169.0,175.0,99.0,90.0,181.0,219.0,210.0,122.0,161.0,116.0,109.0,111.0,111.0,116.0,90.0,106.0,143.0,96.0,121.0,96.0,120.0
28,103.0,105.0,105.0,89.0,81.0,83.0,103.0,98.0,101.0,257.0,231.0,134.0,107.0,108.0,102.0,102.0,113.0,107.0,140.0,113.0,111.0,107.0,99.0,85.0
29,90.0,87.0,79.0,69.0,70.0,51.0,70.0,100.0,102.0,113.0,118.0,99.0,238.0,301.0,101.0,103.0,158.0,100.0,114.0,192.0,152.0,161.0,181.0,186.0
30,229.0,212.0,132.0,207.0,157.0,188.0,256.0,235.0,338.0,353.0,321.0,253.0,237.0,145.0,179.0,168.0,225.0,232.0,173.0,192.0,150.0,131.0,184.0,176.0
31,143.0,195.0,157.0,109.0,167.0,170.0,122.0,107.0,159.0,228.0,147.0,152.0,158.0,157.0,117.0,135.0,132.0,119.0,124.0,141.0,172.0,251.0,124.0,122.0
"
"
September-2022,00:00:00,01:00:00,02:00:00,03:00:00,04:00:00,05:00:00,06:00:00,07:00:00,08:00:00,09:00:00,10:00:00,11:00:00,12:00:00,13:00:00,14:00:00,15:00:00,16:00:00,17:00:00,18:00:00,19:00:00,20:00:00,21:00:00,22:00:00,23:00:00
1,109.0,104.0,98.0,95.0,94.0,102.0,104.0,110.0,131.0,130.0,173.0,275.0,225.0,114.0,106.0,182.0,127.0,107.0,116.0,115.0,120.0,131.0,128.0,124.0
2,112.0,136.0,134.0,104.0,105.0,171.0,147.0,164.0,261.0,154.0,144.0,188.0,115.0,114.0,149.0,114.0,131.0,133.0,324.0,303.0,311.0,196.0,244.0,310.0
3,205.0,204.0,232.0,158.0,156.0,108.0,134.0,136.0,237.0,138.0,104.0,117.0,113.0,115.0,115.0,116.0,114.0,117.0,113.0,110.0,105.0,101.0,101.0,108.0
4,103.0,103.0,108.0,121.0,141.0,108.0,106.0,113.0,106.0,108.0,116.0,107.0,123.0,111.0,153.0,179.0,126.0,110.0,112.0,200.0,117.0,170.0,127.0,107.0
5,99.0,103.0,99.0,85.0,88.0,82.0,91.0,92.0,107.0,176.0,214.0,56.0,72.0,76.0,98.0,102.0,108.0,,115.0,116.0,119.0,86.0,109.0,109.0
6,101.0,80.0,82.0,114.0,47.0,60.0,123.0,222.0,260.0,201.0,109.0,245.0,99.0,130.0,95.0,100.0,100.0,99.0,103.0,103.0,111.0,117.0,111.0,142.0
7,107.0,105.0,94.0,101.0,93.0,78.0,70.0,105.0,143.0,471.0,305.0,159.0,328.0,289.0,,,,,,,,,,
8,,,,,,,,,,,,,,,,,,,,,,,,
9,,,,,,,,,,,,87.0,102.0,101.0,105.0,101.0,102.0,104.0,107.0,108.0,102.0,107.0,105.0,105.0
10,97.0,85.0,85.0,96.0,91.0,96.0,99.0,102.0,125.0,105.0,88.0,85.0,92.0,81.0,67.0,59.0,58.0,68.0,58.0,103.0,66.0,95.0,113.0,115.0
11,167.0,120.0,116.0,110.0,107.0,100.0,154.0,214.0,106.0,105.0,126.0,85.0,100.0,118.0,104.0,107.0,105.0,111.0,110.0,109.0,103.0,108.0,100.0,116.0
12,110.0,86.0,67.0,162.0,89.0,68.0,61.0,102.0,103.0,101.0,94.0,151.0,94.0,57.0,406.0,71.0,56.0,59.0,43.0,87.0,96.0,115.0,117.0,111.0
13,117.0,107.0,104.0,89.0,64.0,62.0,62.0,45.0,97.0,104.0,115.0,104.0,80.0,72.0,62.0,43.0,43.0,22.0,34.0,33.0,45.0,34.0,39.0,44.0
14,40.0,36.0,34.0,35.0,36.0,35.0,36.0,35.0,,,,,,,,,,,,,,,,
15,,,,,,,,,,,,,,,,,,40.0,35.0,30.0,42.0,42.0,52.0,34.0
16,44.0,30.0,25.0,27.0,19.0,19.0,22.0,17.0,28.0,49.0,66.0,77.0,120.0,67.0,47.0,45.0,54.0,48.0,50.0,44.0,63.0,55.0,102.0,59.0
17,102.0,54.0,52.0,56.0,40.0,23.0,35.0,32.0,34.0,44.0,31.0,27.0,32.0,26.0,40.0,34.0,38.0,26.0,34.0,26.0,30.0,28.0,25.0,26.0
18,18.0,25.0,28.0,22.0,21.0,20.0,20.0,20.0,23.0,31.0,35.0,56.0,47.0,46.0,59.0,51.0,102.0,102.0,57.0,110.0,72.0,70.0,87.0,64.0
19,56.0,,32.0,37.0,32.0,37.0,32.0,27.0,25.0,26.0,37.0,36.0,55.0,92.0,81.0,110.0,81.0,103.0,105.0,100.0,83.0,104.0,106.0,102.0
20,127.0,110.0,96.0,106.0,112.0,79.0,58.0,54.0,79.0,60.0,57.0,63.0,62.0,54.0,98.0,89.0,100.0,79.0,81.0,93.0,105.0,105.0,103.0,110.0
21,121.0,100.0,91.0,94.0,75.0,68.0,74.0,73.0,81.0,78.0,65.0,40.0,39.0,54.0,52.0,50.0,59.0,64.0,54.0,46.0,66.0,107.0,70.0,96.0
22,148.0,105.0,75.0,76.0,82.0,81.0,66.0,69.0,,83.0,105.0,,175.0,118.0,100.0,105.0,101.0,104.0,113.0,121.0,,,,
23,,,,,,,,,,,,,,,,,,,,,,,,
24,,,,,,,,,,,,,,,,,,,,,,,,
25,,,,,,,,,,,,,,,,,,,,,,,,
26,,,,,,,,,,,,,,71.0,95.0,104.0,79.0,76.0,94.0,101.0,101.0,112.0,119.0,119.0
27,138.0,121.0,111.0,121.0,114.0,100.0,111.0,106.0,107.0,143.0,142.0,117.0,92.0,79.0,75.0,74.0,76.0,,,,,,,
28,,,,,,,,,,,,,,,93.0,121.0,96.0,99.0,109.0,105.0,121.0,121.0,127.0,116.0
29,137.0,132.0,154.0,134.0,111.0,110.0,127.0,117.0,121.0,198.0,169.0,164.0,188.0,135.0,123.0,120.0,118.0,126.0,143.0,126.0,120.0,154.0,138.0,126.0
30,148.0,120.0,121.0,123.0,114.0,116.0,137.0,134.0,124.0,174.0,157.0,162.0,202.0,138.0,131.0,125.0,148.0,126.0,124.0,122.0,122.0,149.0,125.0,125.0
"
"
October-2022,00:00:00,01:00:00,02:00:00,03:00:00,04:00:00,05:00:00,06:00:00,07:00:00,08:00:00,09:00:00,10:00:00,11:00:00,12:00:00,13:00:00,14:00:00,15:00:00,16:00:00,17:00:00,18:00:00,19:00:00,20:00:00,21:00:00,22:00:00,23:00:00
1,127.0,127.0,123.0,121.0,123.0,123.0,186.0,139.0,155.0,168.0,125.0,125.0,134.0,122.0,125.0,126.0,133.0,131.0,132.0,132.0,129.0,128.0,129.0,129.0
2,103.0,130.0,128.0,127.0,126.0,127.0,129.0,132.0,135.0,137.0,139.0,132.0,132.0,133.0,134.0,139.0,136.0,136.0,136.0,135.0,131.0,132.0,130.0,135.0
3,132.0,76.0,69.0,72.0,72.0,81.0,78.0,102.0,105.0,139.0,148.0,137.0,150.0,118.0,101.0,90.0,87.0,97.0,95.0,100.0,103.0,103.0,108.0,114.0
4,137.0,100.0,98.0,101.0,89.0,72.0,85.0,104.0,116.0,169.0,167.0,159.0,178.0,130.0,135.0,139.0,113.0,99.0,103.0,103.0,104.0,137.0,114.0,110.0
5,115.0,139.0,141.0,,,,,,,,,,,,,,,,,,,,,
6,,,,,,,,,,,,,,,,,,125.0,143.0,142.0,143.0,140.0,142.0,141.0
7,140.0,145.0,149.0,151.0,149.0,145.0,156.0,156.0,156.0,155.0,155.0,155.0,154.0,154.0,153.0,151.0,153.0,150.0,147.0,150.0,152.0,151.0,157.0,155.0
8,158.0,92.0,89.0,87.0,87.0,89.0,91.0,89.0,88.0,89.0,92.0,92.0,92.0,96.0,99.0,99.0,101.0,98.0,97.0,95.0,96.0,95.0,95.0,95.0
9,91.0,88.0,88.0,89.0,90.0,92.0,97.0,94.0,95.0,96.0,94.0,101.0,98.0,100.0,98.0,97.0,98.0,100.0,100.0,99.0,96.0,100.0,99.0,95.0
10,97.0,168.0,168.0,168.0,171.0,170.0,168.0,169.0,168.0,170.0,175.0,177.0,189.0,183.0,174.0,177.0,176.0,181.0,167.0,171.0,176.0,175.0,172.0,164.0
11,110.0,105.0,101.0,111.0,98.0,105.0,117.0,100.0,100.0,118.0,144.0,142.0,145.0,141.0,142.0,159.0,144.0,116.0,123.0,121.0,117.0,149.0,121.0,107.0
12,134.0,110.0,110.0,101.0,101.0,98.0,96.0,95.0,106.0,117.0,166.0,152.0,175.0,173.0,169.0,172.0,165.0,171.0,173.0,179.0,181.0,176.0,185.0,180.0
13,226.0,184.0,182.0,178.0,187.0,184.0,181.0,182.0,182.0,180.0,188.0,187.0,190.0,184.0,176.0,172.0,169.0,167.0,175.0,177.0,178.0,240.0,177.0,186.0
14,209.0,180.0,,,,,,,,,,,,,,,,,,,,,,
15,,,,,,,,,,,,,,,,167.0,185.0,178.0,183.0,,181.0,192.0,198.0,318.0
16,267.0,204.0,339.0,267.0,227.0,256.0,263.0,228.0,222.0,211.0,189.0,186.0,165.0,166.0,166.0,163.0,173.0,161.0,163.0,165.0,163.0,162.0,160.0,176.0
17,199.0,176.0,170.0,170.0,170.0,170.0,170.0,170.0,170.0,170.0,170.0,170.0,170.0,170.0,170.0,170.0,170.0,170.0,170.0,170.0,170.0,170.0,170.0,170.0
18,170.0,170.0,170.0,170.0,170.0,170.0,170.0,170.0,170.0,170.0,170.0,170.0,170.0,136.0,215.0,173.0,180.0,197.0,157.0,145.0,141.0,138.0,140.0,136.0
19,138.0,141.0,139.0,141.0,140.0,145.0,141.0,146.0,142.0,148.0,148.0,149.0,150.0,144.0,144.0,146.0,149.0,,,,,,,
20,,,,,,,,,,,,,212.0,330.0,307.0,144.0,142.0,152.0,142.0,145.0,148.0,148.0,145.0,151.0
21,126.0,169.0,162.0,156.0,203.0,157.0,155.0,188.0,150.0,159.0,245.0,180.0,161.0,156.0,156.0,148.0,148.0,145.0,,,,,,
22,,,,,,,,,,,,20.0,321.0,133.0,104.0,126.0,126.0,346.0,217.0,188.0,177.0,181.0,168.0,164.0
23,212.0,195.0,174.0,298.0,247.0,199.0,253.0,228.0,181.0,179.0,180.0,163.0,160.0,161.0,167.0,170.0,168.0,166.0,166.0,166.0,166.0,162.0,308.0,317.0
24,301.0,273.0,300.0,305.0,246.0,250.0,280.0,206.0,218.0,255.0,162.0,165.0,172.0,195.0,170.0,165.0,159.0,158.0,153.0,147.0,142.0,143.0,226.0,315.0
25,343.0,389.0,380.0,376.0,336.0,363.0,363.0,347.0,376.0,419.0,306.0,251.0,167.0,153.0,156.0,144.0,162.0,151.0,156.0,147.0,144.0,147.0,146.0,149.0
26,130.0,152.0,269.0,248.0,158.0,154.0,123.0,176.0,167.0,159.0,158.0,162.0,164.0,172.0,173.0,169.0,120.0,173.0,163.0,160.0,161.0,155.0,155.0,145.0
27,153.0,154.0,158.0,208.0,157.0,158.0,164.0,163.0,161.0,167.0,161.0,170.0,179.0,179.0,179.0,179.0,96.0,165.0,169.0,166.0,161.0,158.0,162.0,161.0
28,165.0,163.0,164.0,165.0,167.0,162.0,163.0,163.0,166.0,156.0,163.0,168.0,167.0,174.0,174.0,172.0,173.0,176.0,173.0,174.0,168.0,163.0,166.0,168.0
29,169.0,173.0,171.0,171.0,170.0,170.0,172.0,163.0,165.0,164.0,170.0,173.0,177.0,183.0,182.0,180.0,178.0,179.0,179.0,182.0,204.0,191.0,191.0,193.0
30,,192.0,218.0,305.0,306.0,230.0,292.0,319.0,313.0,328.0,288.0,,210.0,182.0,181.0,180.0,181.0,185.0,326.0,337.0,167.0,,,
31,,,,,,,,,,,,185.0,201.0,207.0,196.0,190.0,,184.0,183.0,,279.0,181.0,180.0,179.0
"
"
November-2022,00:00:00,01:00:00,02:00:00,03:00:00,04:00:00,05:00:00,06:00:00,07:00:00,08:00:00,09:00:00,10:00:00,11:00:00,12:00:00,13:00:00,14:00:00,15:00:00,16:00:00,17:00:00,18:00:00,19:00:00,20:00:00,21:00:00,22:00:00,23:00:00
1,220.0,292.0,203.0,227.0,181.0,178.0,177.0,174.0,181.0,305.0,188.0,181.0,320.0,193.0,191.0,190.0,190.0,188.0,191.0,192.0,236.0,184.0,256.0,188.0
2,180.0,192.0,225.0,190.0,192.0,181.0,184.0,179.0,176.0,183.0,183.0,183.0,185.0,185.0,193.0,215.0,190.0,183.0,182.0,199.0,170.0,173.0,173.0,173.0
3,227.0,174.0,181.0,184.0,187.0,186.0,186.0,,189.0,194.0,203.0,,215.0,215.0,218.0,,204.0,202.0,200.0,,194.0,192.0,194.0,
4,193.0,192.0,203.0,199.0,200.0,490.0,202.0,200.0,207.0,209.0,213.0,,227.0,224.0,226.0,226.0,221.0,220.0,221.0,219.0,220.0,224.0,223.0,226.0
5,227.0,227.0,226.0,225.0,224.0,225.0,223.0,222.0,220.0,224.0,222.0,227.0,232.0,233.0,234.0,233.0,229.0,,,,,,,
6,,,,,,,,,,,,,,,,,,,,,,,,
7,,,,,,,,,,,,,,,284.0,300.0,233.0,246.0,251.0,240.0,238.0,240.0,238.0,301.0
8,242.0,307.0,381.0,308.0,312.0,352.0,247.0,313.0,375.0,247.0,294.0,348.0,258.0,277.0,278.0,261.0,255.0,253.0,269.0,268.0,263.0,248.0,243.0,313.0
9,261.0,305.0,371.0,288.0,,385.0,242.0,258.0,323.0,262.0,256.0,316.0,269.0,285.0,284.0,222.0,252.0,264.0,252.0,247.0,247.0,245.0,239.0,325.0
10,287.0,320.0,433.0,269.0,254.0,349.0,243.0,242.0,310.0,245.0,241.0,254.0,258.0,257.0,254.0,267.0,286.0,272.0,250.0,240.0,239.0,234.0,239.0,302.0
11,243.0,247.0,314.0,250.0,245.0,269.0,240.0,243.0,239.0,242.0,246.0,251.0,257.0,183.0,256.0,258.0,258.0,257.0,271.0,254.0,243.0,245.0,251.0,277.0
12,187.0,251.0,366.0,252.0,244.0,265.0,253.0,258.0,251.0,237.0,246.0,249.0,252.0,251.0,250.0,243.0,245.0,240.0,244.0,240.0,250.0,257.0,239.0,237.0
13,169.0,233.0,292.0,234.0,226.0,230.0,224.0,224.0,229.0,236.0,247.0,247.0,235.0,239.0,235.0,234.0,227.0,233.0,221.0,218.0,220.0,219.0,221.0,216.0
14,221.0,221.0,223.0,225.0,223.0,259.0,221.0,219.0,283.0,224.0,232.0,276.0,239.0,243.0,242.0,236.0,228.0,222.0,217.0,218.0,217.0,222.0,216.0,255.0
15,228.0,280.0,416.0,259.0,298.0,413.0,282.0,290.0,368.0,253.0,301.0,441.0,245.0,254.0,239.0,233.0,223.0,210.0,204.0,206.0,204.0,211.0,214.0,214.0
16,219.0,208.0,212.0,221.0,240.0,425.0,229.0,229.0,310.0,232.0,268.0,421.0,250.0,250.0,237.0,232.0,226.0,,,,,,,
17,,,,,,,,,,,,169.0,281.0,278.0,266.0,264.0,261.0,261.0,251.0,251.0,254.0,249.0,264.0,257.0
18,185.0,259.0,255.0,265.0,254.0,255.0,252.0,251.0,255.0,257.0,249.0,255.0,258.0,266.0,267.0,259.0,260.0,260.0,259.0,258.0,245.0,242.0,241.0,242.0
19,,260.0,254.0,250.0,252.0,246.0,251.0,246.0,248.0,248.0,241.0,256.0,256.0,263.0,260.0,259.0,264.0,263.0,260.0,258.0,256.0,256.0,250.0,252.0
20,254.0,255.0,255.0,254.0,252.0,248.0,245.0,247.0,246.0,247.0,245.0,243.0,244.0,246.0,234.0,240.0,234.0,220.0,236.0,224.0,229.0,233.0,239.0,234.0
21,245.0,244.0,190.0,192.0,229.0,187.0,226.0,186.0,235.0,168.0,207.0,209.0,213.0,214.0,240.0,192.0,190.0,209.0,250.0,,,,228.0,
22,164.0,233.0,231.0,231.0,230.0,216.0,227.0,230.0,220.0,228.0,227.0,247.0,235.0,235.0,220.0,226.0,221.0,221.0,220.0,207.0,213.0,213.0,200.0,212.0
23,,220.0,328.0,223.0,225.0,414.0,222.0,219.0,206.0,222.0,214.0,230.0,230.0,236.0,235.0,223.0,221.0,226.0,134.0,215.0,222.0,215.0,212.0,221.0
24,153.0,220.0,279.0,218.0,231.0,443.0,248.0,235.0,259.0,221.0,228.0,347.0,240.0,247.0,241.0,237.0,222.0,219.0,225.0,216.0,212.0,216.0,213.0,216.0
25,216.0,194.0,295.0,207.0,218.0,344.0,219.0,162.0,253.0,226.0,203.0,408.0,,172.0,228.0,167.0,151.0,192.0,155.0,194.0,193.0,159.0,154.0,242.0
26,196.0,209.0,387.0,285.0,302.0,436.0,266.0,258.0,321.0,198.0,235.0,410.0,207.0,206.0,330.0,201.0,190.0,227.0,190.0,194.0,242.0,187.0,188.0,203.0
27,190.0,,307.0,221.0,240.0,346.0,188.0,178.0,290.0,176.0,215.0,356.0,178.0,173.0,186.0,166.0,156.0,171.0,160.0,146.0,173.0,147.0,156.0,160.0
28,165.0,163.0,186.0,176.0,194.0,304.0,215.0,216.0,426.0,269.0,288.0,424.0,183.0,187.0,162.0,157.0,161.0,166.0,168.0,170.0,172.0,168.0,162.0,165.0
29,165.0,168.0,155.0,150.0,155.0,159.0,169.0,173.0,170.0,174.0,308.0,231.0,182.0,179.0,169.0,162.0,163.0,167.0,167.0,150.0,147.0,142.0,160.0,169.0
30,,193.0,177.0,147.0,202.0,204.0,184.0,155.0,247.0,320.0,444.0,415.0,338.0,398.0,411.0,,402.0,328.0,145.0,182.0,152.0,131.0,168.0,157.0
"
"
December-2022,00:00:00,01:00:00,02:00:00,03:00:00,04:00:00,05:00:00,06:00:00,07:00:00,08:00:00,09:00:00,10:00:00,11:00:00,12:00:00,13:00:00,14:00:00,15:00:00,16:00:00,17:00:00,18:00:00,19:00:00,20:00:00,21:00:00,22:00:00,23:00:00
1,143.0,189.0,173.0,169.0,272.0,197.0,152.0,199.0,199.0,220.0,421.0,330.0,195.0,236.0,258.0,179.0,138.0,176.0,167.0,184.0,281.0,216.0,206.0,250.0
2,184.0,180.0,325.0,239.0,296.0,448.0,,245.0,419.0,239.0,281.0,464.0,282.0,228.0,277.0,189.0,184.0,246.0,187.0,168.0,,,,
3,,,,,,,,,,,,,,,372.0,208.0,184.0,232.0,184.0,,,217.0,216.0,286.0
4,194.0,234.0,451.0,257.0,242.0,445.0,236.0,222.0,434.0,254.0,228.0,300.0,214.0,210.0,247.0,220.0,227.0,230.0,175.0,186.0,251.0,192.0,185.0,281.0
5,198.0,211.0,309.0,211.0,222.0,348.0,218.0,219.0,432.0,223.0,240.0,449.0,278.0,240.0,390.0,227.0,221.0,301.0,219.0,214.0,352.0,230.0,235.0,326.0
6,230.0,233.0,419.0,242.0,228.0,402.0,219.0,242.0,443.0,250.0,270.0,487.0,364.0,274.0,434.0,287.0,241.0,350.0,230.0,265.0,344.0,232.0,212.0,331.0
7,219.0,209.0,393.0,224.0,217.0,361.0,225.0,228.0,436.0,287.0,313.0,500.0,381.0,272.0,402.0,280.0,243.0,326.0,231.0,231.0,349.0,241.0,216.0,244.0
8,215.0,217.0,349.0,222.0,253.0,464.0,251.0,248.0,372.0,265.0,241.0,415.0,240.0,257.0,344.0,264.0,257.0,287.0,229.0,210.0,292.0,223.0,211.0,276.0
9,222.0,242.0,310.0,237.0,230.0,183.0,165.0,194.0,285.0,230.0,246.0,419.0,343.0,251.0,306.0,213.0,172.0,181.0,198.0,207.0,212.0,214.0,212.0,214.0
10,226.0,227.0,274.0,240.0,217.0,372.0,233.0,220.0,293.0,206.0,220.0,393.0,238.0,229.0,277.0,186.0,174.0,210.0,227.0,,241.0,237.0,239.0,240.0
11,240.0,239.0,379.0,247.0,211.0,455.0,290.0,,,,,,,,,,,,,,,,,
12,,,,,,,,,,,,,,,244.0,212.0,,153.0,175.0,184.0,192.0,186.0,179.0,213.0
13,188.0,178.0,314.0,187.0,294.0,330.0,301.0,303.0,317.0,286.0,305.0,314.0,258.0,208.0,188.0,133.0,112.0,,156.0,188.0,184.0,196.0,195.0,195.0
14,193.0,175.0,222.0,220.0,265.0,261.0,208.0,205.0,243.0,219.0,226.0,185.0,144.0,138.0,130.0,85.0,131.0,144.0,119.0,121.0,127.0,130.0,133.0,142.0
15,,179.0,197.0,145.0,157.0,143.0,145.0,145.0,146.0,151.0,156.0,160.0,181.0,179.0,149.0,142.0,134.0,129.0,129.0,125.0,122.0,126.0,132.0,130.0
16,136.0,184.0,200.0,199.0,230.0,272.0,232.0,211.0,203.0,220.0,283.0,301.0,223.0,205.0,163.0,151.0,346.0,343.0,141.0,123.0,140.0,137.0,150.0,156.0
17,180.0,227.0,261.0,218.0,229.0,242.0,204.0,192.0,225.0,200.0,247.0,305.0,203.0,192.0,184.0,150.0,141.0,142.0,140.0,141.0,161.0,141.0,,212.0
18,189.0,272.0,301.0,278.0,276.0,281.0,192.0,,204.0,174.0,234.0,186.0,235.0,159.0,149.0,141.0,130.0,314.0,181.0,122.0,161.0,129.0,137.0,140.0
19,150.0,184.0,214.0,155.0,136.0,135.0,137.0,135.0,138.0,140.0,144.0,168.0,164.0,176.0,148.0,140.0,136.0,,140.0,141.0,145.0,157.0,204.0,249.0
20,245.0,303.0,317.0,300.0,260.0,230.0,163.0,169.0,227.0,223.0,295.0,323.0,250.0,233.0,157.0,146.0,146.0,272.0,307.0,310.0,311.0,316.0,366.0,
21,367.0,453.0,382.0,452.0,414.0,361.0,363.0,374.0,412.0,435.0,406.0,404.0,399.0,408.0,328.0,349.0,364.0,349.0,351.0,344.0,334.0,361.0,410.0,415.0
22,421.0,482.0,473.0,411.0,482.0,445.0,414.0,434.0,488.0,427.0,486.0,446.0,357.0,360.0,359.0,352.0,396.0,363.0,339.0,362.0,370.0,377.0,375.0,421.0
23,412.0,421.0,419.0,383.0,359.0,408.0,411.0,427.0,409.0,432.0,430.0,414.0,358.0,369.0,359.0,338.0,344.0,371.0,321.0,336.0,336.0,330.0,320.0,376.0
24,389.0,365.0,349.0,350.0,341.0,422.0,405.0,432.0,301.0,,,,,,,,,,,,,,,
25,,,,,,,,,,,,,,,,,,,,,,,,
26,,,,,,,,,,,,,232.0,182.0,218.0,269.0,312.0,261.0,326.0,338.0,317.0,404.0,470.0,351.0
27,500.0,270.0,500.0,351.0,407.0,408.0,203.0,226.0,251.0,430.0,499.0,196.0,315.0,365.0,334.0,341.0,500.0,388.0,302.0,400.0,477.0,310.0,192.0,167.0
28,174.0,190.0,350.0,361.0,500.0,489.0,184.0,485.0,500.0,483.0,346.0,233.0,228.0,,500.0,218.0,354.0,215.0,378.0,500.0,498.0,185.0,168.0,162.0
29,500.0,489.0,197.0,209.0,500.0,495.0,450.0,429.0,279.0,449.0,492.0,199.0,223.0,283.0,320.0,205.0,289.0,276.0,282.0,326.0,305.0,325.0,352.0,324.0
30,363.0,377.0,379.0,313.0,473.0,447.0,301.0,477.0,500.0,260.0,350.0,367.0,357.0,315.0,328.0,325.0,352.0,385.0,300.0,368.0,328.0,346.0,406.0,500.0
31,466.0,170.0,268.0,345.0,399.0,500.0,382.0,200.0,335.0,263.0,451.0,399.0,223.0,223.0,500.0,425.0,450.0,385.0,186.0,443.0,499.0,178.0,233.0,208.0
"
"
Year,2023
January-2023,00:00:00,01:00:00,02:00:00,03:00:00,04:00:00,05:00:00,06:00:00,07:00:00,08:00:00,09:00:00,10:00:00,11:00:00,12:00:00,13:00:00,14:00:00,15:00:00,16:00:00,17:00:00,18:00:00,19:00:00,20:00:00,21:00:00,22:00:00,23:00:00
1,301.0,181.0,175.0,257.0,201.0,234.0,194.0,181.0,192.0,188.0,329.0,500.0,460.0,485,186.0,428.0,176.0,454.0,451.0,500.0,400.0,165.0,175.0,238.0
2,406.0,177.0,210.0,314.0,238.0,301.0,357.0,200.0,192.0,443.0,500.0,374.0,500.0,216,239.0,198.0,311.0,248.0,197.0,231.0,226.0,186.0,300.0,303.0
3,308.0,307.0,270.0,307.0,320.0,302.0,500.0,338.0,203.0,320.0,351.0,332.0,297.0,252,247.0,199.0,400.0,184.0,188.0,446.0,184.0,401.0,216.0,182.0
4,303.0,296.0,202.0,500.0,183.0,183.0,292.0,184.0,183.0,190.0,196.0,246.0,204.0,235,305.0,423.0,269.0,182.0,189.0,500.0,241.0,186.0,184.0,187.0
5,175.0,415.0,198.0,232.0,500.0,403.0,500.0,500.0,193.0,200.0,197.0,201.0,206.0,210,309.0,363.0,369.0,360.0,401.0,408.0,380.0,430.0,441.0,500.0
6,473.0,186.0,500.0,498.0,455.0,238.0,275.0,317.0,187.0,500.0,322.0,199.0,333.0,500,208.0,222.0,331.0,500.0,254.0,500.0,325.0,500.0,469.0,444.0
7,268.0,143.0,370.0,357.0,500.0,204.0,209.0,195.0,195.0,360.0,263.0,500.0,211.0,195,487.0,250.0,247.0,309.0,396.0,392.0,355.0,500.0,171.0,170.0
8,348.0,206.0,500.0,335.0,333.0,256.0,183.0,228.0,379.0,204.0,227.0,188.0,210.0,305,342.0,324.0,335.0,334.0,492.0,500.0,500.0,173.0,500.0,500.0
9,225.0,196.0,376.0,268.0,500.0,257.0,242.0,448.0,500.0,227.0,280.0,191.0,203.0,216,259.0,155.0,263.0,322.0,440.0,324.0,288.0,176.0,307.0,359.0
10,313.0,373.0,407.0,364.0,345.0,422.0,342.0,394.0,413.0,410.0,390.0,384.0,385.0,328,312.0,303.0,321.0,314.0,308.0,305.0,308.0,320.0,320.0,346.0
11,369.0,385.0,370.0,428.0,417.0,438.0,399.0,416.0,460.0,481.0,437.0,436.0,442.0,337,359.0,,,,,,,,,
12,,,,,,,,,,,,,,320,309.0,163.0,162.0,234.0,191.0,148.0,204.0,192.0,175.0,173.0
13,162.0,164.0,192.0,212.0,213.0,197.0,167.0,191.0,199.0,180.0,177.0,180.0,182.0,186,208.0,238.0,217.0,214.0,224.0,206.0,185.0,178.0,164.0,186.0
14,212.0,183.0,189.0,208.0,165.0,102.0,171.0,179.0,192.0,200.0,197.0,207.0,215.0,194,160.0,147.0,443.0,396.0,191.0,257.0,280.0,292.0,325.0,335.0
15,364.0,369.0,344.0,365.0,392.0,379.0,411.0,490.0,415.0,500.0,445.0,408.0,410.0,368,357.0,352.0,343.0,336.0,340.0,336.0,329.0,339.0,368.0,383.0
16,359.0,365.0,368.0,402.0,407.0,409.0,407.0,410.0,196.0,196.0,199.0,212.0,198.0,189,215.0,194.0,153.0,155.0,161.0,179.0,171.0,181.0,188.0,183.0
17,182.0,204.0,202.0,195.0,192.0,184.0,172.0,197.0,182.0,211.0,205.0,217.0,194.0,360,264.0,500.0,79.0,,332.0,358.0,341.0,344.0,364.0,384.0
18,415.0,,500.0,200.0,168.0,195.0,184.0,168.0,186.0,500.0,500.0,484.0,500.0,500,500.0,440.0,407.0,392.0,438.0,436.0,435.0,500.0,154.0,186.0
19,214.0,200.0,200.0,197.0,196.0,216.0,218.0,207.0,212.0,234.0,290.0,268.0,240.0,167,180.0,247.0,206.0,232.0,162.0,147.0,173.0,177.0,198.0,227.0
20,234.0,240.0,252.0,266.0,271.0,277.0,278.0,288.0,290.0,293.0,300.0,315.0,,296,393.0,2.0,,,,,,,,
21,,,,,,,20.0,16.0,17.0,20.0,24.0,36.0,,144,136.0,176.0,343.0,368.0,321.0,328.0,359.0,326.0,345.0,341.0
22,376.0,367.0,368.0,346.0,355.0,340.0,328.0,314.0,411.0,352.0,350.0,341.0,320.0,316,301.0,315.0,248.0,313.0,309.0,275.0,214.0,262.0,309.0,343.0
23,312.0,384.0,346.0,337.0,341.0,322.0,331.0,388.0,378.0,426.0,364.0,365.0,360.0,332,331.0,338.0,336.0,321.0,317.0,311.0,306.0,265.0,308.0,322.0
24,310.0,332.0,353.0,364.0,346.0,383.0,356.0,398.0,422.0,439.0,371.0,357.0,334.0,340,341.0,,321.0,325.0,346.0,336.0,352.0,337.0,344.0,365.0
25,350.0,376.0,386.0,342.0,362.0,377.0,334.0,372.0,421.0,433.0,389.0,394.0,372.0,357,361.0,,336.0,347.0,329.0,338.0,345.0,343.0,353.0,353.0
26,356.0,364.0,355.0,368.0,345.0,365.0,371.0,380.0,409.0,407.0,388.0,389.0,383.0,380,342.0,350.0,343.0,345.0,360.0,385.0,382.0,354.0,412.0,394.0
27,379.0,391.0,385.0,376.0,384.0,376.0,488.0,379.0,422.0,471.0,458.0,439.0,395.0,429,381.0,329.0,375.0,382.0,366.0,378.0,390.0,383.0,327.0,348.0
28,398.0,362.0,366.0,378.0,413.0,446.0,407.0,454.0,479.0,436.0,500.0,477.0,402.0,380,329.0,301.0,314.0,305.0,262.0,260.0,319.0,400.0,134.0,271.0
29,345.0,327.0,343.0,358.0,369.0,380.0,388.0,399.0,402.0,397.0,386.0,380.0,318.0,321,385.0,318.0,322.0,346.0,324.0,308.0,320.0,324.0,304.0,298.0
30,295.0,321.0,338.0,350.0,363.0,372.0,385.0,401.0,403.0,392.0,358.0,379.0,349.0,334,,321.0,342.0,344.0,337.0,349.0,367.0,364.0,328.0,376.0
31,357.0,344.0,341.0,356.0,370.0,379.0,385.0,400.0,407.0,428.0,405.0,414.0,399.0,417,329.0,330.0,389.0,367.0,383.0,380.0,376.0,375.0,412.0,411.0
"
"
February-2023,00:00:00,01:00:00,02:00:00,03:00:00,04:00:00,05:00:00,06:00:00,07:00:00,08:00:00,09:00:00,10:00:00,11:00:00,12:00:00,13:00:00,14:00:00,15:00:00,16:00:00,17:00:00,18:00:00,19:00:00,20:00:00,21:00:00,22:00:00,23:00:00
1,345.0,349.0,403.0,379.0,372.0,384.0,400.0,407.0,415.0,424.0,364.0,400.0,368.0,361.0,360.0,326.0,327.0,330.0,329.0,349.0,360.0,381.0,427.0,363.0
2,340.0,343.0,366.0,386.0,402.0,408.0,416.0,422.0,427.0,406.0,343.0,352.0,361.0,381.0,357.0,337.0,340.0,331.0,328.0,352.0,360.0,329.0,337.0,329.0
3,318.0,384.0,405.0,335.0,375.0,370.0,383.0,399.0,403.0,442.0,419.0,385.0,338.0,397.0,366.0,319.0,319.0,336.0,334.0,317.0,329.0,316.0,343.0,370.0
4,345.0,399.0,440.0,402.0,377.0,385.0,396.0,451.0,423.0,432.0,462.0,400.0,349.0,369.0,359.0,350.0,346.0,366.0,323.0,339.0,312.0,322.0,347.0,356.0
5,388.0,378.0,327.0,357.0,405.0,393.0,421.0,415.0,431.0,443.0,483.0,431.0,364.0,380.0,397.0,324.0,349.0,322.0,338.0,314.0,312.0,317.0,331.0,
6,,,,,,,,,422.0,414.0,427.0,420.0,387.0,332.0,378.0,376.0,377.0,396.0,335.0,343.0,345.0,356.0,371.0,362.0
7,365.0,275.0,249.0,281.0,306.0,323.0,341.0,357.0,368.0,382.0,403.0,419.0,404.0,333.0,346.0,383.0,358.0,362.0,310.0,308.0,328.0,345.0,364.0,385.0
8,384.0,398.0,401.0,404.0,419.0,420.0,406.0,428.0,458.0,446.0,487.0,436.0,355.0,399.0,388.0,386.0,375.0,343.0,347.0,336.0,328.0,345.0,381.0,418.0
9,404.0,444.0,386.0,357.0,426.0,458.0,406.0,447.0,418.0,431.0,463.0,428.0,374.0,382.0,376.0,336.0,398.0,395.0,361.0,346.0,369.0,354.0,354.0,390.0
10,428.0,335.0,373.0,303.0,310.0,366.0,324.0,434.0,443.0,407.0,448.0,419.0,335.0,352.0,413.0,329.0,373.0,357.0,338.0,337.0,321.0,316.0,322.0,327.0
11,352.0,348.0,346.0,348.0,363.0,351.0,390.0,434.0,383.0,421.0,404.0,422.0,329.0,325.0,358.0,310.0,359.0,361.0,307.0,316.0,316.0,306.0,341.0,370.0
12,355.0,419.0,469.0,375.0,414.0,423.0,426.0,406.0,,,413.0,423.0,361.0,331.0,313.0,353.0,306.0,346.0,355.0,337.0,345.0,377.0,370.0,387.0
13,361.0,333.0,307.0,240.0,253.0,286.0,305.0,332.0,349.0,371.0,399.0,422.0,341.0,334.0,324.0,,,,,349.0,353.0,356.0,355.0,378.0
14,394.0,403.0,439.0,457.0,446.0,398.0,400.0,383.0,389.0,401.0,395.0,,,351.0,347.0,334.0,335.0,322.0,327.0,325.0,339.0,,335.0,365.0
15,,373.0,374.0,417.0,468.0,443.0,433.0,451.0,426.0,437.0,458.0,442.0,438.0,363.0,367.0,346.0,327.0,325.0,322.0,320.0,337.0,360.0,350.0,379.0
16,,461.0,470.0,500.0,430.0,375.0,416.0,156.0,159.0,165.0,167.0,171.0,173.0,173.0,174.0,167.0,173.0,157.0,,148.0,277.0,327.0,346.0,397.0
17,467.0,500.0,373.0,188.0,187.0,186.0,180.0,177.0,174.0,179.0,180.0,184.0,185.0,235.0,173.0,155.0,148.0,143.0,142.0,139.0,134.0,132.0,132.0,134.0
18,142.0,154.0,164.0,104.0,164.0,160.0,159.0,163.0,166.0,169.0,174.0,175.0,174.0,173.0,168.0,262.0,83.0,138.0,208.0,193.0,190.0,196.0,222.0,210.0
19,214.0,211.0,204.0,204.0,195.0,214.0,182.0,203.0,210.0,184.0,183.0,201.0,202.0,209.0,210.0,193.0,185.0,204.0,202.0,189.0,197.0,190.0,201.0,187.0
20,203.0,201.0,203.0,196.0,193.0,203.0,200.0,206.0,177.0,193.0,209.0,211.0,222.0,200.0,198.0,209.0,199.0,194.0,187.0,206.0,203.0,176.0,219.0,197.0
21,207.0,196.0,209.0,187.0,213.0,201.0,205.0,208.0,205.0,193.0,196.0,215.0,215.0,202.0,208.0,182.0,202.0,168.0,,,,,,
22,,,,,,,,,,,,,,,,,,,,,,,,
23,,,,,,,,,,,,,223.0,283.0,283.0,279.0,267.0,260.0,254.0,246.0,252.0,239.0,216.0,240.0
24,235.0,231.0,234.0,233.0,239.0,246.0,240.0,239.0,235.0,238.0,236.0,230.0,229.0,233.0,234.0,225.0,222.0,208.0,215.0,204.0,221.0,201.0,190.0,188.0
25,207.0,193.0,197.0,200.0,211.0,213.0,205.0,205.0,201.0,189.0,211.0,201.0,205.0,203.0,190.0,210.0,212.0,201.0,194.0,206.0,198.0,203.0,205.0,189.0
26,201.0,207.0,193.0,199.0,187.0,194.0,196.0,213.0,196.0,188.0,198.0,206.0,207.0,205.0,204.0,204.0,195.0,200.0,198.0,183.0,186.0,197.0,205.0,207.0
27,198.0,187.0,219.0,202.0,191.0,195.0,219.0,202.0,202.0,200.0,190.0,203.0,202.0,199.0,211.0,206.0,193.0,202.0,202.0,197.0,195.0,189.0,199.0,217.0
28,202.0,206.0,189.0,204.0,210.0,199.0,208.0,207.0,202.0,207.0,194.0,219.0,205.0,196.0,192.0,202.0,207.0,198.0,222.0,205.0,199.0,210.0,182.0,186.0
"
"
March-2023,00:00:00,01:00:00,02:00:00,03:00:00,04:00:00,05:00:00,06:00:00,07:00:00,08:00:00,09:00:00,10:00:00,11:00:00,12:00:00,13:00:00,14:00:00,15:00:00,16:00:00,17:00:00,18:00:00,19:00:00,20:00:00,21:00:00,22:00:00,23:00:00
1,199.0,195.0,208.0,186.0,193.0,203.0,200.0,209.0,196.0,195.0,198.0,205.0,209.0,200.0,211.0,206.0,213.0,204.0,208.0,191.0,201.0,202.0,197.0,191.0
2,200.0,212.0,201.0,209.0,205.0,214.0,207.0,197.0,201.0,196.0,201.0,197.0,201.0,200.0,199.0,199.0,207.0,208.0,212.0,200.0,210.0,209.0,196.0,190.0
3,198.0,205.0,213.0,210.0,232.0,204.0,201.0,195.0,208.0,213.0,191.0,209.0,210.0,202.0,190.0,210.0,197.0,195.0,197.0,201.0,207.0,192.0,201.0,200.0
4,196.0,216.0,197.0,200.0,188.0,196.0,195.0,197.0,210.0,200.0,203.0,196.0,192.0,201.0,199.0,204.0,216.0,199.0,196.0,196.0,208.0,193.0,195.0,214.0
5,210.0,201.0,189.0,188.0,203.0,201.0,215.0,211.0,212.0,202.0,200.0,201.0,193.0,191.0,184.0,174.0,205.0,208.0,197.0,196.0,204.0,200.0,194.0,194.0
6,220.0,208.0,193.0,186.0,200.0,214.0,215.0,199.0,210.0,205.0,202.0,201.0,216.0,187.0,204.0,215.0,211.0,193.0,201.0,212.0,205.0,208.0,194.0,210.0
7,200.0,203.0,190.0,195.0,191.0,206.0,206.0,208.0,198.0,200.0,194.0,197.0,203.0,200.0,196.0,203.0,192.0,198.0,192.0,197.0,207.0,189.0,191.0,205.0
8,191.0,192.0,201.0,205.0,,203.0,189.0,193.0,203.0,198.0,197.0,193.0,195.0,193.0,189.0,222.0,194.0,217.0,207.0,205.0,185.0,205.0,212.0,199.0
9,197.0,209.0,199.0,207.0,192.0,208.0,209.0,194.0,205.0,213.0,206.0,209.0,192.0,201.0,204.0,201.0,202.0,186.0,209.0,192.0,193.0,197.0,199.0,186.0
10,213.0,202.0,192.0,209.0,231.0,186.0,196.0,214.0,200.0,208.0,200.0,168.0,,197.0,216.0,209.0,210.0,206.0,226.0,183.0,206.0,182.0,222.0,186.0
11,206.0,206.0,189.0,207.0,199.0,190.0,191.0,195.0,200.0,184.0,195.0,207.0,207.0,203.0,199.0,,,,201.0,196.0,208.0,198.0,212.0,210.0
12,199.0,194.0,204.0,196.0,200.0,187.0,205.0,205.0,208.0,208.0,207.0,210.0,198.0,199.0,210.0,201.0,202.0,207.0,205.0,235.0,214.0,,204.0,185.0
13,,220.0,196.0,182.0,216.0,196.0,196.0,196.0,196.0,208.0,205.0,195.0,199.0,200.0,190.0,214.0,207.0,186.0,204.0,210.0,188.0,204.0,202.0,211.0
14,207.0,208.0,194.0,219.0,179.0,200.0,211.0,179.0,192.0,196.0,194.0,205.0,222.0,188.0,188.0,196.0,209.0,244.0,235.0,229.0,225.0,216.0,202.0,
15,194.0,206.0,182.0,209.0,212.0,184.0,204.0,198.0,200.0,209.0,203.0,193.0,207.0,197.0,215.0,198.0,215.0,244.0,235.0,246.0,207.0,209.0,222.0,202.0
16,201.0,206.0,205.0,192.0,199.0,207.0,185.0,220.0,209.0,203.0,204.0,286.0,198.0,214.0,195.0,193.0,201.0,212.0,200.0,187.0,204.0,196.0,208.0,193.0
17,201.0,199.0,209.0,198.0,193.0,203.0,214.0,204.0,195.0,189.0,200.0,213.0,208.0,182.0,204.0,193.0,202.0,206.0,,,199.0,214.0,203.0,204.0
18,191.0,198.0,204.0,196.0,201.0,192.0,201.0,200.0,195.0,193.0,206.0,194.0,228.0,193.0,198.0,191.0,207.0,221.0,229.0,229.0,221.0,211.0,205.0,200.0
19,195.0,190.0,211.0,198.0,201.0,208.0,181.0,199.0,188.0,177.0,208.0,205.0,206.0,216.0,242.0,256.0,275.0,292.0,,297.0,282.0,259.0,247.0,234.0
20,215.0,220.0,216.0,207.0,204.0,204.0,201.0,208.0,198.0,198.0,203.0,197.0,223.0,,260.0,252.0,260.0,308.0,305.0,302.0,291.0,274.0,265.0,233.0
21,217.0,245.0,215.0,225.0,240.0,234.0,231.0,229.0,227.0,224.0,224.0,218.0,221.0,238.0,264.0,295.0,325.0,350.0,364.0,369.0,352.0,329.0,314.0,299.0
22,247.0,281.0,275.0,268.0,276.0,267.0,265.0,260.0,261.0,263.0,270.0,280.0,300.0,322.0,345.0,369.0,404.0,414.0,192.0,205.0,402.0,379.0,364.0,349.0
23,341.0,330.0,322.0,319.0,311.0,306.0,302.0,299.0,297.0,302.0,316.0,333.0,344.0,362.0,383.0,186.0,199.0,203.0,207.0,218.0,201.0,197.0,206.0,191.0
24,200.0,200.0,194.0,191.0,210.0,184.0,194.0,204.0,203.0,203.0,204.0,192.0,204.0,191.0,205.0,216.0,209.0,200.0,199.0,195.0,199.0,203.0,199.0,179.0
25,197.0,215.0,201.0,193.0,188.0,181.0,184.0,193.0,192.0,198.0,202.0,191.0,206.0,199.0,194.0,201.0,195.0,190.0,199.0,201.0,196.0,191.0,190.0,186.0
26,188.0,196.0,197.0,192.0,212.0,207.0,198.0,198.0,200.0,214.0,192.0,208.0,209.0,212.0,215.0,188.0,196.0,208.0,204.0,191.0,151.0,205.0,208.0,202.0
27,191.0,200.0,194.0,190.0,186.0,213.0,181.0,190.0,191.0,197.0,199.0,200.0,207.0,189.0,218.0,184.0,,,,,,,,
28,,,,,,,,,,,,,,,,,,,194.0,192.0,208.0,197.0,206.0,191.0
29,187.0,208.0,187.0,216.0,198.0,205.0,189.0,192.0,208.0,215.0,209.0,211.0,213.0,186.0,185.0,212.0,200.0,197.0,186.0,203.0,211.0,215.0,206.0,204.0
30,200.0,193.0,198.0,197.0,204.0,215.0,188.0,189.0,206.0,177.0,200.0,224.0,200.0,184.0,194.0,200.0,214.0,201.0,191.0,214.0,213.0,196.0,194.0,185.0
31,193.0,192.0,208.0,189.0,196.0,196.0,186.0,200.0,216.0,191.0,215.0,210.0,216.0,200.0,199.0,186.0,200.0,187.0,202.0,202.0,190.0,192.0,209.0,191.0
"
"
April-2023,00:00:00,01:00:00,02:00:00,03:00:00,04:00:00,05:00:00,06:00:00,07:00:00,08:00:00,09:00:00,10:00:00,11:00:00,12:00:00,13:00:00,14:00:00,15:00:00,16:00:00,17:00:00,18:00:00,19:00:00,20:00:00,21:00:00,22:00:00,23:00:00
1,201.0,203.0,199.0,196.0,199.0,209.0,193.0,208.0,207.0,185.0,195.0,189.0,186.0,192.0,189.0,200.0,200.0,194.0,191.0,205.0,193.0,204.0,202.0,196.0
2,204.0,194.0,198.0,205.0,204.0,199.0,202.0,199.0,207.0,202.0,209.0,212.0,189.0,199.0,190.0,204.0,200.0,204.0,206.0,203.0,192.0,198.0,199.0,207.0
3,200.0,201.0,189.0,204.0,203.0,193.0,198.0,196.0,205.0,200.0,198.0,210.0,202.0,198.0,195.0,198.0,199.0,188.0,206.0,206.0,192.0,204.0,194.0,184.0
4,193.0,189.0,190.0,202.0,200.0,191.0,202.0,204.0,195.0,206.0,204.0,201.0,207.0,188.0,202.0,205.0,200.0,196.0,197.0,189.0,192.0,200.0,199.0,207.0
5,163.0,195.0,205.0,201.0,201.0,202.0,187.0,192.0,206.0,193.0,207.0,208.0,196.0,212.0,202.0,194.0,204.0,194.0,202.0,193.0,199.0,216.0,192.0,191.0
6,202.0,202.0,183.0,204.0,190.0,198.0,182.0,194.0,199.0,205.0,201.0,206.0,209.0,210.0,202.0,202.0,196.0,204.0,194.0,198.0,187.0,208.0,190.0,208.0
7,198.0,201.0,196.0,193.0,194.0,,,,,,,,,,211.0,199.0,206.0,212.0,189.0,198.0,192.0,204.0,203.0,197.0
8,200.0,198.0,189.0,211.0,200.0,200.0,202.0,194.0,195.0,202.0,189.0,187.0,214.0,198.0,196.0,194.0,206.0,193.0,196.0,192.0,201.0,194.0,205.0,203.0
9,194.0,209.0,207.0,208.0,194.0,210.0,197.0,196.0,199.0,213.0,208.0,212.0,201.0,197.0,198.0,195.0,201.0,202.0,197.0,206.0,205.0,,,
10,,,,,,,,,,,,,,,,,,,,,,,,
11,,,,,,,,,,,,,,,,,,,,,,,,
12,,,,,,,,,,,202.0,204.0,258.0,293.0,278.0,222.0,199.0,218.0,187.0,189.0,200.0,197.0,184.0,205.0
13,201.0,209.0,206.0,,201.0,201.0,217.0,196.0,182.0,204.0,196.0,210.0,220.0,208.0,,,200.0,203.0,204.0,188.0,191.0,198.0,203.0,195.0
14,188.0,202.0,202.0,197.0,193.0,184.0,201.0,211.0,203.0,203.0,199.0,202.0,197.0,207.0,192.0,213.0,204.0,198.0,210.0,211.0,197.0,200.0,200.0,211.0
15,191.0,194.0,198.0,182.0,207.0,203.0,198.0,206.0,198.0,203.0,198.0,202.0,202.0,198.0,202.0,201.0,191.0,200.0,216.0,188.0,200.0,192.0,200.0,205.0
16,193.0,201.0,205.0,187.0,201.0,219.0,211.0,220.0,197.0,192.0,183.0,177.0,197.0,208.0,216.0,201.0,192.0,200.0,180.0,210.0,202.0,205.0,217.0,214.0
17,197.0,205.0,203.0,206.0,209.0,197.0,198.0,211.0,214.0,202.0,187.0,195.0,209.0,210.0,201.0,194.0,202.0,202.0,208.0,202.0,198.0,191.0,194.0,197.0
18,192.0,188.0,188.0,202.0,221.0,206.0,188.0,208.0,191.0,203.0,209.0,201.0,196.0,213.0,,,180.0,249.0,226.0,86.0,102.0,102.0,104.0,81.0
19,102.0,,,,,,,,,,,,,,,,,,,,,,,
20,,,,,,,,,,,55.0,79.0,43.0,72.0,92.0,55.0,52.0,60.0,64.0,73.0,68.0,66.0,93.0,75.0
21,56.0,44.0,47.0,32.0,36.0,40.0,42.0,66.0,112.0,110.0,60.0,44.0,38.0,46.0,83.0,52.0,48.0,52.0,40.0,40.0,40.0,54.0,62.0,72.0
22,73.0,67.0,60.0,36.0,33.0,27.0,32.0,39.0,34.0,26.0,,34.0,36.0,35.0,40.0,47.0,35.0,31.0,38.0,25.0,39.0,50.0,55.0,51.0
23,46.0,24.0,14.0,14.0,43.0,43.0,38.0,14.0,34.0,26.0,70.0,36.0,36.0,28.0,32.0,33.0,29.0,33.0,26.0,32.0,60.0,62.0,46.0,114.0
24,114.0,17.0,46.0,42.0,34.0,26.0,22.0,26.0,54.0,54.0,30.0,37.0,44.0,52.0,110.0,176.0,188.0,177.0,181.0,174.0,169.0,177.0,208.0,174.0
25,191.0,186.0,196.0,189.0,174.0,165.0,171.0,177.0,186.0,170.0,198.0,190.0,,,,,,,,,,,,
26,,,,,,,,,,,,,,,177.0,179.0,,,168.0,178.0,,,,
27,,190.0,,198.0,191.0,192.0,,,,,187.0,,,202.0,,205.0,,,176.0,189.0,,,,183.0
28,,183.0,,,,,164.0,,,,,,182.0,165.0,138.0,131.0,130.0,135.0,143.0,136.0,130.0,133.0,145.0,135.0
29,131.0,127.0,114.0,135.0,132.0,141.0,138.0,124.0,130.0,137.0,135.0,146.0,122.0,146.0,132.0,133.0,137.0,130.0,131.0,130.0,138.0,143.0,133.0,124.0
30,129.0,127.0,134.0,135.0,142.0,137.0,125.0,,143.0,134.0,,131.0,139.0,131.0,146.0,124.0,137.0,139.0,153.0,137.0,133.0,128.0,124.0,144.0
"
"
May-2023,00:00:00,01:00:00,02:00:00,03:00:00,04:00:00,05:00:00,06:00:00,07:00:00,08:00:00,09:00:00,10:00:00,11:00:00,12:00:00,13:00:00,14:00:00,15:00:00,16:00:00,17:00:00,18:00:00,19:00:00,20:00:00,21:00:00,22:00:00,23:00:00
1,139.0,133.0,137.0,141.0,133.0,132.0,136.0,140.0,142.0,127.0,134.0,132.0,132.0,136.0,136.0,140.0,129.0,136.0,137.0,127.0,128.0,127.0,142.0,139.0
2,140.0,134.0,141.0,135.0,139.0,137.0,141.0,142.0,137.0,131.0,149.0,142.0,138.0,133.0,138.0,,,,,,,,,
3,,,,,,,,,,,,,,,,,,,,,,,,
4,,,,,,,,,,,,,,,,,,,,,,,,
5,,,,,,,,,,,,,,,,,,,,,,,,
6,,,,,,,,,,,,,,,,,,,,,,147.0,131.0,131.0
7,148.0,132.0,128.0,137.0,133.0,138.0,131.0,147.0,126.0,138.0,131.0,123.0,139.0,137.0,133.0,133.0,128.0,134.0,120.0,143.0,133.0,131.0,145.0,127.0
8,138.0,132.0,142.0,130.0,136.0,131.0,135.0,125.0,135.0,147.0,144.0,131.0,132.0,122.0,139.0,135.0,128.0,132.0,123.0,135.0,136.0,151.0,133.0,136.0
9,134.0,140.0,132.0,138.0,135.0,143.0,126.0,130.0,143.0,136.0,138.0,137.0,138.0,129.0,136.0,136.0,126.0,124.0,144.0,131.0,137.0,141.0,135.0,142.0
10,127.0,130.0,126.0,129.0,136.0,149.0,,,,143.0,,138.0,,142.0,,,84.0,,,,,,,126.0
11,,128.0,,,,,,130.0,,,,,72.0,76.0,62.0,,45.0,44.0,,45.0,64.0,,,
12,,77.0,56.0,,,50.0,48.0,64.0,,,,,,,,,,,,72.0,,54.0,58.0,53.0
13,55.0,,44.0,,,,,37.0,42.0,,,,46.0,,,44.0,39.0,42.0,,,38.0,54.0,68.0,44.0
14,27.0,,,28.0,27.0,,,34.0,34.0,32.0,,98.0,,,,95.0,84.0,,,80.0,110.0,,,110.0
15,108.0,107.0,108.0,106.0,,,108.0,109.0,108.0,108.0,110.0,108.0,109.0,104.0,102.0,103.0,103.0,103.0,105.0,,106.0,112.0,112.0,112.0
16,110.0,106.0,102.0,103.0,103.0,104.0,106.0,107.0,108.0,106.0,111.0,105.0,104.0,101.0,96.0,100.0,94.0,97.0,96.0,,105.0,107.0,104.0,111.0
17,106.0,106.0,106.0,,104.0,105.0,101.0,106.0,108.0,106.0,108.0,106.0,104.0,101.0,96.0,96.0,96.0,102.0,101.0,108.0,109.0,110.0,114.0,118.0
18,110.0,107.0,104.0,105.0,102.0,103.0,102.0,109.0,108.0,113.0,110.0,109.0,103.0,101.0,96.0,98.0,89.0,213.0,500.0,110.0,110.0,,114.0,113.0
19,111.0,108.0,106.0,105.0,104.0,103.0,105.0,109.0,114.0,111.0,116.0,112.0,102.0,86.0,90.0,93.0,92.0,101.0,108.0,103.0,,,,
20,,,,,,,,,,,42.0,28.0,47.0,42.0,41.0,39.0,36.0,36.0,41.0,44.0,66.0,56.0,60.0,50.0
21,72.0,60.0,48.0,60.0,44.0,44.0,55.0,50.0,54.0,52.0,44.0,43.0,46.0,47.0,39.0,35.0,36.0,38.0,45.0,56.0,72.0,68.0,84.0,80.0
22,36.0,64.0,56.0,52.0,45.0,41.0,60.0,71.0,86.0,60.0,63.0,47.0,40.0,36.0,37.0,37.0,37.0,41.0,38.0,66.0,72.0,76.0,59.0,67.0
23,64.0,42.0,39.0,37.0,35.0,37.0,38.0,37.0,46.0,50.0,54.0,49.0,46.0,38.0,44.0,36.0,36.0,40.0,40.0,51.0,68.0,58.0,44.0,51.0
24,52.0,33.0,33.0,34.0,34.0,34.0,34.0,42.0,35.0,38.0,37.0,34.0,34.0,34.0,33.0,32.0,31.0,37.0,31.0,29.0,32.0,42.0,52.0,47.0
25,30.0,31.0,31.0,30.0,31.0,31.0,32.0,32.0,33.0,33.0,31.0,31.0,31.0,38.0,33.0,32.0,31.0,31.0,31.0,30.0,34.0,32.0,29.0,29.0
26,31.0,30.0,30.0,30.0,30.0,30.0,30.0,30.0,30.0,30.0,32.0,40.0,33.0,30.0,,34.0,33.0,34.0,34.0,33.0,,33.0,42.0,34.0
27,31.0,29.0,29.0,30.0,31.0,32.0,30.0,30.0,31.0,31.0,31.0,30.0,29.0,30.0,,31.0,31.0,31.0,31.0,29.0,27.0,40.0,36.0,43.0
28,53.0,34.0,,29.0,30.0,31.0,31.0,32.0,32.0,31.0,30.0,30.0,24.0,,,,,,,,,,,
29,,,,,,,,,,,,,,,,378.0,,386.0,475.0,304.0,84.0,83.0,93.0,80.0
30,80.0,64.0,62.0,58.0,48.0,46.0,50.0,75.0,70.0,74.0,92.0,82.0,81.0,72.0,60.0,49.0,33.0,153.0,162.0,,195.0,182.0,150.0,126.0
31,,116.0,92.0,94.0,93.0,84.0,94.0,128.0,150.0,191.0,237.0,250.0,244.0,185.0,164.0,157.0,106.0,97.0,92.0,124.0,166.0,166.0,153.0,111.0
"
"
June-2023,00:00:00,01:00:00,02:00:00,03:00:00,04:00:00,05:00:00,06:00:00,07:00:00,08:00:00,09:00:00,10:00:00,11:00:00,12:00:00,13:00:00,14:00:00,15:00:00,16:00:00,17:00:00,18:00:00,19:00:00,20:00:00,21:00:00,22:00:00,23:00:00
1,130.0,133.0,118.0,101.0,93.0,85.0,93.0,111.0,166.0,213.0,126.0,119.0,96.0,92.0,79.0,83.0,83.0,97.0,76.0,19.0,391.0,327.0,110.0,88.0
2,87.0,77.0,71.0,70.0,63.0,68.0,68.0,70.0,82.0,82.0,92.0,146.0,105.0,95.0,85.0,92.0,78.0,66.0,55.0,78.0,36.0,137.0,84.0,
3,170.0,77.0,85.0,64.0,40.0,,,49.0,56.0,45.0,5.0,82.0,62.0,46.0,44.0,43.0,37.0,33.0,50.0,55.0,63.0,53.0,44.0,47.0
4,51.0,57.0,63.0,54.0,47.0,41.0,43.0,55.0,54.0,61.0,51.0,68.0,59.0,61.0,66.0,83.0,76.0,66.0,55.0,84.0,94.0,84.0,84.0,66.0
5,64.0,54.0,64.0,68.0,48.0,46.0,42.0,46.0,60.0,51.0,49.0,45.0,62.0,65.0,65.0,68.0,79.0,75.0,73.0,79.0,88.0,91.0,91.0,81.0
6,78.0,91.0,87.0,82.0,90.0,85.0,77.0,80.0,79.0,81.0,97.0,86.0,83.0,88.0,,77.0,86.0,87.0,78.0,78.0,92.0,91.0,87.0,78.0
7,68.0,60.0,73.0,64.0,58.0,59.0,61.0,67.0,76.0,74.0,69.0,74.0,77.0,75.0,64.0,60.0,68.0,76.0,71.0,73.0,77.0,69.0,62.0,64.0
8,65.0,66.0,62.0,56.0,54.0,64.0,65.0,65.0,77.0,91.0,98.0,118.0,113.0,87.0,61.0,48.0,38.0,41.0,43.0,50.0,44.0,43.0,41.0,43.0
9,,,,,,,,,,,11.0,9.0,15.0,15.0,16.0,18.0,18.0,17.0,15.0,13.0,24.0,20.0,22.0,18.0
10,25.0,20.0,27.0,17.0,23.0,19.0,16.0,22.0,24.0,36.0,35.0,30.0,20.0,23.0,20.0,11.0,16.0,40.0,23.0,14.0,12.0,21.0,22.0,24.0
11,26.0,30.0,28.0,23.0,30.0,36.0,24.0,21.0,22.0,20.0,23.0,23.0,15.0,11.0,13.0,10.0,9.0,19.0,17.0,16.0,16.0,25.0,23.0,30.0
12,32.0,34.0,36.0,36.0,23.0,20.0,26.0,26.0,28.0,,30.0,30.0,24.0,18.0,15.0,15.0,18.0,27.0,14.0,15.0,14.0,10.0,21.0,27.0
13,24.0,,19.0,19.0,18.0,8.0,13.0,8.0,16.0,8.0,9.0,11.0,11.0,14.0,12.0,18.0,14.0,29.0,10.0,9.0,12.0,17.0,16.0,13.0
14,15.0,12.0,7.0,6.0,7.0,7.0,20.0,8.0,,24.0,21.0,11.0,10.0,17.0,15.0,19.0,88.0,105.0,94.0,60.0,57.0,64.0,58.0,65.0
15,50.0,46.0,56.0,52.0,50.0,47.0,40.0,42.0,42.0,53.0,59.0,61.0,69.0,74.0,71.0,66.0,59.0,66.0,71.0,69.0,69.0,52.0,44.0,54.0
16,63.0,64.0,,,,,,,,,,,,,,,,,,,,,,
17,,,,,,,,,,,,67.0,78.0,80.0,67.0,82.0,69.0,69.0,80.0,79.0,79.0,73.0,75.0,73.0
18,79.0,74.0,70.0,66.0,69.0,69.0,64.0,66.0,79.0,78.0,82.0,77.0,83.0,93.0,105.0,91.0,92.0,80.0,88.0,79.0,76.0,83.0,94.0,
19,89.0,86.0,80.0,73.0,68.0,65.0,62.0,64.0,71.0,70.0,69.0,65.0,76.0,69.0,74.0,72.0,81.0,88.0,85.0,87.0,85.0,86.0,89.0,92.0
20,73.0,63.0,79.0,69.0,65.0,70.0,72.0,72.0,70.0,83.0,89.0,79.0,84.0,87.0,68.0,,74.0,76.0,118.0,99.0,92.0,88.0,100.0,102.0
21,102.0,102.0,,85.0,,69.0,59.0,,,,,,90.0,90.0,89.0,87.0,,83.0,75.0,79.0,,81.0,80.0,
22,,88.0,,82.0,,63.0,60.0,,58.0,64.0,,,,,,54.0,137.0,138.0,135.0,,,,,
23,,,,,,128.0,,,,,143.0,,,143.0,11.0,,,,,,138.0,139.0,,
24,,,140.0,130.0,,,138.0,148.0,,134.0,151.0,,,,122.0,,,,,,,,,
25,,142.0,134.0,,,,,139.0,,142.0,146.0,,,,,,,,,,,,,
26,,,,,,,,,,,,,,,,,,,,,,175.0,,
27,,,,,348.0,300.0,301.0,500.0,,,,,500.0,,,,61.0,,,,,77.0,,65.0
28,48.0,44.0,,,40.0,,,,46.0,50.0,140.0,,,68.0,500.0,,,,,,136.0,,,
29,,138.0,,,,,144.0,,131.0,131.0,,,,142.0,139.0,137.0,,133.0,,141.0,,122.0,,136.0
30,,127.0,136.0,,128.0,,,136.0,136.0,,134.0,,,,135.0,127.0,,,,,,,122.0,141.0
"
"
July-2023,00:00:00,01:00:00,02:00:00,03:00:00,04:00:00,05:00:00,06:00:00,07:00:00,08:00:00,09:00:00,10:00:00,11:00:00,12:00:00,13:00:00,14:00:00,15:00:00,16:00:00,17:00:00,18:00:00,19:00:00,20:00:00,21:00:00,22:00:00,23:00:00
1,,137.0,137.0,137.0,138.0,134.0,134.0,128.0,137.0,135.0,140.0,136.0,136.0,134.0,140.0,126.0,141.0,136.0,134.0,131.0,130.0,130.0,136.0,137.0
2,139.0,135.0,131.0,130.0,136.0,136.0,140.0,134.0,137.0,129.0,132.0,133.0,134.0,136.0,134.0,135.0,126.0,128.0,132.0,137.0,134.0,131.0,136.0,136.0
3,129.0,134.0,133.0,138.0,136.0,139.0,132.0,134.0,139.0,136.0,127.0,133.0,,133.0,135.0,140.0,134.0,137.0,139.0,132.0,132.0,138.0,133.0,136.0
4,131.0,132.0,143.0,127.0,147.0,141.0,135.0,139.0,132.0,140.0,134.0,131.0,141.0,137.0,127.0,132.0,139.0,132.0,132.0,141.0,139.0,134.0,131.0,146.0
5,133.0,129.0,135.0,132.0,140.0,125.0,134.0,136.0,132.0,141.0,139.0,135.0,89.0,91.0,94.0,90.0,89.0,88.0,90.0,164.0,186.0,185.0,127.0,89.0
6,87.0,108.0,90.0,89.0,93.0,94.0,89.0,90.0,88.0,92.0,90.0,87.0,122.0,88.0,90.0,88.0,85.0,90.0,90.0,90.0,95.0,87.0,88.0,84.0
7,92.0,90.0,91.0,93.0,86.0,90.0,88.0,90.0,88.0,94.0,84.0,89.0,89.0,91.0,94.0,90.0,91.0,92.0,91.0,89.0,88.0,93.0,90.0,89.0
8,91.0,89.0,88.0,88.0,94.0,87.0,89.0,91.0,92.0,87.0,93.0,87.0,91.0,93.0,90.0,90.0,89.0,90.0,90.0,89.0,95.0,91.0,87.0,92.0
9,88.0,91.0,90.0,88.0,,,88.0,87.0,91.0,91.0,92.0,87.0,89.0,91.0,92.0,89.0,88.0,89.0,94.0,87.0,91.0,90.0,90.0,90.0
10,87.0,90.0,,86.0,89.0,,,90.0,,88.0,89.0,,,,,85.0,89.0,,,,,128.0,130.0,
11,,,,124.0,,121.0,,,,,,,,,,,,,,,,,,
12,,,,,,,,,,,,,,,,,,,,,,,,
13,,,,,,,,,,,,,,,,,,,,,,,,
14,,,,,,,,,,,,,,,,,,,,,,,,
15,,,,,,,,,,,,,,,,,,,,,,,,
16,,,,,,,,,,,,,,,,,,,,,,,,
17,,,,,,,,,,,,,,,,,,,,,,,,
18,,,,,,,,,,,,,,,,,,,,,,,,
19,,,,,,,,,,,,,,,,,,,,,,,,
20,,,,,,,,,,,,,,,,,,,,,,,,
21,,,,,,,,,,,,,,,,,,,,,,,,
22,,,,,,,,,,,,,,,,,,,,,,,,
23,,,,,,,,,,,,,,,,,,,,,,,,
24,,,,,,,,,,,,,,,,,,,,,,,,
25,,,,,,,,,,,,,,,,,,,,,,,,
26,,,,,,,,,,,,,,,,,,,,,,,,
27,,,,,,,,,,,,,,,,,,,,,,,,
28,,,,,,,,,,,,,,,,,,,,,,,,
29,,,,,,,,,,,,,,,,,,,,,,,,
30,,,,,,,,,,,,,,,,,,,,,,,,
31,,,,,,,,,,,,,,,,,,,,,,,,
"
"
August-2023,00:00:00,01:00:00,02:00:00,03:00:00,04:00:00,05:00:00,06:00:00,07:00:00,08:00:00,09:00:00,10:00:00,11:00:00,12:00:00,13:00:00,14:00:00,15:00:00,16:00:00,17:00:00,18:00:00,19:00:00,20:00:00,21:00:00,22:00:00,23:00:00
1,,66.0,60.0,57.0,57.0,115.0,103.0,43.0,82.0,50.0,52.0,78.0,51.0,53.0,44.0,63.0,59.0,58.0,62.0,74.0,82.0,107.0,80.0,60.0
2,54.0,52.0,49.0,54.0,53.0,50.0,46.0,44.0,51.0,50.0,108.0,104.0,127.0,196.0,104.0,104.0,104.0,104.0,63.0,61.0,67.0,103.0,120.0,126.0
3,122.0,135.0,135.0,130.0,110.0,106.0,81.0,47.0,59.0,62.0,55.0,72.0,67.0,64.0,55.0,60.0,60.0,,56.0,55.0,66.0,61.0,77.0,53.0
4,54.0,44.0,39.0,47.0,46.0,31.0,41.0,42.0,52.0,63.0,49.0,68.0,65.0,47.0,45.0,48.0,42.0,,,,,,,
5,,,,,,,,,,,,,,,,,41.0,42.0,48.0,96.0,172.0,,51.0,41.0
6,,36.0,37.0,33.0,46.0,48.0,41.0,32.0,35.0,31.0,34.0,34.0,42.0,35.0,47.0,48.0,47.0,39.0,44.0,50.0,49.0,51.0,47.0,45.0
7,35.0,36.0,41.0,48.0,45.0,43.0,38.0,37.0,35.0,41.0,33.0,35.0,38.0,35.0,36.0,37.0,,31.0,50.0,43.0,48.0,37.0,39.0,34.0
8,39.0,31.0,47.0,51.0,46.0,37.0,38.0,45.0,41.0,43.0,42.0,37.0,37.0,38.0,39.0,35.0,43.0,31.0,36.0,35.0,34.0,44.0,35.0,41.0
9,46.0,30.0,29.0,32.0,37.0,52.0,32.0,30.0,42.0,41.0,37.0,59.0,40.0,37.0,44.0,44.0,37.0,41.0,54.0,49.0,50.0,33.0,38.0,49.0
10,48.0,,,,,,,,,,,,,,,,,,,,,,,
11,,,,,,,,,,,,,,,,,,,,,,,,
12,,,,,,,,,,,,,,,,,,,,,,,,
13,,,,,,,,,,,,,,,,,,,,,,,,
14,,,,,,,,,,,,,,,,,,,,,,,,
15,,,,,,,,,,,,,,,,,,,,,,,,
16,,,,,,,,,,,,,,,,,,,,,,,,
17,,,,,,,,,,,,,,,,53.0,,,,,,,,
18,,,,,,,,,,,,,,,,,,,,,,,,
19,,,,,,,,,,,,,,,,,,,,,,,,
20,,,,,,,,52.0,54.0,,,,48.0,,,,,,,,,,,
21,,,,,,,,,,,,,,,54.0,,,,,,,,,
22,,,,,,,,,,,,,,,,,,,,,,,,
23,,,,,,,,,,,,,,,,,,,,,,,,
24,,,,,,,,,,,,,,,,,,,,,,,,
25,,,,,,,,,,,,,,,,,,,,182.0,176.0,191.0,131.0,180.0
26,178.0,122.0,123.0,120.0,122.0,78.0,111.0,97.0,111.0,103.0,103.0,111.0,121.0,162.0,135.0,109.0,112.0,244.0,110.0,120.0,114.0,100.0,227.0,125.0
27,67.0,147.0,157.0,104.0,52.0,50.0,112.0,77.0,87.0,148.0,78.0,76.0,115.0,108.0,65.0,81.0,70.0,81.0,74.0,77.0,108.0,127.0,92.0,95.0
28,182.0,144.0,140.0,123.0,93.0,101.0,109.0,116.0,128.0,160.0,110.0,114.0,160.0,95.0,111.0,124.0,105.0,109.0,131.0,120.0,129.0,194.0,210.0,176.0
29,193.0,177.0,211.0,168.0,146.0,112.0,246.0,272.0,214.0,141.0,158.0,170.0,158.0,135.0,180.0,148.0,164.0,191.0,153.0,173.0,188.0,201.0,175.0,181.0
30,191.0,162.0,183.0,145.0,157.0,220.0,413.0,360.0,276.0,434.0,298.0,186.0,287.0,193.0,177.0,175.0,163.0,127.0,133.0,124.0,151.0,163.0,140.0,146.0
31,193.0,155.0,160.0,114.0,190.0,312.0,155.0,176.0,303.0,343.0,,,,,,,171.0,186.0,196.0,187.0,185.0,168.0,193.0,177.0
"
"
September-2023,00:00:00,01:00:00,02:00:00,03:00:00,04:00:00,05:00:00,06:00:00,07:00:00,08:00:00,09:00:00,10:00:00,11:00:00,12:00:00,13:00:00,14:00:00,15:00:00,16:00:00,17:00:00,18:00:00,19:00:00,20:00:00,21:00:00,22:00:00,23:00:00
1,176.0,141.0,122.0,134.0,156.0,113.0,127.0,175.0,263.0,239.0,197.0,253.0,247.0,159.0,218.0,289.0,231.0,186.0,242.0,304.0,201.0,230.0,273.0,248.0
2,243.0,195.0,183.0,160.0,176.0,138.0,130.0,303.0,103.0,147.0,320.0,54.0,92.0,290.0,245.0,106.0,112.0,131.0,247.0,167.0,111.0,129.0,306.0,257.0
3,170.0,157.0,248.0,272.0,213.0,173.0,214.0,97.0,99.0,155.0,181.0,311.0,180.0,90.0,163.0,428.0,309.0,274.0,304.0,305.0,263.0,252.0,169.0,244.0
4,280.0,293.0,123.0,167.0,210.0,163.0,155.0,130.0,315.0,317.0,276.0,250.0,311.0,305.0,242.0,264.0,234.0,245.0,278.0,,,,,
5,,,,,,,,,,,,,,,,,,,,,,,,
6,,,,,,,,,,,,,,,,,,173.0,174.0,185.0,167.0,184.0,167.0,179.0
7,147.0,137.0,159.0,153.0,135.0,112.0,125.0,142.0,114.0,78.0,91.0,110.0,107.0,105.0,94.0,88.0,70.0,67.0,79.0,70.0,52.0,62.0,100.0,103.0
8,112.0,99.0,104.0,101.0,108.0,102.0,78.0,98.0,105.0,112.0,106.0,101.0,52.0,101.0,68.0,56.0,54.0,66.0,99.0,108.0,101.0,97.0,86.0,78.0
9,116.0,123.0,95.0,99.0,103.0,105.0,96.0,103.0,113.0,155.0,122.0,115.0,82.0,180.0,189.0,113.0,108.0,111.0,161.0,116.0,116.0,117.0,120.0,118.0
10,103.0,122.0,107.0,106.0,101.0,94.0,86.0,101.0,114.0,100.0,81.0,98.0,85.0,107.0,74.0,73.0,83.0,118.0,112.0,72.0,136.0,83.0,80.0,98.0
11,95.0,96.0,57.0,75.0,93.0,66.0,84.0,51.0,108.0,114.0,75.0,89.0,83.0,90.0,99.0,98.0,98.0,115.0,109.0,115.0,114.0,125.0,122.0,155.0
12,120.0,106.0,114.0,98.0,82.0,63.0,107.0,242.0,144.0,86.0,98.0,118.0,112.0,107.0,168.0,156.0,105.0,129.0,135.0,174.0,122.0,106.0,111.0,130.0
13,111.0,120.0,108.0,95.0,83.0,86.0,105.0,143.0,140.0,99.0,92.0,109.0,147.0,114.0,194.0,106.0,82.0,114.0,144.0,145.0,121.0,111.0,119.0,117.0
14,149.0,120.0,125.0,113.0,93.0,84.0,101.0,114.0,109.0,193.0,80.0,326.0,347.0,84.0,106.0,112.0,165.0,151.0,65.0,67.0,85.0,193.0,319.0,168.0
15,96.0,221.0,266.0,147.0,194.0,214.0,181.0,201.0,268.0,222.0,85.0,304.0,348.0,64.0,58.0,70.0,52.0,52.0,58.0,59.0,52.0,52.0,50.0,52.0
16,54.0,51.0,55.0,,,,,,,,,,,,,,,52.0,69.0,56.0,52.0,75.0,64.0,64.0
17,63.0,53.0,60.0,64.0,48.0,52.0,44.0,46.0,69.0,70.0,53.0,46.0,46.0,61.0,45.0,46.0,48.0,50.0,46.0,59.0,58.0,44.0,46.0,49.0
18,45.0,52.0,54.0,51.0,54.0,52.0,52.0,51.0,54.0,52.0,53.0,54.0,56.0,46.0,52.0,51.0,54.0,54.0,52.0,52.0,51.0,52.0,54.0,55.0
19,52.0,44.0,44.0,44.0,43.0,44.0,45.0,46.0,46.0,44.0,46.0,44.0,44.0,45.0,44.0,44.0,44.0,46.0,46.0,46.0,46.0,46.0,46.0,48.0
20,45.0,47.0,46.0,46.0,45.0,46.0,44.0,46.0,44.0,48.0,46.0,46.0,46.0,45.0,45.0,44.0,46.0,46.0,45.0,46.0,44.0,45.0,44.0,46.0
21,53.0,54.0,53.0,52.0,53.0,52.0,52.0,54.0,54.0,52.0,52.0,61.0,134.0,52.0,52.0,54.0,54.0,52.0,52.0,54.0,53.0,53.0,53.0,52.0
22,52.0,44.0,46.0,42.0,44.0,46.0,44.0,43.0,46.0,47.0,46.0,46.0,67.0,53.0,45.0,43.0,46.0,45.0,45.0,46.0,53.0,52.0,44.0,89.0
23,102.0,67.0,66.0,59.0,72.0,142.0,107.0,86.0,105.0,106.0,67.0,116.0,63.0,58.0,72.0,51.0,53.0,52.0,52.0,52.0,50.0,52.0,51.0,52.0
24,54.0,46.0,44.0,46.0,45.0,44.0,47.0,46.0,55.0,105.0,81.0,51.0,80.0,51.0,59.0,74.0,55.0,,,,,,,
25,,,,,,,,,,,,,69.0,59.0,52.0,52.0,53.0,52.0,54.0,52.0,49.0,52.0,50.0,52.0
26,50.0,82.0,54.0,54.0,80.0,63.0,72.0,83.0,102.0,123.0,99.0,79.0,110.0,106.0,109.0,96.0,85.0,68.0,74.0,89.0,79.0,58.0,52.0,53.0
27,47.0,45.0,45.0,44.0,46.0,53.0,79.0,68.0,75.0,99.0,125.0,95.0,92.0,114.0,88.0,72.0,94.0,113.0,53.0,46.0,53.0,63.0,69.0,56.0
28,78.0,105.0,73.0,92.0,83.0,84.0,90.0,98.0,120.0,129.0,114.0,131.0,100.0,114.0,112.0,101.0,78.0,45.0,84.0,106.0,82.0,84.0,96.0,61.0
29,66.0,61.0,72.0,63.0,73.0,89.0,84.0,87.0,95.0,140.0,156.0,99.0,108.0,90.0,110.0,107.0,87.0,106.0,109.0,113.0,69.0,54.0,54.0,56.0
30,65.0,109.0,73.0,83.0,73.0,88.0,74.0,118.0,205.0,138.0,113.0,112.0,121.0,179.0,108.0,74.0,89.0,89.0,97.0,146.0,106.0,80.0,64.0,46.0
"
"
October-2023,00:00:00,01:00:00,02:00:00,03:00:00,04:00:00,05:00:00,06:00:00,07:00:00,08:00:00,09:00:00,10:00:00,11:00:00,12:00:00,13:00:00,14:00:00,15:00:00,16:00:00,17:00:00,18:00:00,19:00:00,20:00:00,21:00:00,22:00:00,23:00:00
1,63.0,74.0,64.0,45.0,47.0,54.0,52.0,46.0,79.0,114.0,112.0,99.0,80.0,106.0,113.0,106.0,177.0,145.0,110.0,100.0,101.0,100.0,96.0,96.0
2,91.0,87.0,103.0,97.0,89.0,83.0,72.0,74.0,61.0,63.0,98.0,95.0,69.0,88.0,99.0,77.0,93.0,91.0,117.0,105.0,85.0,96.0,105.0,105.0
3,109.0,106.0,104.0,97.0,101.0,114.0,116.0,109.0,117.0,171.0,125.0,126.0,115.0,106.0,102.0,101.0,97.0,90.0,99.0,94.0,90.0,85.0,91.0,99.0
4,92.0,91.0,96.0,93.0,95.0,100.0,102.0,102.0,130.0,157.0,113.0,141.0,100.0,100.0,105.0,105.0,93.0,101.0,107.0,104.0,109.0,106.0,105.0,96.0
5,98.0,94.0,90.0,91.0,101.0,102.0,104.0,110.0,179.0,139.0,116.0,126.0,110.0,116.0,115.0,107.0,101.0,107.0,104.0,102.0,102.0,108.0,99.0,106.0
6,105.0,92.0,94.0,105.0,99.0,103.0,103.0,115.0,130.0,137.0,123.0,125.0,114.0,118.0,116.0,110.0,107.0,101.0,111.0,113.0,104.0,102.0,107.0,109.0
7,106.0,103.0,100.0,102.0,111.0,91.0,95.0,117.0,114.0,141.0,123.0,123.0,103.0,106.0,102.0,99.0,110.0,102.0,101.0,106.0,101.0,103.0,93.0,101.0
8,94.0,98.0,104.0,104.0,98.0,111.0,108.0,115.0,130.0,113.0,105.0,111.0,98.0,95.0,99.0,82.0,89.0,100.0,89.0,90.0,98.0,102.0,108.0,
9,,,,,,,,,,,,,,,,,,,,,,,,
10,,,,,,,,,,,,,,,,,,,,,,,,
11,,,,,,,,,,,,,,68.0,99.0,86.0,78.0,93.0,80.0,100.0,90.0,73.0,103.0,96.0
12,99.0,119.0,104.0,87.0,107.0,97.0,92.0,105.0,138.0,123.0,114.0,174.0,100.0,114.0,107.0,76.0,100.0,101.0,234.0,,,,,
13,,,,,,,,,,,,,,156.0,198.0,128.0,186.0,304.0,212.0,165.0,121.0,139.0,151.0,118.0
14,196.0,132.0,141.0,138.0,156.0,202.0,184.0,215.0,283.0,311.0,193.0,163.0,166.0,252.0,226.0,187.0,149.0,158.0,154.0,154.0,137.0,115.0,115.0,117.0
15,117.0,113.0,101.0,108.0,115.0,119.0,108.0,106.0,148.0,139.0,108.0,120.0,119.0,103.0,105.0,117.0,112.0,120.0,109.0,91.0,95.0,101.0,121.0,114.0
16,121.0,123.0,127.0,119.0,139.0,132.0,147.0,151.0,170.0,176.0,155.0,147.0,141.0,125.0,114.0,147.0,126.0,143.0,158.0,129.0,125.0,137.0,162.0,171.0
17,126.0,221.0,218.0,108.0,128.0,144.0,197.0,192.0,231.0,222.0,124.0,173.0,181.0,97.0,118.0,110.0,106.0,105.0,132.0,222.0,186.0,155.0,107.0,141.0
18,98.0,142.0,117.0,110.0,130.0,124.0,159.0,159.0,178.0,257.0,185.0,170.0,166.0,154.0,137.0,113.0,125.0,144.0,136.0,117.0,130.0,135.0,111.0,138.0
19,113.0,190.0,127.0,204.0,101.0,104.0,129.0,151.0,237.0,294.0,181.0,158.0,168.0,129.0,109.0,116.0,105.0,166.0,164.0,140.0,114.0,173.0,206.0,171.0
20,186.0,159.0,174.0,159.0,185.0,159.0,149.0,194.0,186.0,236.0,220.0,129.0,183.0,138.0,167.0,166.0,192.0,148.0,156.0,179.0,256.0,148.0,121.0,140.0
21,122.0,125.0,113.0,118.0,103.0,101.0,98.0,107.0,116.0,130.0,118.0,113.0,127.0,99.0,93.0,72.0,43.0,138.0,136.0,149.0,168.0,165.0,159.0,159.0
22,191.0,220.0,220.0,233.0,227.0,219.0,223.0,221.0,238.0,238.0,230.0,212.0,201.0,181.0,202.0,209.0,197.0,186.0,191.0,187.0,177.0,169.0,165.0,150.0
23,156.0,156.0,153.0,134.0,134.0,131.0,165.0,197.0,248.0,271.0,266.0,283.0,267.0,227.0,205.0,184.0,169.0,155.0,141.0,160.0,170.0,198.0,216.0,235.0
24,220.0,249.0,269.0,271.0,272.0,279.0,267.0,254.0,258.0,262.0,271.0,255.0,224.0,162.0,172.0,171.0,162.0,161.0,160.0,132.0,137.0,152.0,163.0,193.0
25,302.0,191.0,190.0,187.0,181.0,176.0,168.0,159.0,154.0,158.0,162.0,168.0,160.0,146.0,126.0,126.0,133.0,136.0,129.0,136.0,141.0,144.0,151.0,151.0
26,160.0,160.0,169.0,182.0,179.0,175.0,162.0,,,,,,160.0,153.0,,,,,,,,,,
27,,,,,,,,,,,,,,,,,,,,137.0,137.0,148.0,139.0,170.0
28,149.0,159.0,179.0,199.0,205.0,195.0,186.0,180.0,177.0,174.0,176.0,173.0,171.0,159.0,149.0,140.0,143.0,139.0,141.0,144.0,145.0,145.0,159.0,164.0
29,215.0,167.0,172.0,167.0,164.0,164.0,157.0,150.0,150.0,153.0,156.0,152.0,148.0,145.0,143.0,138.0,137.0,131.0,128.0,124.0,128.0,123.0,130.0,133.0
30,146.0,170.0,187.0,207.0,210.0,198.0,168.0,154.0,158.0,164.0,216.0,248.0,252.0,218.0,198.0,191.0,162.0,170.0,170.0,181.0,199.0,220.0,180.0,181.0
31,192.0,206.0,225.0,236.0,236.0,229.0,215.0,182.0,199.0,218.0,230.0,234.0,231.0,216.0,200.0,173.0,168.0,158.0,160.0,154.0,164.0,201.0,193.0,204.0
"
"
November-2023,00:00:00,01:00:00,02:00:00,03:00:00,04:00:00,05:00:00,06:00:00,07:00:00,08:00:00,09:00:00,10:00:00,11:00:00,12:00:00,13:00:00,14:00:00,15:00:00,16:00:00,17:00:00,18:00:00,19:00:00,20:00:00,21:00:00,22:00:00,23:00:00
1,171.0,218.0,210.0,191.0,192.0,199.0,232.0,224.0,240.0,246.0,266.0,255.0,251.0,220.0,187.0,179.0,175.0,165.0,179.0,194.0,178.0,189.0,179.0,171.0
2,189.0,162.0,166.0,168.0,168.0,173.0,156.0,154.0,157.0,162.0,174.0,172.0,167.0,166.0,111.0,108.0,150.0,146.0,,135.0,191.0,185.0,177.0,184.0
3,214.0,216.0,190.0,196.0,201.0,,,,,,,233.0,255.0,250.0,238.0,205.0,185.0,167.0,178.0,176.0,192.0,197.0,216.0,223.0
4,225.0,231.0,260.0,265.0,236.0,190.0,184.0,179.0,152.0,189.0,187.0,192.0,193.0,208.0,220.0,237.0,233.0,229.0,,,,,,
5,,,,,,,,,,,,,,,,,,,,,,,,
6,,,,,,,,,,,,,269.0,245.0,223.0,192.0,194.0,185.0,151.0,184.0,198.0,223.0,256.0,276.0
7,282.0,274.0,273.0,265.0,242.0,222.0,210.0,201.0,197.0,220.0,234.0,239.0,242.0,233.0,216.0,186.0,171.0,168.0,,174.0,178.0,180.0,174.0,177.0
8,187.0,187.0,194.0,211.0,210.0,205.0,200.0,206.0,199.0,216.0,222.0,145.0,46.0,95.0,60.0,60.0,60.0,,60.0,140.0,74.0,71.0,81.0,92.0
9,127.0,183.0,202.0,186.0,179.0,169.0,158.0,151.0,148.0,163.0,209.0,222.0,208.0,127.0,108.0,116.0,115.0,94.0,96.0,105.0,120.0,156.0,183.0,171.0
10,129.0,90.0,83.0,78.0,76.0,60.0,62.0,62.0,79.0,81.0,98.0,142.0,140.0,134.0,122.0,109.0,100.0,95.0,99.0,126.0,122.0,118.0,111.0,101.0
11,100.0,112.0,110.0,100.0,102.0,99.0,93.0,105.0,109.0,164.0,160.0,166.0,153.0,168.0,158.0,147.0,136.0,143.0,155.0,167.0,175.0,197.0,244.0,294.0
12,310.0,312.0,308.0,301.0,248.0,181.0,187.0,179.0,172.0,187.0,218.0,218.0,169.0,155.0,123.0,129.0,128.0,111.0,127.0,124.0,146.0,183.0,358.0,357.0
13,427.0,488.0,496.0,457.0,276.0,174.0,128.0,195.0,155.0,173.0,165.0,156.0,162.0,146.0,134.0,129.0,115.0,117.0,102.0,116.0,136.0,137.0,138.0,139.0
14,160.0,149.0,151.0,159.0,171.0,182.0,246.0,277.0,,258.0,253.0,247.0,202.0,187.0,172.0,157.0,153.0,146.0,160.0,151.0,163.0,210.0,259.0,310.0
15,322.0,321.0,323.0,327.0,323.0,321.0,318.0,306.0,280.0,265.0,269.0,252.0,231.0,203.0,182.0,169.0,158.0,159.0,152.0,170.0,181.0,191.0,197.0,224.0
16,286.0,289.0,315.0,314.0,316.0,312.0,311.0,304.0,305.0,300.0,281.0,277.0,250.0,219.0,176.0,171.0,166.0,181.0,186.0,192.0,209.0,218.0,202.0,200.0
17,209.0,221.0,233.0,265.0,253.0,258.0,256.0,253.0,243.0,232.0,241.0,239.0,236.0,237.0,227.0,214.0,205.0,189.0,208.0,210.0,220.0,219.0,232.0,249.0
18,262.0,289.0,294.0,294.0,297.0,254.0,245.0,248.0,231.0,245.0,263.0,267.0,251.0,251.0,216.0,197.0,178.0,180.0,165.0,165.0,186.0,195.0,216.0,218.0
19,263.0,276.0,290.0,286.0,293.0,277.0,288.0,280.0,268.0,267.0,256.0,238.0,252.0,214.0,204.0,186.0,178.0,116.0,131.0,121.0,108.0,108.0,116.0,102.0
20,124.0,130.0,144.0,157.0,156.0,152.0,142.0,113.0,106.0,152.0,148.0,166.0,169.0,175.0,148.0,130.0,134.0,122.0,132.0,134.0,156.0,162.0,155.0,173.0
21,182.0,185.0,200.0,200.0,228.0,224.0,240.0,223.0,239.0,208.0,265.0,271.0,254.0,234.0,219.0,179.0,192.0,,,,,,,
22,,,,,,,,,,,,,,,,,,,,,,,,
23,,,,,,,,,,,,211.0,52.0,157.0,156.0,159.0,182.0,147.0,136.0,160.0,156.0,184.0,206.0,227.0
24,249.0,255.0,264.0,256.0,259.0,256.0,249.0,242.0,264.0,271.0,262.0,253.0,237.0,217.0,183.0,63.0,42.0,105.0,110.0,181.0,244.0,288.0,269.0,222.0
25,283.0,301.0,304.0,308.0,307.0,288.0,215.0,192.0,162.0,168.0,142.0,146.0,146.0,136.0,127.0,143.0,156.0,146.0,143.0,139.0,122.0,133.0,150.0,158.0
26,215.0,216.0,248.0,306.0,305.0,302.0,300.0,196.0,109.0,100.0,120.0,221.0,231.0,212.0,203.0,193.0,160.0,127.0,128.0,133.0,99.0,84.0,77.0,86.0
27,76.0,75.0,64.0,65.0,63.0,60.0,63.0,71.0,82.0,116.0,178.0,226.0,235.0,180.0,166.0,128.0,86.0,73.0,66.0,74.0,79.0,90.0,99.0,107.0
28,102.0,112.0,103.0,103.0,102.0,93.0,99.0,107.0,111.0,165.0,180.0,185.0,168.0,199.0,146.0,127.0,51.0,,,,,,,
29,,255.0,246.0,239.0,221.0,170.0,183.0,249.0,266.0,292.0,305.0,310.0,304.0,242.0,165.0,119.0,103.0,102.0,119.0,48.0,79.0,110.0,129.0,125.0
30,115.0,122.0,139.0,154.0,157.0,152.0,141.0,140.0,155.0,176.0,136.0,133.0,129.0,123.0,106.0,101.0,89.0,81.0,80.0,89.0,94.0,106.0,111.0,112.0
"
"
December-2023,00:00:00,01:00:00,02:00:00,03:00:00,04:00:00,05:00:00,06:00:00,07:00:00,08:00:00,09:00:00,10:00:00,11:00:00,12:00:00,13:00:00,14:00:00,15:00:00,16:00:00,17:00:00,18:00:00,19:00:00,20:00:00,21:00:00,22:00:00,23:00:00
1,109.0,105.0,107.0,111.0,114.0,115.0,120.0,124.0,136.0,149.0,149.0,149.0,141.0,,,,,,,,,,,
2,,,,,,,,,,,,,,,,,,,,,,,,
3,,,,,,,,,,,,,,,,,,,,,,,,
4,,,,,,,,,,,,,,,,,,,,,,,,
5,,,,,,,,,,,,,,,,,,,,,,,125.0,143.0
6,150.0,144.0,149.0,132.0,,,,,,,,,,,,,,,,,,,,
7,,,,,,,,,,,331.0,251.0,165.0,159.0,151.0,139.0,135.0,130.0,122.0,121.0,124.0,135.0,139.0,163.0
8,193.0,203.0,212.0,233.0,226.0,204.0,191.0,190.0,200.0,217.0,230.0,215.0,185.0,169.0,,,,,,,,,,
9,,,,,,,,,,,,,,,,,,,,,,,,
10,,,,,,,,,,,,,,,,,,,,,,,,
11,,,,,,,,,,,,179.0,233.0,211.0,204.0,167.0,142.0,122.0,120.0,122.0,131.0,145.0,152.0,163.0
12,182.0,185.0,169.0,163.0,174.0,188.0,200.0,204.0,220.0,249.0,276.0,278.0,269.0,231.0,216.0,199.0,,,,,,,,
13,,,,,,,,,,,,295.0,272.0,217.0,201.0,203.0,48.0,118.0,132.0,132.0,141.0,158.0,161.0,184.0
14,209.0,211.0,224.0,219.0,217.0,230.0,210.0,176.0,162.0,175.0,202.0,219.0,210.0,211.0,195.0,158.0,120.0,121.0,131.0,156.0,178.0,183.0,168.0,167.0
15,183.0,220.0,251.0,257.0,252.0,252.0,258.0,241.0,228.0,243.0,243.0,240.0,236.0,221.0,195.0,156.0,130.0,122.0,121.0,135.0,149.0,152.0,,173.0
16,200.0,226.0,300.0,301.0,300.0,303.0,276.0,301.0,268.0,256.0,259.0,285.0,251.0,254.0,205.0,185.0,139.0,116.0,112.0,116.0,128.0,144.0,157.0,180.0
17,223.0,253.0,265.0,255.0,239.0,230.0,228.0,221.0,215.0,222.0,209.0,206.0,214.0,207.0,193.0,181.0,170.0,183.0,203.0,220.0,241.0,256.0,228.0,270.0
18,273.0,270.0,236.0,214.0,193.0,168.0,194.0,201.0,208.0,203.0,207.0,227.0,231.0,225.0,210.0,203.0,192.0,193.0,211.0,250.0,274.0,270.0,267.0,262.0
19,246.0,225.0,196.0,174.0,176.0,156.0,168.0,170.0,158.0,169.0,189.0,215.0,213.0,205.0,202.0,196.0,181.0,179.0,191.0,229.0,294.0,307.0,309.0,308.0
20,302.0,272.0,249.0,209.0,183.0,181.0,169.0,163.0,165.0,167.0,199.0,221.0,232.0,233.0,229.0,224.0,208.0,175.0,203.0,192.0,177.0,163.0,192.0,215.0
21,232.0,243.0,245.0,212.0,183.0,176.0,181.0,207.0,196.0,197.0,210.0,201.0,196.0,99.0,160.0,195.0,205.0,185.0,190.0,200.0,191.0,200.0,206.0,204.0
22,176.0,196.0,185.0,207.0,215.0,216.0,205.0,198.0,206.0,220.0,225.0,219.0,219.0,221.0,94.0,190.0,154.0,171.0,167.0,220.0,208.0,181.0,223.0,279.0
23,192.0,139.0,214.0,207.0,216.0,216.0,218.0,206.0,201.0,232.0,230.0,222.0,198.0,187.0,161.0,194.0,189.0,171.0,188.0,215.0,189.0,235.0,263.0,237.0
24,281.0,293.0,263.0,296.0,302.0,301.0,301.0,292.0,261.0,294.0,296.0,259.0,192.0,166.0,141.0,196.0,146.0,151.0,120.0,151.0,155.0,167.0,192.0,239.0
25,240.0,276.0,231.0,240.0,262.0,244.0,192.0,222.0,246.0,301.0,298.0,256.0,240.0,162.0,172.0,157.0,180.0,194.0,171.0,184.0,189.0,198.0,194.0,238.0
26,223.0,235.0,281.0,312.0,313.0,303.0,306.0,303.0,305.0,322.0,315.0,314.0,312.0,304.0,240.0,198.0,246.0,275.0,301.0,291.0,294.0,254.0,283.0,292.0
27,301.0,259.0,304.0,305.0,304.0,304.0,269.0,261.0,298.0,315.0,314.0,307.0,303.0,264.0,232.0,226.0,243.0,273.0,220.0,236.0,227.0,282.0,308.0,317.0
28,313.0,320.0,324.0,345.0,342.0,336.0,332.0,325.0,322.0,334.0,324.0,323.0,309.0,282.0,259.0,229.0,229.0,232.0,268.0,244.0,258.0,256.0,301.0,302.0
29,308.0,303.0,320.0,343.0,335.0,325.0,317.0,324.0,315.0,,,,,,232.0,247.0,265.0,,,,,,,
30,,,,,,,,,,,,,,,,,,,,,,,,
31,,,,,,,,,,,,,,,,,,,,,,,,
"
"
