Year,2017
January-2017,00:00:00,01:00:00,02:00:00,03:00:00,04:00:00,05:00:00,06:00:00,07:00:00,08:00:00,09:00:00,10:00:00,11:00:00,12:00:00,13:00:00,14:00:00,15:00:00,16:00:00,17:00:00,18:00:00,19:00:00,20:00:00,21:00:00,22:00:00,23:00:00
1,,,,,,,,118.0,146.0,189.0,197.0,181.0,202.0,271.0,222.0,191.0,214.0,128.0,111.0,114.0,116.0,119.0,129.0,
2,163.0,236.0,284.0,271.0,233.0,202.0,193.0,168.0,184.0,236.0,270.0,203.0,190.0,164.0,176.0,170.0,258.0,170.0,135.0,133.0,143.0,140.0,133.0,147.0
3,171.0,161.0,178.0,188.0,274.0,305.0,229.0,230.0,227.0,245.0,338.0,279.0,197.0,240.0,199.0,142.0,110.0,121.0,114.0,133.0,124.0,117.0,117.0,161.0
4,201.0,242.0,200.0,206.0,228.0,224.0,188.0,155.0,148.0,300.0,273.0,138.0,121.0,111.0,123.0,86.0,109.0,147.0,91.0,71.0,77.0,94.0,101.0,90.0
5,110.0,141.0,161.0,192.0,179.0,165.0,182.0,192.0,177.0,230.0,262.0,178.0,161.0,124.0,88.0,99.0,76.0,76.0,86.0,73.0,58.0,68.0,81.0,70.0
6,117.0,113.0,159.0,147.0,125.0,128.0,122.0,123.0,144.0,154.0,152.0,154.0,126.0,112.0,111.0,86.0,69.0,72.0,69.0,65.0,68.0,88.0,89.0,84.0
7,105.0,127.0,134.0,125.0,108.0,85.0,92.0,127.0,169.0,177.0,171.0,180.0,141.0,133.0,125.0,119.0,123.0,114.0,113.0,104.0,102.0,94.0,101.0,104.0
8,105.0,114.0,113.0,121.0,121.0,113.0,137.0,156.0,134.0,174.0,167.0,185.0,175.0,127.0,113.0,121.0,130.0,125.0,148.0,122.0,125.0,137.0,157.0,171.0
9,162.0,141.0,141.0,174.0,174.0,227.0,180.0,167.0,164.0,222.0,300.0,314.0,302.0,191.0,160.0,139.0,136.0,131.0,111.0,117.0,118.0,119.0,138.0,154.0
10,137.0,121.0,131.0,140.0,138.0,128.0,140.0,171.0,178.0,186.0,201.0,185.0,171.0,171.0,159.0,124.0,112.0,105.0,102.0,112.0,127.0,154.0,218.0,274.0
11,320.0,313.0,316.0,317.0,316.0,326.0,322.0,316.0,305.0,301.0,315.0,222.0,117.0,75.0,62.0,147.0,150.0,173.0,72.0,103.0,95.0,99.0,112.0,110.0
12,146.0,178.0,227.0,217.0,172.0,190.0,187.0,180.0,205.0,222.0,216.0,191.0,174.0,183.0,134.0,143.0,137.0,124.0,101.0,107.0,103.0,90.0,105.0,122.0
13,187.0,225.0,192.0,162.0,158.0,167.0,195.0,180.0,179.0,275.0,203.0,170.0,157.0,155.0,198.0,300.0,311.0,321.0,,,,,,
14,,,,,,,,,,,,,,,,,,,,,,,,192.0
15,176.0,197.0,301.0,306.0,279.0,303.0,306.0,286.0,281.0,282.0,273.0,218.0,182.0,186.0,138.0,126.0,143.0,123.0,115.0,113.0,113.0,108.0,112.0,132.0
16,130.0,135.0,147.0,143.0,137.0,133.0,139.0,159.0,168.0,209.0,248.0,250.0,260.0,253.0,159.0,147.0,154.0,144.0,115.0,144.0,167.0,306.0,317.0,327.0
17,,,,,288.0,301.0,259.0,246.0,290.0,312.0,408.0,313.0,211.0,265.0,180.0,172.0,173.0,194.0,,,132.0,154.0,145.0,168.0
18,203.0,206.0,302.0,269.0,303.0,305.0,295.0,246.0,289.0,276.0,250.0,263.0,236.0,183.0,175.0,139.0,124.0,131.0,155.0,156.0,121.0,134.0,178.0,197.0
19,238.0,214.0,182.0,216.0,181.0,189.0,179.0,146.0,193.0,275.0,187.0,178.0,174.0,164.0,148.0,128.0,133.0,143.0,117.0,132.0,133.0,136.0,202.0,267.0
20,307.0,312.0,361.0,367.0,326.0,317.0,316.0,300.0,316.0,325.0,261.0,209.0,176.0,287.0,132.0,152.0,33.0,43.0,76.0,127.0,158.0,154.0,229.0,247.0
21,229.0,223.0,231.0,220.0,215.0,202.0,183.0,214.0,300.0,348.0,302.0,269.0,218.0,205.0,174.0,157.0,111.0,,36.0,77.0,156.0,139.0,214.0,275.0
22,304.0,330.0,370.0,313.0,304.0,281.0,221.0,248.0,,,247.0,244.0,248.0,189.0,199.0,162.0,158.0,122.0,139.0,160.0,134.0,181.0,219.0,248.0
23,307.0,370.0,331.0,325.0,331.0,308.0,266.0,258.0,284.0,292.0,255.0,212.0,290.0,156.0,160.0,118.0,112.0,119.0,115.0,151.0,120.0,101.0,120.0,122.0
24,92.0,101.0,106.0,109.0,108.0,106.0,114.0,122.0,129.0,123.0,133.0,203.0,146.0,128.0,161.0,114.0,108.0,,,,,,,88.0
25,106.0,136.0,145.0,152.0,132.0,118.0,105.0,115.0,131.0,143.0,164.0,179.0,179.0,219.0,174.0,112.0,127.0,124.0,97.0,112.0,102.0,117.0,133.0,151.0
26,176.0,250.0,300.0,282.0,150.0,132.0,214.0,187.0,174.0,170.0,191.0,195.0,158.0,164.0,150.0,139.0,119.0,111.0,103.0,108.0,115.0,111.0,138.0,166.0
27,,,,,,,,,,,,,,,,,,,,,,,,208.0
28,226.0,305.0,316.0,314.0,301.0,304.0,295.0,303.0,321.0,319.0,233.0,195.0,312.0,278.0,164.0,161.0,166.0,148.0,143.0,131.0,161.0,114.0,114.0,125.0
29,132.0,,,,,,,,,,,,,,,,,,,,,,,
"
"
February-2017,00:00:00,01:00:00,02:00:00,03:00:00,04:00:00,05:00:00,06:00:00,07:00:00,08:00:00,09:00:00,10:00:00,11:00:00,12:00:00,13:00:00,14:00:00,15:00:00,16:00:00,17:00:00,18:00:00,19:00:00,20:00:00,21:00:00,22:00:00,23:00:00
1,132.0,143.0,150.0,153.0,160.0,184.0,178.0,209.0,299.0,368.0,326.0,314.0,206.0,174.0,161.0,125.0,119.0,121.0,117.0,208.0,258.0,191.0,126.0,
2,155.0,192.0,228.0,217.0,242.0,264.0,304.0,311.0,328.0,350.0,320.0,314.0,254.0,242.0,161.0,160.0,130.0,147.0,161.0,234.0,233.0,176.0,237.0,225.0
3,,,,,,,,,,,,,,,,,,,,,,,,104.0
4,117.0,97.0,98.0,73.0,77.0,86.0,106.0,116.0,133.0,140.0,121.0,127.0,142.0,88.0,92.0,91.0,100.0,107.0,90.0,72.0,77.0,80.0,106.0,115.0
5,102.0,102.0,64.0,67.0,67.0,71.0,80.0,81.0,93.0,102.0,99.0,102.0,107.0,121.0,138.0,141.0,138.0,126.0,119.0,121.0,115.0,102.0,99.0,105.0
6,95.0,88.0,90.0,89.0,83.0,77.0,90.0,97.0,102.0,117.0,138.0,154.0,283.0,128.0,143.0,133.0,133.0,134.0,127.0,119.0,105.0,100.0,119.0,128.0
7,144.0,148.0,135.0,135.0,148.0,154.0,138.0,152.0,163.0,227.0,248.0,288.0,225.0,209.0,170.0,143.0,122.0,118.0,105.0,109.0,92.0,108.0,132.0,128.0
8,184.0,212.0,195.0,137.0,120.0,129.0,122.0,107.0,114.0,105.0,119.0,128.0,150.0,124.0,120.0,112.0,111.0,138.0,311.0,107.0,125.0,156.0,191.0,223.0
9,225.0,205.0,262.0,247.0,137.0,122.0,75.0,109.0,144.0,241.0,223.0,222.0,187.0,154.0,116.0,115.0,111.0,124.0,149.0,160.0,130.0,128.0,141.0,149.0
10,,,,,,,,,,,,,,,,,,,,,,,,140.0
11,152.0,191.0,180.0,149.0,123.0,82.0,95.0,112.0,149.0,143.0,51.0,39.0,130.0,74.0,101.0,63.0,84.0,79.0,84.0,74.0,64.0,95.0,103.0,114.0
12,110.0,120.0,135.0,152.0,144.0,124.0,121.0,131.0,144.0,156.0,167.0,151.0,142.0,139.0,125.0,115.0,112.0,116.0,125.0,126.0,116.0,125.0,148.0,167.0
13,156.0,191.0,194.0,214.0,209.0,264.0,237.0,260.0,274.0,304.0,268.0,251.0,276.0,283.0,239.0,302.0,302.0,211.0,139.0,155.0,142.0,161.0,195.0,217.0
14,,,,,,,,,,,,,,,,,,,,,,,,165.0
15,162.0,198.0,238.0,293.0,238.0,180.0,142.0,155.0,188.0,259.0,237.0,247.0,408.0,218.0,173.0,137.0,147.0,161.0,172.0,170.0,135.0,139.0,146.0,149.0
16,142.0,163.0,154.0,167.0,211.0,228.0,212.0,216.0,236.0,267.0,235.0,258.0,245.0,291.0,227.0,168.0,237.0,171.0,181.0,151.0,144.0,134.0,144.0,128.0
17,156.0,172.0,190.0,190.0,167.0,154.0,155.0,155.0,190.0,238.0,222.0,209.0,199.0,180.0,160.0,154.0,151.0,186.0,134.0,186.0,135.0,133.0,118.0,116.0
18,112.0,141.0,165.0,165.0,194.0,177.0,166.0,141.0,151.0,194.0,197.0,189.0,214.0,187.0,150.0,177.0,182.0,152.0,125.0,104.0,79.0,75.0,108.0,148.0
19,237.0,355.0,260.0,169.0,155.0,151.0,161.0,188.0,244.0,264.0,279.0,292.0,185.0,179.0,136.0,132.0,117.0,127.0,121.0,99.0,,,,148.0
20,226.0,239.0,232.0,199.0,146.0,110.0,127.0,169.0,191.0,249.0,291.0,270.0,326.0,137.0,139.0,135.0,127.0,142.0,109.0,85.0,107.0,97.0,68.0,76.0
21,65.0,72.0,124.0,35.0,41.0,40.0,47.0,64.0,101.0,56.0,65.0,84.0,118.0,106.0,109.0,129.0,120.0,138.0,145.0,154.0,157.0,145.0,145.0,138.0
22,138.0,153.0,158.0,157.0,164.0,151.0,159.0,175.0,197.0,230.0,191.0,288.0,405.0,185.0,135.0,113.0,113.0,94.0,94.0,60.0,90.0,102.0,83.0,72.0
23,79.0,68.0,63.0,61.0,62.0,81.0,82.0,92.0,148.0,168.0,138.0,150.0,187.0,223.0,144.0,168.0,150.0,118.0,130.0,118.0,120.0,157.0,179.0,181.0
24,176.0,178.0,177.0,191.0,184.0,189.0,185.0,175.0,247.0,241.0,246.0,309.0,240.0,144.0,110.0,127.0,129.0,153.0,174.0,126.0,158.0,152.0,165.0,166.0
25,199.0,178.0,145.0,146.0,160.0,163.0,194.0,209.0,244.0,210.0,213.0,192.0,191.0,163.0,149.0,142.0,146.0,158.0,137.0,136.0,150.0,164.0,175.0,205.0
26,284.0,353.0,298.0,255.0,279.0,263.0,271.0,260.0,199.0,201.0,191.0,143.0,159.0,144.0,144.0,127.0,113.0,110.0,110.0,103.0,108.0,122.0,149.0,198.0
27,239.0,214.0,224.0,238.0,194.0,155.0,171.0,196.0,242.0,233.0,245.0,302.0,317.0,286.0,245.0,277.0,258.0,247.0,226.0,167.0,155.0,237.0,411.0,422.0
"
"
March-2017,00:00:00,01:00:00,02:00:00,03:00:00,04:00:00,05:00:00,06:00:00,07:00:00,08:00:00,09:00:00,10:00:00,11:00:00,12:00:00,13:00:00,14:00:00,15:00:00,16:00:00,17:00:00,18:00:00,19:00:00,20:00:00,21:00:00,22:00:00,23:00:00
1,,,,,,133.0,150.0,160.0,222.0,261.0,274.0,286.0,198.0,238.0,221.0,193.0,303.0,270.0,164.0,167.0,123.0,119.0,144.0,230
2,287.0,243.0,63.0,69.0,68.0,69.0,85.0,127.0,176.0,196.0,237.0,200.0,230.0,242.0,168.0,142.0,136.0,153.0,134.0,127.0,136.0,126.0,113.0,131
3,163.0,136.0,85.0,64.0,69.0,67.0,81.0,90.0,119.0,105.0,103.0,146.0,153.0,115.0,122.0,118.0,119.0,130.0,130.0,155.0,141.0,133.0,125.0,138
4,161.0,197.0,134.0,104.0,82.0,100.0,108.0,113.0,113.0,113.0,93.0,106.0,121.0,83.0,94.0,77.0,75.0,105.0,108.0,97.0,101.0,107.0,103.0,109
5,114.0,92.0,69.0,69.0,62.0,92.0,96.0,110.0,133.0,156.0,130.0,125.0,119.0,104.0,91.0,109.0,116.0,119.0,112.0,102.0,100.0,100.0,94.0,135
6,182.0,209.0,260.0,150.0,86.0,64.0,67.0,103.0,133.0,132.0,108.0,110.0,163.0,119.0,100.0,108.0,103.0,116.0,121.0,153.0,81.0,109.0,104.0,112
7,146.0,141.0,143.0,112.0,104.0,119.0,136.0,172.0,267.0,207.0,145.0,148.0,198.0,88.0,85.0,64.0,83.0,102.0,118.0,115.0,114.0,113.0,99.0,104
8,97.0,80.0,72.0,79.0,98.0,109.0,116.0,129.0,157.0,190.0,106.0,146.0,103.0,107.0,104.0,91.0,79.0,97.0,105.0,116.0,116.0,123.0,137.0,168
9,,,,,,,,,,,,,,,,,,,,,,,,76
10,61.0,69.0,124.0,313.0,64.0,36.0,44.0,39.0,56.0,48.0,51.0,86.0,77.0,76.0,79.0,88.0,95.0,147.0,500.0,86.0,88.0,84.0,89.0,72
11,40.0,140.0,225.0,119.0,103.0,106.0,84.0,66.0,55.0,60.0,68.0,500.0,305.0,95.0,101.0,102.0,129.0,128.0,136.0,128.0,136.0,136.0,127.0,117
12,112.0,120.0,121.0,124.0,133.0,136.0,140.0,161.0,155.0,164.0,185.0,295.0,190.0,244.0,277.0,291.0,293.0,234.0,242.0,216.0,203.0,213.0,312.0,356
13,,,,,221.0,175.0,178.0,212.0,233.0,242.0,213.0,267.0,246.0,169.0,186.0,155.0,159.0,139.0,125.0,121.0,119.0,124.0,128.0,166
14,191.0,160.0,140.0,153.0,170.0,172.0,221.0,256.0,217.0,281.0,213.0,297.0,186.0,267.0,137.0,112.0,95.0,90.0,114.0,100.0,108.0,114.0,97.0,104
15,161.0,191.0,168.0,150.0,134.0,226.0,164.0,148.0,245.0,207.0,191.0,241.0,181.0,128.0,115.0,102.0,93.0,95.0,113.0,99.0,91.0,91.0,91.0,84
16,102.0,53.0,75.0,85.0,118.0,122.0,134.0,143.0,189.0,230.0,79.0,94.0,69.0,84.0,99.0,111.0,107.0,107.0,136.0,99.0,117.0,130.0,152.0,161
17,95.0,123.0,92.0,136.0,106.0,43.0,105.0,136.0,138.0,148.0,123.0,150.0,102.0,92.0,117.0,95.0,100.0,100.0,116.0,95.0,113.0,90.0,86.0,89
18,76.0,83.0,77.0,58.0,52.0,63.0,80.0,84.0,83.0,73.0,32.0,71.0,100.0,80.0,76.0,75.0,62.0,54.0,77.0,62.0,51.0,48.0,44.0,40
19,64.0,42.0,50.0,50.0,61.0,61.0,99.0,118.0,114.0,103.0,100.0,117.0,130.0,93.0,81.0,77.0,68.0,97.0,107.0,93.0,104.0,109.0,110.0,101
20,101.0,105.0,83.0,79.0,77.0,67.0,75.0,71.0,99.0,84.0,100.0,161.0,111.0,116.0,92.0,105.0,111.0,121.0,135.0,112.0,116.0,112.0,111.0,116
21,130.0,111.0,87.0,87.0,80.0,89.0,84.0,112.0,119.0,124.0,101.0,102.0,95.0,113.0,118.0,124.0,122.0,124.0,128.0,134.0,123.0,124.0,146.0,152
22,110.0,107.0,120.0,126.0,106.0,85.0,87.0,53.0,97.0,141.0,123.0,164.0,135.0,140.0,127.0,133.0,112.0,111.0,122.0,103.0,93.0,99.0,85.0,84
23,87.0,69.0,74.0,65.0,47.0,50.0,73.0,84.0,135.0,137.0,130.0,130.0,104.0,65.0,63.0,69.0,86.0,106.0,123.0,160.0,129.0,121.0,128.0,128
24,91.0,67.0,65.0,53.0,55.0,61.0,72.0,109.0,153.0,70.0,70.0,155.0,139.0,125.0,107.0,101.0,190.0,133.0,134.0,128.0,123.0,119.0,123.0,150
25,121.0,110.0,63.0,59.0,53.0,46.0,75.0,95.0,120.0,133.0,136.0,132.0,112.0,103.0,82.0,90.0,104.0,135.0,149.0,142.0,130.0,126.0,140.0,102
26,98.0,80.0,70.0,,37.0,89.0,144.0,188.0,193.0,212.0,200.0,272.0,184.0,152.0,152.0,152.0,164.0,176.0,178.0,169.0,157.0,158.0,203.0,309
27,108.0,142.0,137.0,110.0,105.0,103.0,110.0,111.0,125.0,60.0,155.0,170.0,134.0,152.0,148.0,141.0,133.0,146.0,162.0,148.0,145.0,103.0,139.0,137
28,,,,,,,,,,,,,,,,,,,,,,,,122
29,119.0,113.0,110.0,112.0,111.0,101.0,110.0,114.0,107.0,117.0,98.0,181.0,130.0,118.0,155.0,139.0,133.0,134.0,123.0,109.0,81.0,104.0,74.0,80
30,99.0,118.0,119.0,109.0,106.0,76.0,77.0,101.0,118.0,149.0,170.0,211.0,198.0,169.0,129.0,83.0,86.0,87.0,97.0,98.0,67.0,69.0,75.0,83
"
"
April-2017,00:00:00,01:00:00,02:00:00,03:00:00,04:00:00,05:00:00,06:00:00,07:00:00,08:00:00,09:00:00,10:00:00,11:00:00,12:00:00,13:00:00,14:00:00,15:00:00,16:00:00,17:00:00,18:00:00,19:00:00,20:00:00,21:00:00,22:00:00,23:00:00
1,55.0,74.0,100.0,321.0,361.0,271.0,68.0,66.0,87.0,52.0,39.0,60.0,117.0,96.0,75.0,99.0,89.0,94.0,90.0,71.0,67.0,71.0,73.0,64
2,80.0,76.0,61.0,59.0,65.0,70.0,83.0,85.0,95.0,41.0,74.0,109.0,96.0,82.0,65.0,61.0,79.0,81.0,95.0,78.0,77.0,81.0,102.0,66
3,57.0,64.0,54.0,57.0,53.0,60.0,63.0,64.0,104.0,111.0,96.0,106.0,110.0,105.0,84.0,87.0,99.0,89.0,105.0,79.0,64.0,43.0,57.0,51
4,54.0,46.0,46.0,47.0,47.0,51.0,55.0,67.0,117.0,88.0,70.0,62.0,96.0,85.0,78.0,64.0,58.0,61.0,73.0,72.0,67.0,43.0,57.0,69
5,65.0,52.0,47.0,51.0,50.0,85.0,82.0,109.0,106.0,97.0,68.0,113.0,108.0,99.0,87.0,83.0,83.0,75.0,100.0,85.0,62.0,48.0,51.0,51
6,57.0,65.0,53.0,55.0,50.0,70.0,78.0,93.0,97.0,82.0,79.0,84.0,97.0,93.0,93.0,93.0,91.0,106.0,111.0,78.0,69.0,57.0,58.0,65
7,48.0,56.0,60.0,44.0,44.0,41.0,39.0,55.0,71.0,57.0,35.0,67.0,129.0,194.0,298.0,354.0,327.0,383.0,367.0,338.0,297.0,280.0,260.0,216
8,167.0,346.0,227.0,147.0,130.0,132.0,135.0,145.0,180.0,177.0,145.0,138.0,168.0,160.0,160.0,167.0,163.0,171.0,208.0,186.0,180.0,187.0,165.0,192
9,234.0,246.0,228.0,202.0,194.0,208.0,179.0,162.0,173.0,181.0,166.0,275.0,179.0,186.0,184.0,177.0,176.0,169.0,172.0,157.0,139.0,176.0,216.0,189
10,196.0,190.0,188.0,168.0,142.0,140.0,196.0,204.0,206.0,183.0,162.0,168.0,174.0,177.0,381.0,349.0,297.0,217.0,259.0,,,122.0,166.0,123
11,126.0,143.0,140.0,126.0,121.0,125.0,115.0,123.0,124.0,126.0,132.0,228.0,159.0,152.0,139.0,131.0,127.0,332.0,436.0,205.0,122.0,120.0,104.0,96
12,158.0,152.0,114.0,107.0,108.0,91.0,,,,,,,,,,,,,,,,,,146
13,155.0,191.0,160.0,111.0,122.0,167.0,201.0,209.0,273.0,307.0,258.0,257.0,151.0,90.0,84.0,131.0,101.0,102.0,118.0,116.0,114.0,108.0,110.0,96
14,,,,,,,,,,,,,,,,,,,,,,,,40
15,49.0,53.0,42.0,37.0,35.0,35.0,40.0,61.0,174.0,148.0,158.0,86.0,92.0,78.0,67.0,67.0,61.0,69.0,79.0,61.0,50.0,50.0,45.0,52
16,53.0,62.0,58.0,40.0,44.0,48.0,72.0,74.0,98.0,73.0,95.0,120.0,118.0,122.0,108.0,92.0,74.0,95.0,99.0,90.0,76.0,64.0,41.0,75
17,61.0,49.0,40.0,40.0,38.0,46.0,48.0,55.0,47.0,37.0,157.0,90.0,84.0,80.0,80.0,61.0,71.0,75.0,84.0,69.0,37.0,39.0,41.0,37
18,42.0,44.0,34.0,40.0,29.0,38.0,43.0,52.0,86.0,101.0,75.0,60.0,97.0,99.0,76.0,62.0,71.0,57.0,58.0,51.0,76.0,70.0,56.0,58
19,50.0,31.0,,31.0,73.0,56.0,106.0,144.0,156.0,87.0,84.0,81.0,132.0,49.0,39.0,70.0,77.0,81.0,99.0,75.0,84.0,62.0,92.0,127
20,70.0,71.0,69.0,62.0,73.0,69.0,60.0,91.0,92.0,77.0,60.0,142.0,85.0,70.0,79.0,55.0,35.0,56.0,71.0,82.0,100.0,67.0,66.0,62
21,55.0,50.0,55.0,53.0,68.0,77.0,70.0,84.0,92.0,79.0,69.0,83.0,95.0,100.0,96.0,86.0,81.0,50.0,51.0,38.0,32.0,30.0,101.0,134
22,114.0,100.0,91.0,69.0,70.0,57.0,58.0,24.0,72.0,89.0,93.0,91.0,24.0,25.0,69.0,77.0,94.0,84.0,111.0,92.0,113.0,102.0,80.0,81
23,70.0,54.0,42.0,28.0,47.0,55.0,129.0,160.0,144.0,118.0,103.0,150.0,185.0,99.0,94.0,102.0,110.0,134.0,138.0,123.0,124.0,121.0,110.0,78
24,65.0,84.0,71.0,113.0,148.0,142.0,130.0,135.0,163.0,162.0,129.0,160.0,233.0,115.0,111.0,116.0,125.0,124.0,138.0,125.0,123.0,110.0,99.0,98
25,,80.0,71.0,61.0,73.0,122.0,75.0,95.0,114.0,109.0,103.0,124.0,122.0,111.0,99.0,70.0,74.0,77.0,98.0,83.0,88.0,60.0,49.0,58
26,83.0,72.0,46.0,56.0,63.0,47.0,32.0,69.0,450.0,488.0,43.0,148.0,173.0,147.0,103.0,62.0,47.0,54.0,81.0,87.0,93.0,56.0,31.0,31
"
"
May-2017,00:00:00,01:00:00,02:00:00,03:00:00,04:00:00,05:00:00,06:00:00,07:00:00,08:00:00,09:00:00,10:00:00,11:00:00,12:00:00,13:00:00,14:00:00,15:00:00,16:00:00,17:00:00,18:00:00,19:00:00,20:00:00,21:00:00,22:00:00,23:00:00
1,128.0,136.0,124.0,113.0,111.0,103.0,105.0,114.0,109.0,123.0,118,125,131,115.0,100,97,98,76,99.0,82.0,72,66.0,74,67.0
2,62.0,56.0,70.0,61.0,67.0,74.0,85.0,111.0,107.0,110.0,80,74,91,112.0,77,65,74,92,91.0,80.0,66,67.0,60,74.0
3,77.0,65.0,71.0,74.0,70.0,79.0,95.0,105.0,117.0,108.0,116,116,103,86.0,118,292,180,119,114.0,100.0,100,80.0,61,76.0
4,50.0,57.0,61.0,52.0,67.0,70.0,68.0,95.0,92.0,105.0,91,102,107,87.0,72,84,80,71,88.0,74.0,89,84.0,74,75.0
5,62.0,65.0,50.0,50.0,62.0,73.0,77.0,98.0,80.0,71.0,95,112,90,85.0,81,66,61,70,113.0,97.0,86,93.0,96,93.0
6,89.0,82.0,72.0,70.0,83.0,94.0,67.0,92.0,55.0,49.0,64,53,80,100.0,66,55,64,50,69.0,55.0,63,40.0,40,63.0
7,53.0,54.0,46.0,40.0,30.0,41.0,45.0,50.0,39.0,32.0,52,37,57,47.0,41,40,41,53,73.0,55.0,64,58.0,87,117.0
8,96.0,66.0,59.0,42.0,49.0,41.0,57.0,85.0,77.0,61.0,59,92,100,63.0,47,44,51,66,72.0,67.0,88,60.0,60,61.0
9,52.0,65.0,45.0,50.0,35.0,39.0,47.0,81.0,77.0,68.0,84,77,96,97.0,79,38,55,48,83.0,60.0,52,52.0,41,40.0
10,35.0,31.0,44.0,43.0,47.0,57.0,61.0,71.0,70.0,93.0,89,85,98,72.0,67,40,50,191,145.0,62.0,63,46.0,46,54.0
11,67.0,62.0,50.0,44.0,,,,,,,85,49,43,41.0,30,30,32,37,33.0,33.0,35,,57,
12,,34.0,32.0,32.0,43.0,46.0,62.0,71.0,39.0,34.0,43,36,51,116.0,198,45,39,69,87.0,72.0,71,97.0,103,87.0
13,39.0,87.0,42.0,47.0,92.0,117.0,106.0,110.0,136.0,115.0,99,132,132,73.0,102,112,120,110,94.0,76.0,71,49.0,63,73.0
14,97.0,93.0,72.0,57.0,59.0,42.0,47.0,88.0,49.0,30.0,52,72,65,64.0,39,41,63,56,70.0,66.0,52,27.0,46,53.0
15,50.0,46.0,40.0,49.0,38.0,44.0,32.0,38.0,23.0,38.0,32,61,79,93.0,80,75,61,58,71.0,34.0,38,46.0,52,38.0
16,33.0,36.0,32.0,32.0,30.0,30.0,31.0,44.0,62.0,48.0,30,60,337,88.0,77,73,84,72,72.0,59.0,53,39.0,34,40.0
17,29.0,34.0,39.0,34.0,36.0,36.0,37.0,37.0,58.0,33.0,41,67,46,91.0,72,59,66,60,68.0,63.0,44,30.0,33,42.0
18,31.0,40.0,39.0,36.0,32.0,31.0,37.0,47.0,40.0,37.0,47,64,58,75.0,69,55,39,58,81.0,44.0,35,39.0,35,31.0
19,27.0,28.0,30.0,34.0,24.0,33.0,31.0,32.0,39.0,26.0,31,52,35,,32,55,46,51,54.0,32.0,30,30.0,29,32.0
20,31.0,39.0,29.0,26.0,42.0,36.0,52.0,70.0,69.0,61.0,49,60,64,60.0,45,61,63,58,92.0,87.0,58,49.0,31,33.0
21,33.0,37.0,32.0,43.0,64.0,35.0,38.0,44.0,42.0,46.0,60,55,47,57.0,44,47,63,59,79.0,60.0,59,56.0,46,47.0
22,47.0,32.0,44.0,38.0,39.0,47.0,45.0,44.0,44.0,79.0,76,93,324,402.0,51,86,116,119,136.0,119.0,117,97.0,103,108.0
23,106.0,112.0,108.0,104.0,111.0,103.0,110.0,104.0,101.0,119.0,128,125,123,129.0,74,72,72,56,71.0,77.0,31,63.0,45,48.0
24,,,,,,25.0,30.0,30.0,44.0,30.0,35,30,62,54.0,57,55,49,71,90.0,84.0,43,30.0,30,29.0
25,30.0,36.0,28.0,39.0,24.0,25.0,31.0,36.0,28.0,36.0,36,70,77,85.0,74,82,75,76,100.0,79.0,62,65.0,52,27.0
26,,29.0,45.0,26.0,30.0,,,,,,80,77,81,79.0,94,53,36,51,62.0,74.0,97,,76,77.0
27,78.0,73.0,67.0,65.0,66.0,66.0,70.0,72.0,73.0,73.0,58,69,167,86.0,58,68,62,73,90.0,71.0,84,61.0,65,58.0
28,56.0,63.0,41.0,39.0,44.0,43.0,49.0,65.0,39.0,44.0,83,61,67,72.0,61,63,69,50,89.0,64.0,65,49.0,57,43.0
29,44.0,49.0,45.0,45.0,43.0,46.0,39.0,52.0,50.0,48.0,84,72,83,78.0,94,84,75,30,47.0,107.0,310,150.0,106,77.0
30,71.0,62.0,97.0,67.0,67.0,,,,,,68,90,88,84.0,81,82,71,96,,,62,,59,72.0
31,71.0,68.0,65.0,64.0,66.0,65.0,67.0,72.0,71.0,71.0,70,67,68,89.0,71,71,74,82,104.0,70.0,69,50.0,53,52.0
"
"
June-2017,00:00:00,01:00:00,02:00:00,03:00:00,04:00:00,05:00:00,06:00:00,07:00:00,08:00:00,09:00:00,10:00:00,11:00:00,12:00:00,13:00:00,14:00:00,15:00:00,16:00:00,17:00:00,18:00:00,19:00:00,20:00:00,21:00:00,22:00:00,23:00:00
1,45,48,54.0,45.0,34.0,53.0,54.0,68.0,84.0,63,66,100,80,45,54,69,69,70,219.0,300,80,80,79,80
2,55,47,47.0,47.0,48.0,64.0,48.0,59.0,58.0,54,66,71,59,52,43,29,42,62,51.0,35,45,64,56,40
3,37,36,35.0,34.0,37.0,37.0,45.0,49.0,59.0,52,59,76,65,46,46,60,77,75,98.0,134,59,49,66,91
4,42,54,51.0,50.0,43.0,46.0,47.0,58.0,57.0,64,75,59,64,56,66,68,72,75,99.0,73,84,68,71,72
5,69,92,69.0,63.0,57.0,62.0,78.0,81.0,71.0,103,55,53,72,68,123,70,76,65,86.0,41,74,82,78,75
6,82,82,63.0,66.0,51.0,60.0,74.0,98.0,91.0,95,73,73,84,65,71,94,92,94,87.0,88,80,76,60,34
7,62,55,60.0,31.0,,66.0,109.0,102.0,83.0,62,56,138,101,58,70,159,65,51,32.0,39,69,59,52,59
8,53,58,37.0,28.0,39.0,42.0,44.0,43.0,35.0,34,31,29,47,103,72,41,49,52,79.0,74,49,45,43,41
9,38,48,60.0,64.0,65.0,26.0,67.0,69.0,64.0,29,25,46,68,47,35,46,79,262,201.0,75,188,61,46,42
10,37,35,51.0,62.0,25.0,22.0,43.0,60.0,66.0,75,65,43,35,24,17,22,39,19,,35,81,58,45,50
11,44,36,33.0,27.0,56.0,103.0,104.0,88.0,76.0,88,59,55,75,25,20,15,32,21,28.0,33,34,63,72,66
12,94,95,59.0,54.0,25.0,25.0,20.0,48.0,76.0,65,77,76,62,32,26,37,51,53,36.0,30,48,46,51,54
13,120,106,101.0,79.0,67.0,74.0,69.0,76.0,103.0,116,101,83,94,84,46,44,30,27,32.0,34,58,67,60,54
14,45,38,59.0,58.0,47.0,52.0,55.0,61.0,69.0,75,94,66,56,29,25,47,32,24,28.0,34,64,71,51,52
15,93,114,89.0,100.0,78.0,81.0,86.0,87.0,101.0,92,81,74,55,22,35,43,40,51,70.0,39,37,35,34,36
16,42,51,49.0,59.0,44.0,46.0,46.0,62.0,60.0,59,73,52,38,33,24,29,38,35,54.0,36,28,30,30,31
17,27,35,72.0,58.0,54.0,80.0,94.0,75.0,79.0,80,45,41,37,45,28,27,44,45,46.0,60,44,43,34,46
18,35,45,45.0,36.0,40.0,42.0,25.0,49.0,42.0,18,39,36,40,37,30,37,34,53,60.0,60,36,48,63,42
19,41,45,34.0,35.0,31.0,47.0,32.0,36.0,35.0,59,43,21,49,39,39,49,36,75,23.0,38,42,46,34,33
20,44,43,46.0,27.0,43.0,30.0,29.0,21.0,24.0,33,42,51,56,45,52,49,52,59,67.0,53,51,44,38,42
21,47,51,43.0,35.0,46.0,41.0,37.0,44.0,37.0,41,51,56,75,73,39,40,34,25,44.0,38,45,77,103,101
22,28,51,40.0,48.0,46.0,37.0,42.0,52.0,42.0,39,70,57,73,69,48,65,69,35,19.0,29,50,48,49,74
23,65,55,,,,,,,,57,44,35,52,102,68,67,48,95,95.0,69,77,61,107,102
24,55,57,59.0,64.0,58.0,63.0,47.0,102.0,59.0,53,71,69,92,75,76,60,151,99,79.0,112,132,86,89,89
25,94,80,80.0,103.0,75.0,64.0,47.0,54.0,67.0,82,101,119,125,129,108,129,103,83,113.0,130,123,118,106,129
26,101,69,71.0,63.0,46.0,30.0,24.0,30.0,30.0,27,34,26,26,26,28,35,50,33,43.0,30,36,82,71,49
27,48,53,43.0,52.0,47.0,25.0,29.0,36.0,75.0,48,45,52,71,67,132,30,62,43,82.0,58,45,58,49,66
28,41,53,55.0,54.0,40.0,26.0,22.0,29.0,41.0,44,47,43,51,43,26,49,59,56,28.0,41,35,52,38,47
29,36,49,53.0,54.0,48.0,48.0,53.0,43.0,49.0,67,53,61,85,96,120,45,103,47,37.0,88,45,47,79,122
30,159,141,125.0,136.0,82.0,,,,37.0,22,49,42,68,54,61,62,76,56,500.0,414,36,46,47,51
"
"
July-2017,00:00:00,01:00:00,02:00:00,03:00:00,04:00:00,05:00:00,06:00:00,07:00:00,08:00:00,09:00:00,10:00:00,11:00:00,12:00:00,13:00:00,14:00:00,15:00:00,16:00:00,17:00:00,18:00:00,19:00:00,20:00:00,21:00:00,22:00:00,23:00:00
1,46.0,65.0,50.0,44.0,40.0,29.0,32.0,45.0,48.0,56.0,48.0,63.0,56.0,83.0,61.0,75.0,33.0,61.0,62.0,89.0,,,,141.0
2,147.0,160.0,132.0,,123.0,,38.0,,165.0,34.0,,,,,,46.0,17.0,24.0,28.0,40.0,30.0,43.0,77.0,
3,45.0,41.0,63.0,93.0,71.0,61.0,64.0,70.0,30.0,47.0,107.0,121.0,111.0,93.0,98.0,87.0,80.0,94.0,66.0,64.0,81.0,39.0,,428.0
4,,,,,,,,,,,,,,,,,,,,,,,,60.0
5,76.0,76.0,64.0,52.0,,132.0,95.0,71.0,73.0,126.0,190.0,77.0,58.0,72.0,87.0,196.0,73.0,96.0,95.0,83.0,76.0,68.0,63.0,66.0
6,,,,,95.0,50.0,63.0,100.0,119.0,,62.0,83.0,60.0,142.0,92.0,86.0,95.0,95.0,80.0,81.0,77.0,79.0,82.0,
7,151.0,86.0,89.0,75.0,73.0,100.0,128.0,181.0,331.0,,80.0,116.0,134.0,102.0,61.0,59.0,104.0,114.0,118.0,70.0,61.0,77.0,52.0,95.0
8,277.0,,,243.0,434.0,50.0,150.0,250.0,151.0,83.0,54.0,116.0,95.0,57.0,60.0,81.0,52.0,66.0,89.0,85.0,74.0,97.0,,
9,500.0,500.0,49.0,83.0,106.0,124.0,217.0,51.0,82.0,187.0,459.0,307.0,,,54.0,55.0,,,,,,53.0,54.0,54.0
10,,54.0,51.0,91.0,95.0,67.0,60.0,,401.0,170.0,52.0,97.0,54.0,84.0,57.0,97.0,56.0,54.0,115.0,96.0,64.0,56.0,63.0,56.0
11,,161.0,57.0,52.0,73.0,86.0,104.0,121.0,102.0,88.0,64.0,66.0,72.0,91.0,56.0,,54.0,54.0,54.0,52.0,53.0,57.0,55.0,54.0
12,74.0,63.0,55.0,53.0,52.0,52.0,55.0,57.0,58.0,59.0,56.0,56.0,56.0,55.0,57.0,56.0,54.0,55.0,56.0,58.0,93.0,83.0,98.0,103.0
13,56.0,54.0,53.0,52.0,52.0,52.0,52.0,57.0,107.0,107.0,90.0,55.0,54.0,64.0,,,,,58.0,61.0,65.0,80.0,91.0,67.0
14,58.0,,54.0,53.0,53.0,53.0,53.0,54.0,55.0,55.0,55.0,56.0,57.0,69.0,58.0,56.0,57.0,57.0,65.0,56.0,56.0,57.0,56.0,55.0
15,54.0,52.0,52.0,52.0,52.0,52.0,52.0,53.0,54.0,68.0,54.0,56.0,72.0,85.0,70.0,60.0,57.0,70.0,57.0,57.0,56.0,58.0,58.0,57.0
16,55.0,55.0,53.0,53.0,53.0,53.0,53.0,54.0,55.0,64.0,55.0,56.0,83.0,57.0,68.0,58.0,57.0,71.0,79.0,57.0,57.0,65.0,63.0,56.0
17,58.0,87.0,61.0,61.0,59.0,53.0,53.0,54.0,54.0,54.0,64.0,63.0,78.0,76.0,67.0,69.0,71.0,64.0,79.0,65.0,75.0,63.0,71.0,57.0
18,57.0,63.0,57.0,54.0,54.0,54.0,58.0,67.0,111.0,168.0,58.0,59.0,109.0,105.0,88.0,109.0,59.0,63.0,63.0,73.0,82.0,71.0,57.0,56.0
19,55.0,54.0,56.0,53.0,53.0,53.0,53.0,54.0,56.0,69.0,76.0,57.0,57.0,63.0,60.0,,,,60.0,60.0,60.0,60.0,59.0,58.0
20,56.0,78.0,54.0,54.0,53.0,54.0,58.0,54.0,62.0,60.0,56.0,61.0,81.0,59.0,58.0,66.0,72.0,59.0,60.0,60.0,,62.0,60.0,59.0
21,57.0,56.0,55.0,54.0,54.0,54.0,54.0,60.0,56.0,57.0,57.0,59.0,60.0,59.0,59.0,64.0,68.0,68.0,58.0,61.0,67.0,59.0,60.0,66.0
22,56.0,54.0,54.0,54.0,55.0,53.0,55.0,55.0,63.0,107.0,71.0,58.0,72.0,63.0,68.0,76.0,62.0,67.0,83.0,60.0,88.0,62.0,60.0,59.0
23,60.0,63.0,56.0,61.0,58.0,54.0,54.0,60.0,57.0,57.0,73.0,67.0,59.0,59.0,61.0,58.0,66.0,74.0,64.0,63.0,66.0,72.0,60.0,60.0
24,59.0,57.0,56.0,56.0,55.0,55.0,55.0,56.0,56.0,56.0,56.0,,68.0,,,,56.0,56.0,57.0,58.0,58.0,59.0,,60.0
25,59.0,56.0,56.0,55.0,54.0,54.0,55.0,63.0,61.0,58.0,57.0,59.0,65.0,56.0,32.0,44.0,50.0,280.0,70.0,69.0,65.0,62.0,42.0,35.0
"
"
August-2017,00:00:00,01:00:00,02:00:00,03:00:00,04:00:00,05:00:00,06:00:00,07:00:00,08:00:00,09:00:00,10:00:00,11:00:00,12:00:00,13:00:00,14:00:00,15:00:00,16:00:00,17:00:00,18:00:00,19:00:00,20:00:00,21:00:00,22:00:00,23:00:00
1,36.0,55.0,43.0,28.0,36.0,24.0,52.0,33.0,32.0,40.0,21.0,35.0,40.0,38.0,36.0,66.0,77.0,34.0,30.0,44.0,67.0,61.0,49.0,46.0
2,59.0,61.0,39.0,47.0,36.0,37.0,44.0,41.0,26.0,53.0,43.0,69.0,27.0,43.0,44.0,61.0,38.0,56.0,49.0,49.0,60.0,51.0,42.0,49.0
3,58.0,50.0,38.0,36.0,35.0,47.0,43.0,43.0,23.0,,26.0,28.0,31.0,32.0,53.0,44.0,47.0,57.0,45.0,39.0,21.0,27.0,35.0,34.0
4,30.0,48.0,53.0,45.0,50.0,70.0,50.0,49.0,66.0,63.0,65.0,71.0,70.0,75.0,78.0,71.0,70.0,73.0,79.0,79.0,91.0,80.0,68.0,74.0
5,52.0,57.0,51.0,52.0,54.0,52.0,54.0,51.0,78.0,43.0,40.0,66.0,66.0,73.0,73.0,75.0,67.0,78.0,101.0,101.0,77.0,62.0,78.0,64.0
6,74.0,72.0,64.0,57.0,56.0,54.0,52.0,73.0,48.0,42.0,56.0,84.0,24.0,58.0,45.0,56.0,70.0,70.0,71.0,71.0,79.0,64.0,82.0,81.0
7,83.0,63.0,60.0,59.0,47.0,41.0,61.0,51.0,40.0,50.0,75.0,77.0,63.0,56.0,45.0,57.0,71.0,58.0,87.0,59.0,71.0,69.0,77.0,73.0
8,,,,,,,,,,,,,,,,,,,,,,,,59.0
9,73.0,76.0,50.0,57.0,57.0,57.0,46.0,62.0,63.0,52.0,51.0,57.0,43.0,44.0,51.0,59.0,66.0,76.0,97.0,75.0,36.0,54.0,66.0,63.0
10,45.0,73.0,55.0,50.0,38.0,47.0,32.0,31.0,,30.0,28.0,42.0,63.0,72.0,27.0,68.0,72.0,,20.0,38.0,49.0,71.0,72.0,69.0
11,60.0,40.0,44.0,40.0,36.0,43.0,37.0,49.0,56.0,48.0,48.0,65.0,87.0,40.0,69.0,80.0,60.0,101.0,72.0,52.0,59.0,74.0,65.0,57.0
12,59.0,55.0,48.0,42.0,54.0,58.0,44.0,38.0,,,117.0,,,20.0,22.0,45.0,42.0,59.0,64.0,50.0,70.0,75.0,72.0,72.0
13,58.0,51.0,40.0,41.0,29.0,37.0,41.0,42.0,41.0,41.0,52.0,36.0,53.0,32.0,63.0,17.0,61.0,51.0,57.0,63.0,47.0,50.0,50.0,32.0
14,39.0,18.0,41.0,42.0,25.0,23.0,33.0,44.0,46.0,31.0,39.0,50.0,62.0,79.0,25.0,46.0,31.0,42.0,24.0,,,76.0,69.0,77.0
15,62.0,55.0,63.0,52.0,42.0,46.0,48.0,48.0,53.0,61.0,67.0,50.0,81.0,50.0,18.0,31.0,31.0,61.0,32.0,48.0,56.0,57.0,53.0,66.0
16,45.0,62.0,73.0,55.0,62.0,55.0,58.0,53.0,71.0,31.0,53.0,55.0,47.0,52.0,73.0,56.0,68.0,69.0,63.0,63.0,80.0,45.0,51.0,24.0
17,80.0,51.0,53.0,63.0,66.0,57.0,63.0,74.0,67.0,56.0,57.0,60.0,101.0,100.0,67.0,62.0,67.0,61.0,74.0,83.0,59.0,46.0,68.0,75.0
18,79.0,54.0,62.0,55.0,61.0,65.0,58.0,43.0,64.0,47.0,65.0,53.0,80.0,100.0,84.0,91.0,69.0,71.0,71.0,82.0,51.0,38.0,77.0,58.0
19,38.0,56.0,39.0,45.0,32.0,,,,25.0,,,,34.0,48.0,39.0,49.0,69.0,51.0,59.0,104.0,105.0,105.0,111.0,103.0
20,38.0,55.0,47.0,43.0,45.0,48.0,44.0,34.0,50.0,28.0,30.0,28.0,30.0,62.0,62.0,34.0,30.0,47.0,65.0,65.0,57.0,53.0,66.0,76.0
21,75.0,65.0,47.0,43.0,44.0,43.0,44.0,69.0,87.0,89.0,58.0,81.0,40.0,45.0,89.0,65.0,183.0,80.0,86.0,97.0,101.0,87.0,63.0,51.0
22,45.0,62.0,82.0,46.0,45.0,47.0,58.0,80.0,98.0,95.0,80.0,83.0,179.0,90.0,45.0,50.0,78.0,70.0,78.0,72.0,51.0,51.0,62.0,56.0
23,52.0,80.0,91.0,69.0,36.0,44.0,35.0,45.0,54.0,53.0,84.0,39.0,93.0,42.0,42.0,95.0,42.0,49.0,91.0,62.0,66.0,75.0,54.0,63.0
24,76.0,67.0,42.0,41.0,39.0,36.0,35.0,47.0,51.0,42.0,39.0,61.0,62.0,70.0,63.0,42.0,42.0,72.0,91.0,86.0,87.0,71.0,55.0,43.0
25,40.0,58.0,37.0,35.0,35.0,35.0,35.0,36.0,38.0,37.0,39.0,41.0,57.0,41.0,41.0,44.0,42.0,44.0,50.0,70.0,82.0,72.0,53.0,54.0
26,47.0,42.0,37.0,36.0,36.0,38.0,44.0,38.0,44.0,44.0,43.0,42.0,41.0,60.0,79.0,46.0,94.0,50.0,46.0,60.0,48.0,46.0,48.0,48.0
27,49.0,57.0,40.0,38.0,38.0,38.0,43.0,40.0,42.0,42.0,42.0,43.0,42.0,47.0,62.0,74.0,42.0,65.0,45.0,52.0,55.0,54.0,56.0,54.0
28,51.0,74.0,64.0,42.0,41.0,49.0,41.0,52.0,60.0,68.0,46.0,51.0,63.0,50.0,72.0,52.0,50.0,57.0,58.0,65.0,103.0,108.0,73.0,57.0
29,54.0,42.0,44.0,41.0,41.0,41.0,41.0,43.0,45.0,45.0,44.0,44.0,48.0,49.0,45.0,46.0,43.0,41.0,,,,,,
30,,,,,,,,,,,,,,,,,,,,,,,,73.0
31,78.0,57.0,59.0,52.0,53.0,59.0,54.0,54.0,55.0,59.0,55.0,65.0,57.0,57.0,62.0,76.0,59.0,66.0,87.0,81.0,97.0,67.0,79.0,76.0
"
"
September-2017,00:00:00,01:00:00,02:00:00,03:00:00,04:00:00,05:00:00,06:00:00,07:00:00,08:00:00,09:00:00,10:00:00,11:00:00,12:00:00,13:00:00,14:00:00,15:00:00,16:00:00,17:00:00,18:00:00,19:00:00,20:00:00,21:00:00,22:00:00,23:00:00
1,64.0,67.0,62.0,73.0,65.0,80.0,68.0,93.0,102.0,80.0,78.0,82.0,66.0,94.0,69.0,71.0,83.0,128.0,130.0,71.0,81.0,70.0,73.0,65.0
2,,,,,,,,,,,,,,,,,,,,,,,,62.0
3,57.0,55.0,64.0,70.0,75.0,65.0,62.0,69.0,92.0,91.0,90.0,87.0,92.0,88.0,72.0,56.0,66.0,62.0,57.0,91.0,68.0,84.0,75.0,82.0
4,70.0,66.0,58.0,58.0,59.0,90.0,103.0,110.0,126.0,94.0,54.0,67.0,59.0,61.0,61.0,63.0,103.0,264.0,292.0,158.0,161.0,115.0,109.0,123.0
5,127.0,90.0,101.0,85.0,111.0,137.0,93.0,89.0,131.0,57.0,58.0,60.0,87.0,60.0,62.0,66.0,60.0,101.0,119.0,88.0,73.0,89.0,104.0,82.0
6,80.0,97.0,62.0,54.0,55.0,54.0,67.0,101.0,127.0,122.0,96.0,89.0,63.0,65.0,67.0,71.0,71.0,72.0,67.0,,,,,
7,,,,,,,,,,,,,,,,,,,,,,,,78.0
8,79.0,78.0,,65.0,69.0,70.0,75.0,101.0,104.0,106.0,90.0,114.0,116.0,81.0,72.0,90.0,174.0,286.0,167.0,78.0,137.0,154.0,140.0,111.0
9,116.0,127.0,115.0,119.0,123.0,130.0,121.0,96.0,102.0,101.0,87.0,86.0,63.0,90.0,91.0,70.0,74.0,67.0,130.0,131.0,122.0,109.0,89.0,106.0
10,129.0,108.0,96.0,94.0,111.0,114.0,95.0,103.0,105.0,102.0,117.0,97.0,76.0,76.0,62.0,62.0,77.0,65.0,81.0,85.0,88.0,74.0,75.0,94.0
11,103.0,114.0,134.0,103.0,78.0,75.0,66.0,94.0,124.0,132.0,120.0,190.0,210.0,99.0,79.0,145.0,109.0,108.0,130.0,131.0,122.0,106.0,111.0,117.0
12,106.0,104.0,102.0,94.0,90.0,96.0,102.0,120.0,117.0,131.0,141.0,146.0,161.0,78.0,80.0,104.0,70.0,110.0,78.0,75.0,70.0,91.0,79.0,75.0
13,75.0,75.0,75.0,66.0,64.0,,,,,111.0,,,104.0,200.0,137.0,58.0,93.0,38.0,47.0,25.0,50.0,60.0,47.0,32.0
14,29.0,22.0,24.0,28.0,42.0,59.0,75.0,85.0,114.0,113.0,90.0,85.0,142.0,49.0,27.0,46.0,37.0,52.0,70.0,96.0,74.0,79.0,102.0,105.0
15,,,,,,,,,,,,,,,,,,,,,,,,26.0
16,20.0,14.0,33.0,42.0,85.0,96.0,77.0,88.0,116.0,104.0,78.0,58.0,85.0,24.0,63.0,39.0,86.0,51.0,36.0,179.0,64.0,103.0,98.0,80.0
17,87.0,73.0,49.0,24.0,32.0,42.0,46.0,71.0,89.0,78.0,55.0,68.0,50.0,41.0,52.0,23.0,28.0,30.0,26.0,35.0,43.0,50.0,63.0,49.0
18,,,,,,,,,,,,,,,,,,,,,,,,69.0
19,78.0,64.0,48.0,58.0,60.0,42.0,46.0,41.0,28.0,35.0,66.0,162.0,41.0,18.0,38.0,29.0,68.0,95.0,19.0,78.0,5.0,6.0,6.0,5.0
20,6.0,5.0,5.0,5.0,5.0,5.0,5.0,6.0,6.0,5.0,6.0,7.0,16.0,11.0,14.0,10.0,9.0,9.0,11.0,11.0,18.0,22.0,17.0,13.0
21,10.0,11.0,10.0,8.0,8.0,9.0,10.0,14.0,22.0,28.0,15.0,11.0,14.0,8.0,7.0,7.0,7.0,7.0,7.0,7.0,72.0,79.0,45.0,77.0
22,58.0,78.0,60.0,43.0,55.0,59.0,67.0,78.0,92.0,100.0,76.0,53.0,33.0,6.0,19.0,19.0,31.0,71.0,63.0,12.0,89.0,64.0,60.0,73.0
23,71.0,68.0,64.0,55.0,57.0,57.0,64.0,67.0,79.0,82.0,71.0,36.0,11.0,12.0,23.0,14.0,17.0,54.0,71.0,45.0,37.0,94.0,74.0,55.0
24,59.0,54.0,84.0,119.0,108.0,103.0,106.0,124.0,126.0,125.0,71.0,51.0,55.0,40.0,38.0,39.0,38.0,54.0,49.0,43.0,47.0,51.0,54.0,53.0
25,51.0,63.0,43.0,40.0,55.0,57.0,61.0,65.0,101.0,100.0,50.0,36.0,55.0,31.0,15.0,,,,24.0,,12.0,28.0,25.0,26.0
26,21.0,54.0,43.0,30.0,29.0,25.0,38.0,45.0,74.0,70.0,44.0,40.0,69.0,86.0,15.0,25.0,40.0,72.0,46.0,21.0,22.0,52.0,48.0,42.0
27,30.0,37.0,29.0,25.0,28.0,23.0,20.0,23.0,45.0,45.0,38.0,72.0,250.0,393.0,57.0,82.0,114.0,90.0,127.0,94.0,55.0,129.0,118.0,117.0
28,101.0,102.0,89.0,91.0,62.0,55.0,57.0,46.0,73.0,48.0,69.0,104.0,66.0,54.0,61.0,47.0,66.0,105.0,136.0,96.0,69.0,91.0,112.0,155.0
29,110.0,102.0,65.0,53.0,58.0,46.0,51.0,56.0,66.0,47.0,21.0,93.0,87.0,23.0,108.0,26.0,87.0,90.0,94.0,60.0,89.0,98.0,90.0,103.0
30,105.0,111.0,114.0,101.0,98.0,85.0,103.0,101.0,126.0,136.0,123.0,57.0,69.0,27.0,46.0,49.0,36.0,113.0,124.0,137.0,186.0,129.0,58.0,119.0
"
"
October-2017,00:00:00,01:00:00,02:00:00,03:00:00,04:00:00,05:00:00,06:00:00,07:00:00,08:00:00,09:00:00,10:00:00,11:00:00,12:00:00,13:00:00,14:00:00,15:00:00,16:00:00,17:00:00,18:00:00,19:00:00,20:00:00,21:00:00,22:00:00,23:00:00
1,151.0,130.0,112.0,113.0,142.0,140.0,125.0,103.0,135.0,86.0,63.0,74.0,68.0,61.0,59.0,63.0,59.0,134.0,124.0,131.0,137.0,144.0,101.0,47.0
2,138.0,100.0,91.0,83.0,80.0,90.0,114.0,108.0,198.0,230.0,35.0,45.0,69.0,73.0,49.0,41.0,76.0,103.0,106.0,114.0,104.0,93.0,87.0,118.0
3,,,,,,,,,,,,,,,,,,,,,,,,
4,,,,,,,,,,,,,,,,,,,,,,,,
5,,,,,,,,,,,,,,,,,,,,,,,,
6,,,,,,,,,,,,,,,,,,,,,,,,
7,,,,,,,,,,,,,,,,,,,,,,,,
8,,,,,,,,,,,,,,,,,,,,,,,,
9,,,,,,,,,,,,,,,,,,,,,,,,
10,,,,,,,,,,,,,,,,,,,,,,,,
11,,,,,,,,,,,,,,,,,,,,,,,,
12,,,,,,,,,,,,,,,,,,,,,,,,
13,,,,,,,,,,,,,,,,,,,,,,,,
14,,,,,,,,,,,,,,,,,,,,,,,,
15,,,,,,,,,,,,,,,,,,,,,,,,
16,,,,,,,,,,,,,,,,,,,,,,,,
17,,,,,,,,,,,,,,,,,,,,,,,,
18,,,,,,,,,,,,,,,,,,,,,,,,
19,,,,,,,,,,,,,,,,,,,,,,,,
20,,,,,,,,,,,,,,,,,,,,,,,,
21,,,89.0,118.0,101.0,115.0,137.0,156.0,174.0,179.0,153.0,89.0,76.0,71.0,91.0,51.0,50.0,106.0,35.0,49.0,70.0,98.0,85.0,164.0
22,151.0,117.0,74.0,58.0,59.0,69.0,66.0,72.0,75.0,87.0,86.0,82.0,,,,,,,,,,,,
23,,,,,,,,,,,,,,44.0,,,,67.0,59.0,,,,,
24,,,96.0,80.0,86.0,62.0,67.0,72.0,77.0,,81.0,88.0,,,,,,,,,,,,
25,,,,,,,,,,,,,,,,,,,,,,,,
26,,,,,,,,,,,,,,,,,,,,,,,,
27,,,,,,,,,,,,,,,,,,,,,,,,
28,,,,,,,,,,,,,,,,,,,,,,,,
29,,,,,,,,,,,,,,,,,,,,,,,,
30,,,,,,,,,,,,,,,,,,,,,,,,
31,,,,,,,,,,,,,,,,,,,,,,,,
"
"
November-2017,00:00:00,01:00:00,02:00:00,03:00:00,04:00:00,05:00:00,06:00:00,07:00:00,08:00:00,09:00:00,10:00:00,11:00:00,12:00:00,13:00:00,14:00:00,15:00:00,16:00:00,17:00:00,18:00:00,19:00:00,20:00:00,21:00:00,22:00:00,23:00:00
1.0,,,,,,,,,,,,,,,,,,,,,,,,
2.0,,,,,,,,,,,,,,,,,,,,,,,,
3.0,,,,,,,,,,,,,,,,,,,,,,,,
4.0,,,,,,,,,,,,,,,,,,,,,,,,
5.0,,,,,,,,,,,,,,,,,,,,,,,,
6.0,,,,,,,,,,,,,,,,,,,,,,,,
7.0,,,,,,,,,,,,,,,,,,,,,,,,
8.0,,,,,,,,,,,,,,,,,,,,,,,,
9.0,,,,,,,,,,,,,,,,,,,,,,,,
10.0,,,,,,,,,,,,,,,,,,,,,,,,
11.0,,,,,,,,,,,,,,,,,,,,,,,,
12.0,,,,,,,,,,,,,,,,,,,,,,,,
13.0,,,,,,,,,,,,,,,,,,,,,,,,
14.0,,,,,,,,,,,,,,,,,,,,,,,,
15.0,,,,,,,,,,,,,,,,,,,,,,,,
16.0,,,,,,,,,,,,,,,,,,,,,,,,
17.0,,,,,,,,,,,,,,,,,,,,,,,,
,,,,,,,,,,,,,,,,,,,,,,,,
"
"
December-2017,00:00:00,01:00:00,02:00:00,03:00:00,04:00:00,05:00:00,06:00:00,07:00:00,08:00:00,09:00:00,10:00:00,11:00:00,12:00:00,13:00:00,14:00:00,15:00:00,16:00:00,17:00:00,18:00:00,19:00:00,20:00:00,21:00:00,22:00:00,23:00:00
1,130,176,148,133,117,116,105,118,137,157,244,273,124,128,111,131,102,166,193,205,270,138,156,160
2,133,132,137,129,121,102,93,102,115,124,130,261,219,192,108,100,121,150,106,118,135,142,171,191
3,174,150,134,131,131,113,130,114,134,142,145,185,153,137,114,100,125,125,121,117,109,119,142,170
4,154,137,118,109,120,128,124,124,138,163,197,225,124,144,172,147,118,122,311,194,500,88,90,101
5,97,98,111,111,104,112,122,123,141,145,143,101,103,101,103,103,103,102,100,102,104,107,106,106
6,104,102,98,91,86,84,81,82,84,83,78,111,74,74,73,74,83,96,75,80,91,96,94,123
7,134,124,123,122,122,119,114,119,137,169,159,301,116,106,108,100,113,114,110,163,101,82,90,102
8,93,94,96,108,112,116,130,136,138,145,350,323,259,212,159,110,172,222,274,291,201,146,149,164
9,190,217,225,252,263,255,228,253,261,269,255,247,318,223,130,311,200,204,195,203,162,135,153,169
10,190,185,225,222,231,235,230,247,269,266,208,180,171,206,164,139,148,133,85,90,79,80,85,82
11,89,105,115,109,131,124,120,121,154,185,102,87,87,71,71,71,73,71,73,79,97,87,87,91
12,115,123,102,103,104,102,102,112,131,106,148,104,96,70,62,61,72,60,62,66,167,182,96,110
13,108,116,110,103,114,155,120,101,116,125,114,96,72,70,70,69,75,72,73,80,88,103,105,111
14,113,131,126,146,144,144,138,123,146,187,174,180,178,106,82,93,99,103,90,97,111,138,136,133
15,163,167,169,196,199,207,172,181,222,193,218,277,187,313,222,114,193,230,215,172,216,219,226,213
16,192,198,197,183,188,195,186,176,225,296,280,271,259,208,248,162,287,259,303,304,231,242,245,246
17,346,359,330,265,226,203,189,197,185,178,159,135,124,105,103,93,99,111,109,133,116,120,139,127
18,137,143,136,111,100,106,113,122,141,163,157,193,280,281,125,116,124,128,138,189,230,198,198,159
19,200,157,152,146,117,113,106,123,128,155,184,206,204,145,107,95,94,105,101,80,96,115,127,167
20,142,130,159,169,173,141,138,138,150,155,226,300,145,99,94,106,104,92,78,81,103,123,151,205
21,265,299,265,203,133,138,132,139,141,142,192,288,141,123,98,88,123,95,94,93,118,124,140,167
22,180,178,227,177,136,145,156,135,122,141,176,258,247,176,216,214,137,112,114,116,118,137,172,199
23,223,191,152,146,135,156,127,142,155,181,194,226,169,199,165,116,191,254,169,113,124,128,140,169
24,181,210,255,248,282,273,243,207,230,233,229,243,144,130,143,151,149,135,124,129,168,193,300,315
25,332,309,321,311,309,311,289,301,289,297,310,329,320,279,192,227,217,263,160,168,183,167,238,271
26,304,350,306,299,184,99,119,128,133,139,140,219,238,135,192,118,118,117,108,98,122,147,171,202
27,246,210,203,186,147,128,125,132,160,164,182,298,158,154,152,138,156,161,105,132,118,112,149,189
28,206,249,263,299,269,178,136,141,162,171,207,295,144,110,115,164,295,144,138,104,101,126,154,229
29,286,303,310,300,257,218,172,145,175,180,277,276,207,148,164,163,245,241,204,278,246,246,182,211
30,192,193,259,285,305,306,300,285,268,207,224,187,161,144,124,119,120,93,134,138,122,135,165,177
31,233,262,302,305,306,262,265,284,286,255,188,229,199,188,180,144,143,146,113,137,132,148,152,168
"
"
Year,2018
January-2018,00:00:00,01:00:00,02:00:00,03:00:00,04:00:00,05:00:00,06:00:00,07:00:00,08:00:00,09:00:00,10:00:00,11:00:00,12:00:00,13:00:00,14:00:00,15:00:00,16:00:00,17:00:00,18:00:00,19:00:00,20:00:00,21:00:00,22:00:00,23:00:00
1,184.0,230.0,254.0,260.0,223.0,222.0,289.0,270.0,267.0,252.0,285.0,328.0,219.0,179.0,135.0,118.0,133.0,172.0,186.0,191.0,148.0,163.0,158.0,180.0
2,236.0,265.0,258.0,255.0,253.0,234.0,148.0,163.0,244.0,253.0,301.0,279.0,259.0,231.0,134.0,119.0,137.0,198.0,241.0,304.0,309.0,214.0,203.0,257.0
3,285.0,367.0,315.0,312.0,289.0,257.0,244.0,246.0,240.0,259.0,242.0,313.0,303.0,311.0,306.0,218.0,163.0,186.0,170.0,208.0,174.0,183.0,178.0,196.0
4,249.0,192.0,221.0,286.0,282.0,301.0,290.0,290.0,301.0,433.0,267.0,343.0,314.0,310.0,302.0,260.0,230.0,178.0,129.0,189.0,150.0,130.0,133.0,168.0
5,151.0,117.0,150.0,140.0,142.0,152.0,167.0,176.0,170.0,170.0,271.0,315.0,220.0,153.0,154.0,92.0,102.0,144.0,121.0,137.0,158.0,188.0,192.0,209.0
6,247.0,245.0,214.0,234.0,176.0,161.0,183.0,201.0,190.0,200.0,260.0,327.0,295.0,201.0,230.0,92.0,84.0,147.0,86.0,93.0,100.0,106.0,121.0,117.0
7,122.0,131.0,150.0,142.0,124.0,148.0,138.0,155.0,170.0,149.0,108.0,124.0,127.0,137.0,118.0,107.0,79.0,90.0,100.0,100.0,107.0,118.0,124.0,110.0
8,116.0,139.0,119.0,119.0,119.0,120.0,143.0,137.0,161.0,167.0,179.0,290.0,206.0,181.0,157.0,169.0,105.0,125.0,122.0,105.0,116.0,134.0,148.0,157.0
9,165.0,165.0,160.0,177.0,171.0,184.0,171.0,177.0,222.0,279.0,307.0,328.0,306.0,335.0,341.0,314.0,317.0,307.0,153.0,262.0,301.0,280.0,261.0,177.0
10,168.0,235.0,245.0,248.0,295.0,235.0,240.0,307.0,351.0,301.0,313.0,183.0,196.0,237.0,222.0,308.0,304.0,225.0,271.0,264.0,228.0,135.0,128.0,137.0
11,147.0,305.0,272.0,213.0,162.0,154.0,140.0,142.0,154.0,223.0,316.0,314.0,269.0,255.0,193.0,297.0,233.0,223.0,179.0,231.0,148.0,141.0,154.0,203.0
12,238.0,271.0,283.0,220.0,238.0,212.0,145.0,148.0,176.0,188.0,206.0,257.0,272.0,182.0,199.0,154.0,212.0,209.0,177.0,250.0,303.0,192.0,142.0,127.0
13,143.0,158.0,214.0,194.0,213.0,164.0,170.0,194.0,187.0,206.0,247.0,296.0,298.0,304.0,255.0,164.0,199.0,256.0,214.0,208.0,134.0,145.0,139.0,133.0
14,151.0,181.0,209.0,206.0,203.0,224.0,220.0,256.0,243.0,263.0,279.0,228.0,196.0,194.0,227.0,194.0,138.0,124.0,116.0,129.0,130.0,117.0,120.0,173.0
15,185.0,243.0,267.0,301.0,282.0,221.0,184.0,202.0,211.0,212.0,270.0,276.0,339.0,346.0,338.0,237.0,207.0,205.0,147.0,174.0,100.0,140.0,168.0,229.0
16,228.0,222.0,221.0,226.0,197.0,208.0,157.0,151.0,177.0,207.0,202.0,191.0,216.0,181.0,185.0,99.0,125.0,136.0,77.0,79.0,83.0,129.0,153.0,216.0
17,270.0,218.0,199.0,189.0,165.0,133.0,66.0,99.0,115.0,150.0,157.0,225.0,199.0,128.0,111.0,113.0,96.0,95.0,89.0,99.0,95.0,96.0,92.0,114.0
18,135.0,124.0,162.0,155.0,133.0,132.0,147.0,164.0,177.0,153.0,125.0,160.0,188.0,103.0,104.0,86.0,139.0,170.0,150.0,136.0,114.0,109.0,107.0,88.0
19,122.0,152.0,143.0,151.0,165.0,146.0,139.0,158.0,185.0,186.0,216.0,180.0,162.0,100.0,97.0,80.0,92.0,75.0,80.0,115.0,105.0,79.0,79.0,114.0
20,111.0,119.0,86.0,81.0,100.0,56.0,72.0,106.0,123.0,161.0,161.0,192.0,318.0,304.0,216.0,174.0,129.0,120.0,109.0,107.0,153.0,141.0,126.0,137.0
21,147.0,164.0,153.0,141.0,158.0,137.0,144.0,143.0,173.0,120.0,128.0,142.0,140.0,122.0,161.0,149.0,124.0,126.0,120.0,94.0,149.0,147.0,82.0,153.0
22,201.0,181.0,177.0,160.0,77.0,93.0,109.0,140.0,168.0,199.0,194.0,107.0,310.0,270.0,271.0,304.0,93.0,122.0,183.0,213.0,127.0,115.0,137.0,140.0
23,146.0,147.0,130.0,121.0,122.0,116.0,129.0,143.0,187.0,180.0,150.0,123.0,194.0,257.0,120.0,111.0,118.0,74.0,44.0,35.0,74.0,99.0,82.0,102.0
24,104.0,121.0,,,,,,,,,,,,,,,,,,,,,,
25,,,,,,,,,,,,,,,,,,,,,,,,
26,,,,,,,,,,,,,,,,,,,,,,,,
27,,,,,,,,,,,,,,,,,,,,,,,,
28,,,,,,,,,,,,,,,,,,,,,,,,
29,,,,,,,,,,,,,,,,,,,,,,,,
30,,,,,,,,,,,,,,,,,,,,,,,,
31,,,,,,,,,,,,,,,,,,,,,,,,
"
"
February-2018,00:00:00,01:00:00,02:00:00,03:00:00,04:00:00,05:00:00,06:00:00,07:00:00,08:00:00,09:00:00,10:00:00,11:00:00,12:00:00,13:00:00,14:00:00,15:00:00,16:00:00,17:00:00,18:00:00,19:00:00,20:00:00,21:00:00,22:00:00,23:00:00
1,,,,,,,,,,,,,,,,,,,,,,,,
2,,,,,,,,,,,,,,,,,,,,,,,,
3,,,,,,,,,,,,,,,,,,,,,,,,
4,,,,,,,,,,,,,,,,,,,,,,,,
5,,,,,,,,,,,,,,,,,,,,,,158.0,159.0,248.0
6,285.0,274.0,,,,,,,,,,,,317.0,213.0,302.0,311.0,303.0,320.0,305.0,141.0,121.0,147.0,191.0
7,181.0,203.0,220.0,219.0,97.0,147.0,156.0,161.0,179.0,286.0,259.0,181.0,336.0,355.0,347.0,327.0,313.0,271.0,237.0,230.0,181.0,153.0,218.0,234.0
8,255.0,158.0,170.0,304.0,234.0,187.0,230.0,379.0,351.0,500.0,372.0,340.0,315.0,308.0,321.0,302.0,168.0,98.0,70.0,77.0,68.0,78.0,67.0,69.0
9,84.0,72.0,103.0,114.0,112.0,124.0,116.0,109.0,135.0,155.0,150.0,137.0,138.0,105.0,102.0,76.0,60.0,68.0,57.0,58.0,58.0,64.0,89.0,76.0
10,79.0,85.0,171.0,192.0,150.0,102.0,82.0,145.0,133.0,131.0,128.0,136.0,104.0,76.0,190.0,238.0,99.0,83.0,67.0,62.0,71.0,66.0,89.0,81.0
11,87.0,114.0,119.0,98.0,116.0,109.0,103.0,90.0,99.0,108.0,90.0,88.0,102.0,91.0,77.0,80.0,86.0,67.0,68.0,61.0,65.0,68.0,65.0,68.0
12,72.0,66.0,78.0,98.0,103.0,90.0,68.0,75.0,100.0,117.0,112.0,116.0,126.0,229.0,222.0,94.0,59.0,63.0,58.0,57.0,58.0,60.0,61.0,70.0
13,79.0,143.0,109.0,130.0,105.0,68.0,87.0,100.0,80.0,158.0,159.0,128.0,118.0,115.0,120.0,110.0,114.0,105.0,83.0,117.0,120.0,94.0,79.0,103.0
14,121.0,118.0,160.0,167.0,184.0,165.0,138.0,128.0,141.0,235.0,216.0,182.0,303.0,278.0,,151.0,171.0,168.0,419.0,480.0,405.0,160.0,123.0,149.0
15,123.0,116.0,111.0,103.0,96.0,82.0,88.0,95.0,109.0,126.0,128.0,136.0,161.0,160.0,313.0,194.0,162.0,130.0,110.0,88.0,57.0,70.0,101.0,143.0
16,130.0,148.0,121.0,105.0,76.0,88.0,133.0,152.0,166.0,198.0,200.0,179.0,165.0,172.0,172.0,136.0,95.0,98.0,91.0,91.0,84.0,66.0,53.0,67.0
17,142.0,126.0,163.0,161.0,196.0,156.0,51.0,64.0,134.0,115.0,111.0,170.0,245.0,189.0,181.0,117.0,253.0,129.0,99.0,185.0,108.0,99.0,110.0,107.0
18,244.0,134.0,171.0,161.0,126.0,110.0,70.0,125.0,58.0,163.0,199.0,176.0,194.0,176.0,152.0,106.0,116.0,134.0,113.0,88.0,134.0,126.0,138.0,138.0
19,140.0,174.0,183.0,153.0,126.0,151.0,151.0,154.0,160.0,157.0,174.0,197.0,191.0,284.0,191.0,153.0,154.0,156.0,179.0,151.0,153.0,225.0,179.0,145.0
20,220.0,248.0,149.0,212.0,276.0,208.0,146.0,140.0,233.0,203.0,99.0,168.0,306.0,300.0,213.0,181.0,238.0,257.0,233.0,256.0,214.0,213.0,141.0,186.0
21,244.0,198.0,180.0,186.0,181.0,161.0,129.0,132.0,191.0,173.0,126.0,154.0,288.0,317.0,212.0,196.0,139.0,170.0,258.0,316.0,220.0,140.0,172.0,249.0
22,356.0,278.0,187.0,208.0,141.0,122.0,126.0,124.0,218.0,270.0,259.0,254.0,308.0,303.0,165.0,117.0,165.0,322.0,342.0,416.0,316.0,208.0,180.0,168.0
23,231.0,216.0,170.0,129.0,130.0,84.0,124.0,99.0,136.0,188.0,245.0,246.0,333.0,302.0,174.0,130.0,165.0,117.0,83.0,109.0,81.0,146.0,176.0,189.0
24,177.0,241.0,254.0,184.0,140.0,184.0,192.0,213.0,203.0,260.0,235.0,188.0,200.0,201.0,128.0,151.0,121.0,145.0,179.0,147.0,170.0,189.0,188.0,186.0
25,209.0,243.0,303.0,289.0,148.0,130.0,173.0,162.0,160.0,182.0,211.0,305.0,242.0,176.0,141.0,219.0,161.0,160.0,137.0,169.0,152.0,151.0,140.0,147.0
26,138.0,194.0,158.0,165.0,228.0,211.0,210.0,181.0,171.0,229.0,186.0,281.0,334.0,240.0,172.0,224.0,112.0,128.0,115.0,97.0,94.0,134.0,173.0,175.0
27,211.0,284.0,230.0,224.0,135.0,239.0,274.0,198.0,173.0,200.0,280.0,367.0,354.0,313.0,301.0,135.0,165.0,157.0,157.0,97.0,131.0,211.0,220.0,243.0
28,258.0,263.0,261.0,311.0,347.0,311.0,267.0,226.0,235.0,306.0,311.0,318.0,249.0,264.0,306.0,302.0,217.0,195.0,183.0,282.0,107.0,176.0,208.0,221.0
"
"
March-2018,00:00:00,01:00:00,02:00:00,03:00:00,04:00:00,05:00:00,06:00:00,07:00:00,08:00:00,09:00:00,10:00:00,11:00:00,12:00:00,13:00:00,14:00:00,15:00:00,16:00:00,17:00:00,18:00:00,19:00:00,20:00:00,21:00:00,22:00:00,23:00:00
1,208,231,210,242,191,220,230,255,278,297,300,280,308,307,280,254,171,192,205,245,118,125,165,163
2,314,403,324,298,301,346,425,308,159,325,327,324,321,339,243,129,83,163,181,125,126,182,218,276
3,257,132,262,247,162,211,348,361,352,482,273,340,317,115,86,91,76,99,100,119,94,163,261,143
4,152,170,331,136,90,88,146,135,147,163,117,95,136,82,91,113,105,107,110,78,85,103,129,149
5,134,104,77,77,77,81,102,105,107,136,131,157,138,89,87,151,211,143,142,125,113,102,101,143
6,169,144,146,139,81,81,83,89,104,97,91,242,189,195,177,120,115,125,131,176,118,152,152,157
7,188,160,151,146,96,89,89,84,89,97,92,100,103,111,109,82,82,90,83,78,92,80,80,82
8,82,82,84,82,86,87,113,140,172,157,226,204,107,103,77,78,81,82,82,83,81,82,90,107
9,107,91,94,119,105,91,96,112,160,164,125,134,319,116,99,79,82,85,87,86,87,98,98,88
10,88,87,88,88,87,85,84,84,117,127,94,100,130,114,87,96,118,115,124,137,128,107,103,103
11,82,83,122,84,85,86,89,107,172,153,100,111,123,264,207,133,143,97,84,101,94,118,116,167
12,182,207,136,89,89,93,105,113,139,169,165,205,229,182,156,121,95,133,158,141,122,104,95,125
13,139,153,135,70,68,69,63,86,117,141,206,171,127,135,132,126,103,79,66,302,72,61,66,85
14,63,62,57,62,56,57,61,76,132,150,135,125,117,119,136,85,81,67,59,60,73,90,109,90
15,80,61,60,80,77,63,90,103,61,63,93,93,88,137,180,104,124,107,124,164,145,143,155,139
16,139,134,127,127,121,127,166,127,164,172,191,216,153,176,301,130,167,225,196,193,171,124,85,109
17,208,226,249,268,131,128,65,103,170,143,117,304,304,223,132,89,87,92,120,155,166,157,124,98
18,120,140,85,140,166,143,128,87,109,118,74,102,127,142,142,107,89,91,91,82,83,119,152,99
19,86,84,83,72,74,70,79,95,121,86,74,68,94,130,150,141,120,86,109,82,83,79,88,87
20,90,77,64,64,64,90,74,91,106,100,75,74,109,119,113,157,175,384,362,175,140,136,135,91
21,113,106,105,66,74,66,82,108,126,97,96,98,80,104,107,100,81,106,119,86,86,126,114,125
22,92,89,89,88,93,100,122,157,133,108,228,143,123,94,125,131,126,113,123,124,125,107,138,138
23,125,113,94,115,108,93,103,126,152,167,91,244,259,209,138,129,125,146,164,150,153,146,113,144
24,162,188,146,90,111,86,113,141,209,103,98,153,226,156,160,154,156,128,159,172,144,134,125,143
25,165,171,177,187,176,107,102,130,200,241,292,303,197,203,144,193,155,154,144,112,136,120,111,136
26,157,151,139,167,226,166,148,127,150,283,305,323,310,230,325,140,134,159,177,197,154,175,271,311
27,140,448,478,137,264,137,104,109,107,94,101,130,132,129,127,134,128,132,140,142,112,107,102,257
28,114,500,395,481,356,482,464,500,500,419,89,312,135,341,68,82,79,97,167,83,73,89,95,91
29,99,135,81,68,123,74,61,122,303,214,96,144,77,64,77,84,87,93,105,147,71,65,77,97
30,96,78,55,73,85,185,223,80,208,159,211,74,169,76,62,80,86,89,100,94,137,140,146,81
31,60,66,85,91,114,206,307,358,373,76,67,59,83,101,98,69,129,99,134,118,117,97,99,103
"
"
April-2018,00:00:00,01:00:00,02:00:00,03:00:00,04:00:00,05:00:00,06:00:00,07:00:00,08:00:00,09:00:00,10:00:00,11:00:00,12:00:00,13:00:00,14:00:00,15:00:00,16:00:00,17:00:00,18:00:00,19:00:00,20:00:00,21:00:00,22:00:00,23:00:00
1,83.0,173.0,247.0,300.0,170.0,74.0,88.0,111.0,306.0,211.0,79.0,121.0,193.0,179.0,160.0,114.0,100.0,150.0,82.0,193.0,139.0,118.0,120.0,104.0
2,103.0,88.0,107.0,120.0,167.0,209.0,118.0,162.0,181.0,106.0,56.0,113.0,48.0,49.0,78.0,94.0,83.0,174.0,83.0,92.0,87.0,84.0,66.0,75.0
3,75.0,73.0,61.0,73.0,75.0,75.0,80.0,96.0,101.0,99.0,90.0,102.0,118.0,100.0,90.0,68.0,88.0,99.0,61.0,89.0,90.0,87.0,91.0,80.0
4,64.0,56.0,54.0,50.0,51.0,67.0,86.0,88.0,94.0,79.0,78.0,74.0,97.0,109.0,104.0,69.0,91.0,126.0,123.0,130.0,73.0,89.0,84.0,96.0
5,99.0,98.0,69.0,57.0,53.0,70.0,60.0,63.0,108.0,100.0,122.0,144.0,101.0,87.0,87.0,104.0,105.0,110.0,103.0,95.0,113.0,111.0,100.0,117.0
6,113.0,104.0,82.0,68.0,87.0,92.0,92.0,105.0,133.0,120.0,95.0,111.0,120.0,117.0,116.0,125.0,114.0,125.0,109.0,74.0,76.0,82.0,83.0,83.0
7,72.0,76.0,54.0,71.0,67.0,74.0,110.0,107.0,122.0,111.0,85.0,104.0,103.0,122.0,120.0,115.0,106.0,105.0,102.0,101.0,76.0,63.0,73.0,86.0
8,72.0,71.0,74.0,59.0,84.0,103.0,107.0,118.0,150.0,122.0,106.0,106.0,63.0,74.0,75.0,105.0,118.0,105.0,95.0,80.0,63.0,56.0,60.0,82.0
9,94.0,89.0,87.0,89.0,83.0,92.0,,,121.0,136.0,136.0,191.0,132.0,130.0,113.0,111.0,114.0,114.0,114.0,104.0,83.0,72.0,76.0,75.0
10,71.0,77.0,66.0,65.0,65.0,67.0,75.0,84.0,92.0,108.0,97.0,146.0,175.0,144.0,136.0,112.0,109.0,114.0,101.0,97.0,84.0,78.0,78.0,81.0
11,77.0,79.0,72.0,70.0,67.0,68.0,70.0,92.0,100.0,101.0,101.0,128.0,134.0,154.0,133.0,114.0,107.0,108.0,114.0,88.0,80.0,81.0,83.0,82.0
12,74.0,70.0,69.0,70.0,66.0,66.0,74.0,98.0,99.0,93.0,86.0,125.0,131.0,129.0,100.0,138.0,136.0,115.0,105.0,97.0,91.0,86.0,83.0,83.0
13,83.0,74.0,68.0,67.0,68.0,72.0,75.0,96.0,101.0,97.0,82.0,90.0,97.0,97.0,95.0,98.0,82.0,107.0,112.0,96.0,88.0,81.0,78.0,73.0
14,71.0,71.0,70.0,69.0,66.0,73.0,78.0,92.0,102.0,99.0,76.0,88.0,98.0,108.0,101.0,83.0,77.0,100.0,95.0,88.0,82.0,76.0,73.0,71.0
15,72.0,76.0,69.0,67.0,67.0,68.0,65.0,92.0,84.0,80.0,77.0,80.0,92.0,91.0,88.0,84.0,92.0,93.0,93.0,92.0,91.0,91.0,86.0,79.0
16,75.0,73.0,72.0,74.0,71.0,69.0,69.0,78.0,85.0,81.0,78.0,103.0,89.0,104.0,109.0,106.0,105.0,105.0,100.0,97.0,90.0,81.0,75.0,75.0
17,76.0,75.0,78.0,73.0,71.0,70.0,69.0,74.0,91.0,97.0,103.0,128.0,126.0,120.0,125.0,110.0,104.0,120.0,134.0,116.0,122.0,108.0,90.0,103.0
18,93.0,88.0,91.0,92.0,91.0,90.0,81.0,76.0,97.0,101.0,98.0,103.0,116.0,104.0,121.0,128.0,132.0,78.0,117.0,125.0,102.0,88.0,86.0,91.0
19,86.0,80.0,76.0,70.0,82.0,85.0,92.0,102.0,102.0,101.0,95.0,136.0,,,,,,,,,,,,
20,,,,,,,,,,,,,,,,,,,,,,,,
21,,,,,,,,,,,,,,,,,,,,,,,,
22,,,,,,,,,,,,,,,,,,,,,,,,
23,,,,,,,,,,,,,,,,,,,,,,,,
24,,,,,,,,,,,,,15.0,,,15.0,,15.0,,,,,,
25,,,,,,,,,,,,,,,,,,,,,,,,
26,,,,,,,,,,,,88.0,87.0,81.0,80.0,,,,,,,,,
27,,,,,,,,,,,,,,,,,,,,,,,,
28,,,,,,,,,,,,,,,,,,,,,,,,
29,,,,,,,,,,,,,,,,,,,,,,,,
30,,,,,,,,,,,,,,,,,,,,,,,,
"
"
May-2018,00:00:00,01:00:00,02:00:00,03:00:00,04:00:00,05:00:00,06:00:00,07:00:00,08:00:00,09:00:00,10:00:00,11:00:00,12:00:00,13:00:00,14:00:00,15:00:00,16:00:00,17:00:00,18:00:00,19:00:00,20:00:00,21:00:00,22:00:00,23:00:00
1,,,,,,,,,,,,,,,,,,,,,,,,
2,,,,,,,,,,,,,,,,,,,,,,,,
3,,,,,,,,,,,,,,,,,,,,,,,,
4,,,,,,,,,,,,,,,,,,,,,,,,
5,,,,,,,,,,,,,,,,,,,,,,,,
6,,,,,,,,,,,,,,,,,,,,,,,,
7,,,,,,,,,,,,,,,,,,,,,,,,
8,,,,,,,,,,,,65.0,65.0,61.0,60.0,59.0,60.0,61.0,70.0,,,,,65.0
9,63.0,62.0,62.0,62.0,63.0,65.0,77.0,91.0,91.0,83.0,,,80.0,64.0,61.0,66.0,59.0,74.0,96.0,82.0,90.0,78.0,79.0,81.0
10,64.0,62.0,61.0,61.0,75.0,64.0,69.0,85.0,78.0,64.0,64.0,,78.0,108.0,64.0,60.0,62.0,62.0,82.0,102.0,,,,
11,62.0,62.0,60.0,61.0,62.0,89.0,70.0,98.0,83.0,66.0,73.0,62.0,76.0,61.0,,60.0,57.0,77.0,110.0,,,,,
12,,115.0,76.0,78.0,71.0,79.0,70.0,89.0,101.0,60.0,69.0,81.0,102.0,66.0,76.0,83.0,101.0,133.0,,,,,,
13,63.0,87.0,79.0,84.0,66.0,76.0,124.0,117.0,89.0,80.0,84.0,,,,,,,,,,,,,
14,,61.0,60.0,60.0,60.0,60.0,63.0,68.0,64.0,62.0,65.0,,69.0,69.0,62.0,,,60.0,73.0,,73.0,,,
15,,,,,,,,,,,,61.0,60.0,60.0,58.0,59.0,63.0,61.0,68.0,61.0,62.0,65.0,65.0,64.0
16,62.0,60.0,59.0,58.0,60.0,62.0,61.0,64.0,62.0,62.0,61.0,60.0,58.0,58.0,58.0,57.0,,68.0,,,,,,
17,61.0,60.0,61.0,59.0,60.0,60.0,62.0,64.0,70.0,61.0,62.0,74.0,102.0,90.0,75.0,61.0,91.0,112.0,148.0,115.0,96.0,84.0,97.0,104.0
18,90.0,89.0,65.0,70.0,75.0,62.0,76.0,77.0,84.0,98.0,85.0,87.0,69.0,81.0,,,,,,,,,,
19,62.0,87.0,,82.0,69.0,66.0,81.0,90.0,132.0,64.0,64.0,87.0,97.0,80.0,86.0,72.0,104.0,,132.0,111.0,,107.0,108.0,66.0
20,82.0,62.0,67.0,60.0,87.0,94.0,101.0,112.0,71.0,65.0,74.0,63.0,81.0,,,,,,,,,,,
21,66.0,66.0,76.0,62.0,62.0,62.0,62.0,71.0,63.0,,63.0,87.0,88.0,89.0,,79.0,91.0,,110.0,124.0,,111.0,70.0,106.0
22,90.0,,98.0,78.0,70.0,62.0,96.0,129.0,93.0,,67.0,69.0,,104.0,62.0,87.0,62.0,79.0,95.0,65.0,96.0,95.0,,78.0
23,75.0,,64.0,80.0,75.0,62.0,64.0,68.0,72.0,69.0,68.0,,67.0,63.0,101.0,141.0,,156.0,97.0,69.0,121.0,113.0,100.0,
24,,,,80.0,66.0,72.0,88.0,77.0,74.0,66.0,85.0,90.0,54.0,87.0,78.0,,100.0,103.0,54.0,147.0,96.0,56.0,96.0,86.0
25,,57.0,62.0,70.0,64.0,53.0,55.0,56.0,78.0,56.0,61.0,55.0,,54.0,,51.0,51.0,55.0,,,,,,
26,,,,,,50.0,52.0,54.0,54.0,55.0,69.0,,81.0,,53.0,55.0,79.0,56.0,96.0,58.0,93.0,101.0,109.0,
27,,,,,,,,198.0,189.0,172.0,187.0,,189.0,62.0,60.0,60.0,60.0,65.0,85.0,62.0,65.0,77.0,63.0,
28,64.0,107.0,106.0,112.0,114.0,113.0,115.0,117.0,115.0,130.0,435.0,321.0,,190.0,61.0,,171.0,126.0,113.0,114.0,108.0,96.0,115.0,87.0
29,86.0,96.0,107.0,115.0,113.0,117.0,118.0,120.0,115.0,,101.0,82.0,83.0,79.0,80.0,85.0,92.0,,86.0,108.0,67.0,64.0,275.0,129.0
30,,78.0,83.0,61.0,55.0,60.0,55.0,75.0,71.0,76.0,82.0,,74.0,57.0,57.0,56.0,,,,,,,,
31,,,,70.0,86.0,72.0,88.0,94.0,59.0,62.0,,73.0,94.0,57.0,69.0,60.0,56.0,96.0,119.0,112.0,,89.0,81.0,104.0
"
"
June-2018,00:00:00,01:00:00,02:00:00,03:00:00,04:00:00,05:00:00,06:00:00,07:00:00,08:00:00,09:00:00,10:00:00,11:00:00,12:00:00,13:00:00,14:00:00,15:00:00,16:00:00,17:00:00,18:00:00,19:00:00,20:00:00,21:00:00,22:00:00,23:00:00
1,57.0,57.0,76.0,67.0,59.0,80.0,85.0,81.0,62.0,82.0,116.0,,,,,,,115.0,,98.0,75.0,74.0,74.0,74.0
2,,75.0,70.0,64.0,83.0,87.0,120.0,79.0,,93.0,81.0,130.0,,87.0,61.0,69.0,72.0,81.0,107.0,69.0,72.0,80.0,86.0,100.0
3,100.0,93.0,95.0,95.0,96.0,94.0,107.0,108.0,102.0,,101.0,89.0,,78.0,,72.0,74.0,82.0,83.0,83.0,81.0,,85.0,79.0
4,77.0,,46.0,48.0,77.0,70.0,79.0,50.0,66.0,86.0,72.0,80.0,69.0,87.0,79.0,75.0,75.0,79.0,84.0,86.0,91.0,86.0,113.0,107.0
5,101.0,90.0,100.0,100.0,98.0,99.0,97.0,117.0,119.0,109.0,120.0,,135.0,82.0,62.0,73.0,64.0,73.0,123.0,143.0,58.0,61.0,72.0,69.0
6,57.0,54.0,52.0,,50.0,61.0,,105.0,69.0,55.0,64.0,69.0,56.0,46.0,57.0,45.0,51.0,66.0,66.0,90.0,77.0,57.0,60.0,69.0
7,60.0,52.0,50.0,52.0,48.0,74.0,,65.0,93.0,92.0,90.0,129.0,500.0,56.0,72.0,75.0,,,,,,63.0,66.0,
8,62.0,86.0,,74.0,76.0,,98.0,112.0,,,95.0,,42.0,,60.0,,48.0,,49.0,70.0,56.0,74.0,55.0,59.0
9,86.0,47.0,90.0,74.0,,80.0,59.0,,72.0,,96.0,,86.0,,81.0,,102.0,96.0,58.0,76.0,,71.0,,104.0
10,59.0,136.0,50.0,72.0,,,97.0,51.0,,67.0,,114.0,52.0,,226.0,,51.0,,105.0,,89.0,56.0,130.0,54.0
11,70.0,61.0,,67.0,55.0,48.0,102.0,159.0,52.0,87.0,,83.0,,64.0,104.0,,78.0,,114.0,,128.0,,56.0,56.0
12,72.0,113.0,48.0,55.0,71.0,49.0,49.0,,98.0,52.0,64.0,55.0,74.0,52.0,56.0,54.0,81.0,122.0,,,,,58.0,
13,54.0,,51.0,,,59.0,49.0,,59.0,,58.0,,102.0,,68.0,,98.0,,107.0,,122.0,,,94.0
14,,90.0,73.0,55.0,72.0,,82.0,61.0,72.0,52.0,64.0,81.0,86.0,75.0,78.0,43.0,70.0,118.0,92.0,93.0,59.0,75.0,100.0,86.0
15,70.0,102.0,126.0,52.0,,50.0,58.0,53.0,71.0,53.0,61.0,56.0,80.0,65.0,43.0,50.0,45.0,,112.0,58.0,94.0,113.0,,124.0
16,84.0,,74.0,82.0,63.0,77.0,74.0,87.0,91.0,73.0,72.0,,,70.0,78.0,68.0,61.0,64.0,88.0,114.0,68.0,,,
17,,86.0,94.0,52.0,,,,,92.0,117.0,58.0,77.0,,,74.0,,55.0,55.0,84.0,78.0,,106.0,94.0,
18,100.0,72.0,74.0,66.0,57.0,66.0,72.0,84.0,99.0,93.0,90.0,102.0,80.0,59.0,82.0,82.0,53.0,61.0,61.0,63.0,70.0,69.0,67.0,
19,93.0,87.0,87.0,82.0,72.0,68.0,70.0,86.0,88.0,91.0,100.0,98.0,57.0,,52.0,69.0,51.0,57.0,75.0,73.0,,,,88.0
20,,104.0,98.0,93.0,,110.0,74.0,98.0,104.0,105.0,126.0,82.0,78.0,,,,,,,96.0,103.0,82.0,,98.0
21,,99.0,76.0,75.0,54.0,54.0,66.0,72.0,76.0,59.0,57.0,,69.0,105.0,74.0,52.0,98.0,,102.0,91.0,98.0,129.0,114.0,76.0
22,59.0,56.0,56.0,64.0,,,,,62.0,60.0,60.0,61.0,69.0,59.0,63.0,88.0,64.0,101.0,91.0,85.0,109.0,114.0,,74.0
23,69.0,,65.0,93.0,79.0,,,56.0,84.0,94.0,96.0,96.0,,133.0,,69.0,61.0,60.0,70.0,68.0,76.0,,102.0,
24,,79.0,71.0,,60.0,69.0,70.0,74.0,78.0,77.0,76.0,65.0,64.0,,66.0,,62.0,60.0,60.0,63.0,61.0,,60.0,
25,,57.0,68.0,58.0,,,58.0,71.0,62.0,64.0,78.0,102.0,,,56.0,57.0,108.0,88.0,,,,,66.0,
26,,77.0,64.0,60.0,62.0,,72.0,199.0,59.0,60.0,64.0,,,,,201.0,,62.0,62.0,95.0,69.0,91.0,64.0,64.0
27,59.0,86.0,57.0,,,,57.0,66.0,80.0,61.0,60.0,83.0,81.0,65.0,70.0,59.0,62.0,134.0,128.0,75.0,75.0,83.0,,
28,,62.0,59.0,62.0,102.0,95.0,58.0,63.0,103.0,67.0,105.0,59.0,,56.0,78.0,79.0,103.0,118.0,,,,,,
29,,,,89.0,60.0,61.0,71.0,95.0,104.0,104.0,102.0,,,,,,,,,,,,,
30,,,,84.0,79.0,,78.0,,102.0,,80.0,83.0,77.0,98.0,,64.0,,64.0,,64.0,,,,
"
"
July-2018,00:00:00,01:00:00,02:00:00,03:00:00,04:00:00,05:00:00,06:00:00,07:00:00,08:00:00,09:00:00,10:00:00,11:00:00,12:00:00,13:00:00,14:00:00,15:00:00,16:00:00,17:00:00,18:00:00,19:00:00,20:00:00,21:00:00,22:00:00,23:00:00
1,,,94.0,77.0,,75.0,80.0,,88.0,88.0,,70.0,,56.0,,,62.0,,,,,,,
2,,,59.0,,62.0,58.0,,57.0,80.0,,88.0,,,,72.0,108.0,80.0,,73.0,,76.0,,60.0,
3,,,85.0,,,,,,,,79.0,,104.0,61.0,141.0,66.0,62.0,109.0,56.0,107.0,,116.0,101.0,73.0
4,85.0,,,48.0,55.0,,64.0,59.0,55.0,53.0,55.0,97.0,57.0,62.0,,,65.0,,60.0,168.0,,71.0,107.0,
5,64.0,,59.0,,95.0,75.0,,99.0,64.0,,85.0,57.0,57.0,,62.0,65.0,87.0,90.0,221.0,60.0,115.0,81.0,67.0,112.0
6,63.0,,63.0,,,100.0,71.0,,73.0,,62.0,,,,,,,,72.0,,,,,
7,,,,,,,,,,66.0,,62.0,113.0,,,95.0,,74.0,,,,,,
8,,,,,,,,,,,,,,,,,,,,,,,,
9,,,,,,,,,,,,90.0,108.0,104.0,,,,,102.0,,,103.0,,
10,86.0,,,,,,,67.0,,56.0,,50.0,,163.0,,63.0,,68.0,,,58.0,,,60.0
11,,,,,,,,,,,53.0,60.0,63.0,,63.0,,,,79.0,78.0,71.0,79.0,94.0,64.0
12,54.0,60.0,,63.0,,57.0,59.0,,98.0,,,64.0,80.0,63.0,64.0,63.0,82.0,57.0,106.0,105.0,126.0,64.0,66.0,64.0
13,64.0,,73.0,,,,,60.0,,66.0,56.0,103.0,,166.0,76.0,131.0,,70.0,153.0,173.0,159.0,85.0,66.0,64.0
14,85.0,,,,,,54.0,,78.0,,175.0,,,60.0,,62.0,,69.0,,143.0,,,99.0,
15,,60.0,,56.0,,91.0,,118.0,,115.0,,,,,74.0,,,,,62.0,,,,
16,,,,,,,,,,108.0,,98.0,101.0,55.0,76.0,53.0,66.0,106.0,189.0,65.0,65.0,58.0,195.0,66.0
17,172.0,57.0,,59.0,59.0,52.0,,67.0,,60.0,64.0,66.0,,121.0,115.0,,59.0,182.0,82.0,,,72.0,,
18,,198.0,,60.0,,60.0,,71.0,,58.0,,65.0,,67.0,66.0,57.0,,,61.0,68.0,70.0,67.0,69.0,75.0
19,103.0,81.0,,58.0,58.0,,57.0,60.0,,58.0,,60.0,62.0,64.0,67.0,77.0,93.0,130.0,116.0,77.0,64.0,71.0,68.0,75.0
20,94.0,56.0,,54.0,,57.0,60.0,,64.0,71.0,59.0,104.0,62.0,,66.0,64.0,87.0,,100.0,95.0,63.0,152.0,79.0,71.0
21,56.0,,78.0,,46.0,,107.0,47.0,,72.0,94.0,,,51.0,,,,56.0,57.0,70.0,127.0,100.0,68.0,107.0
22,114.0,,52.0,,52.0,,60.0,48.0,123.0,,54.0,55.0,60.0,69.0,65.0,71.0,73.0,51.0,56.0,,,,,
23,,60.0,,46.0,,,,,,57.0,,,90.0,82.0,,,,63.0,,,66.0,,,61.0
24,,57.0,,57.0,,46.0,,53.0,,73.0,,56.0,68.0,,75.0,,,56.0,,,68.0,,,69.0
25,,49.0,54.0,,57.0,,52.0,,56.0,,57.0,64.0,,62.0,,,,59.0,,,,,71.0,
26,,89.0,,51.0,,56.0,,,,,52.0,,63.0,88.0,,,69.0,74.0,93.0,95.0,63.0,113.0,65.0,63.0
27,70.0,,,,,,66.0,,59.0,,54.0,62.0,56.0,,,76.0,62.0,,,,66.0,66.0,,
28,,,63.0,,55.0,,56.0,,60.0,,62.0,,,53.0,60.0,61.0,61.0,,,,,94.0,,
29,,,,,,,,58.0,,,,,60.0,,53.0,,85.0,,,,,58.0,,
30,,60.0,,,,,,,,,62.0,74.0,,59.0,74.0,,93.0,57.0,,,,,,
31,,,,,,,,,,,56.0,56.0,63.0,64.0,65.0,60.0,81.0,86.0,81.0,77.0,64.0,69.0,66.0,64.0
"
"
August-2018,00:00:00,01:00:00,02:00:00,03:00:00,04:00:00,05:00:00,06:00:00,07:00:00,08:00:00,09:00:00,10:00:00,11:00:00,12:00:00,13:00:00,14:00:00,15:00:00,16:00:00,17:00:00,18:00:00,19:00:00,20:00:00,21:00:00,22:00:00,23:00:00
1,88,82,74,55,54,57,58,60,75.0,108,55,56,57,61,77,82,75,82,70,99,118,65,64,83
2,68,54,105,52,51,70,59,61,,64,58,104,57,58,203,169,65,66,110,129,65,144,91,82
3,76,102,58,53,51,50,52,59,62.0,61,62,68,56,150,56,72,190,92,95,70,60,108,75,115
4,63,61,61,58,52,51,51,53,61.0,62,64,65,58,57,56,139,133,79,64,67,62,60,59,57
5,78,60,59,59,58,51,51,52,52.0,58,61,62,64,62,55,54,54,56,62,66,67,66,58,78
6,56,54,59,60,60,60,53,52,55.0,55,60,65,110,67,62,56,77,58,58,66,68,69,66,72
7,54,72,51,57,60,60,61,58,56.0,57,71,61,66,67,68,65,71,66,75,108,67,69,67,67
8,66,80,53,52,55,59,61,63,62.0,58,57,57,58,65,67,67,67,58,76,110,63,65,67,66
9,60,69,56,52,52,58,60,62,65.0,59,65,58,60,81,66,67,67,90,58,108,59,62,68,69
10,68,67,55,53,52,52,58,64,66.0,69,62,58,56,73,60,58,58,85,66,67,69,70,76,58
11,56,55,61,62,61,62,56,65,70.0,57,61,67,67,68,64,61,63,81,61,66,68,71,69,60
12,68,58,54,59,61,62,62,59,56.0,56,98,60,66,68,68,65,65,75,69,59,67,69,69,67
13,69,54,53,53,57,61,63,64,,58,58,58,97,68,69,68,67,81,43,57,58,49,48,49
14,66,51,500,500,432,500,341,500,500.0,61,39,57,46,84,66,85,90,52,78,135,342,301,99,96
15,102,104,102,103,88,91,88,75,90.0,93,79,58,84,99,96,84,123,65,81,96,104,157,81,64
16,82,96,94,96,100,98,99,110,110.0,83,68,67,64,107,82,93,113,55,56,96,110,84,112,97
17,92,78,88,91,72,77,81,76,87.0,79,54,89,79,51,51,63,91,55,60,89,110,75,90,89
18,80,92,68,80,60,64,81,71,85.0,57,58,90,97,51,54,101,83,97,74,84,113,74,54,66
19,72,76,71,67,69,62,64,68,80.0,82,60,70,63,97,93,64,125,67,130,155,72,93,92,80
20,53,70,71,70,69,54,55,59,59.0,73,76,70,82,117,44,70,80,87,82,105,101,96,76,81
21,71,80,70,64,68,68,67,68,73.0,84,77,50,104,130,68,73,93,64,55,87,72,69,69,67
22,61,53,69,68,55,51,58,57,67.0,54,85,52,86,71,50,49,50,55,74,80,92,87,73,75
23,66,72,73,68,51,72,71,71,71.0,80,50,53,114,45,45,45,64,49,74,78,72,69,65,59
24,54,64,59,58,64,68,49,65,,51,58,78,59,62,65,65,65,73,67,69,73,75,72,71
25,69,66,63,64,62,62,63,64,66.0,68,68,68,62,65,66,66,66,68,75,69,74,72,71,70
26,68,67,64,64,63,63,64,65,70.0,83,66,79,68,68,68,67,70,77,68,69,75,81,81,70
27,68,68,65,65,64,67,71,73,80.0,90,66,80,64,62,61,60,62,121,64,74,82,93,92,135
28,109,76,68,67,72,66,72,72,75.0,69,70,65,63,62,74,81,60,84,92,88,92,89,108,105
29,90,81,80,79,70,71,68,88,71.0,73,62,61,59,60,61,65,60,70,86,106,93,74,80,71
30,74,68,72,66,72,63,77,84,78.0,72,65,69,86,60,61,59,60,67,109,93,83,70,69,72
31,76,68,69,63,63,63,63,66,69.0,69,65,61,61,60,60,60,63,78,90,74,72,73,73,86
"
"
September-2018,00:00:00,01:00:00,02:00:00,03:00:00,04:00:00,05:00:00,06:00:00,07:00:00,08:00:00,09:00:00,10:00:00,11:00:00,12:00:00,13:00:00,14:00:00,15:00:00,16:00:00,17:00:00,18:00:00,19:00:00,20:00:00,21:00:00,22:00:00,23:00:00
1,68,64,78,72,64,62.0,63.0,65.0,92.0,68.0,67.0,76,73,62,76,91,77,100,95,81,144,101,72,71
2,68,65,68,63,63,63.0,63.0,65.0,65.0,66.0,65.0,66,66,67,67,86,66,65,67,77,71,70,85,70
3,72,65,63,62,62,63.0,62.0,68.0,67.0,66.0,66.0,75,64,64,61,62,67,75,67,76,80,74,71,68
4,65,67,72,63,62,62.0,63.0,66.0,69.0,68.0,67.0,63,62,62,61,60,66,67,83,69,70,73,73,69
5,66,64,63,62,62,62.0,63.0,66.0,68.0,66.0,66.0,63,77,60,60,62,62,86,72,72,79,78,61,54
6,53,51,57,51,50,53.0,60.0,65.0,56.0,72.0,52.0,66,64,52,59,58,71,79,90,90,77,68,69,62
7,64,60,61,62,56,50.0,59.0,67.0,68.0,52.0,67.0,70,76,73,67,51,50,70,107,92,87,75,67,71
8,70,64,57,61,64,56.0,61.0,56.0,67.0,57.0,66.0,78,63,78,53,69,60,85,89,58,71,60,65,66
9,64,68,58,50,55,54.0,56.0,101.0,97.0,108.0,96.0,77,52,53,50,52,66,73,83,62,69,68,60,71
10,59,59,49,53,54,75.0,103.0,106.0,121.0,127.0,79.0,64,65,59,58,61,63,63,67,66,70,68,67,69
11,66,67,75,85,98,103.0,104.0,104.0,131.0,141.0,105.0,76,67,62,59,56,57,62,80,67,69,69,70,70
12,66,63,62,63,70,71.0,78.0,98.0,124.0,128.0,68.0,59,59,134,56,57,61,62,84,66,67,72,71,71
13,69,67,64,63,62,78.0,93.0,93.0,104.0,92.0,95.0,71,66,65,65,62,63,63,64,66,69,71,73,71
14,72,66,64,64,76,68.0,80.0,96.0,101.0,101.0,101.0,160,101,82,66,66,70,64,83,71,74,77,77,101
15,123,147,116,74,64,73.0,85.0,101.0,113.0,101.0,88.0,75,70,65,66,64,65,65,64,66,81,103,105,107
16,99,87,84,96,93,97.0,102.0,104.0,119.0,101.0,95.0,86,114,103,87,66,64,69,80,68,72,78,82,80
17,78,72,75,104,103,101.0,102.0,107.0,133.0,112.0,121.0,67,61,59,59,58,59,65,90,66,67,70,68,71
18,69,70,91,112,106,104.0,113.0,114.0,132.0,120.0,90.0,65,61,64,63,60,58,60,86,72,78,70,68,74
19,79,63,75,63,64,65.0,73.0,69.0,68.0,71.0,80.0,71,69,63,63,62,61,64,68,72,79,86,95,108
20,93,70,84,65,62,71.0,121.0,153.0,130.0,139.0,115.0,74,68,65,82,66,64,92,103,83,93,113,107,119
21,120,139,144,138,140,142.0,147.0,137.0,135.0,154.0,146.0,116,67,61,60,60,64,93,101,85,76,74,80,79
22,68,66,75,75,64,64.0,71.0,66.0,92.0,74.0,70.0,63,61,62,87,68,75,76,69,72,75,74,73,73
23,73,72,75,75,83,85.0,84.0,90.0,86.0,83.0,82.0,73,68,68,67,66,67,85,81,78,74,72,76,83
24,72,93,87,90,82,84.0,94.0,104.0,106.0,120.0,100.0,84,153,66,66,64,64,72,95,86,74,75,77,78
25,75,70,68,88,96,,,,,,,62,64,63,75,62,65,94,80,72,74,77,79,78
26,75,70,68,70,86,83.0,83.0,101.0,117.0,101.0,97.0,87,74,62,66,89,90,79,77,72,75,78,81,80
27,76,74,97,107,100,87.0,78.0,73.0,78.0,99.0,76.0,71,70,63,62,60,78,111,168,118,85,102,104,116
28,104,114,132,111,109,110.0,105.0,116.0,149.0,134.0,113.0,130,132,106,125,122,78,85,105,79,101,95,102,102
29,109,126,121,114,103,93.0,82.0,98.0,105.0,105.0,111.0,112,95,69,70,77,107,168,114,121,129,137,139,149
30,158,151,145,161,138,125.0,152.0,107.0,104.0,120.0,103.0,113,93,120,109,104,119,124,93,103,151,152,165,177
"
"
October-2018,00:00:00,01:00:00,02:00:00,03:00:00,04:00:00,05:00:00,06:00:00,07:00:00,08:00:00,09:00:00,10:00:00,11:00:00,12:00:00,13:00:00,14:00:00,15:00:00,16:00:00,17:00:00,18:00:00,19:00:00,20:00:00,21:00:00,22:00:00,23:00:00
1,241.0,177.0,135.0,132.0,124.0,112.0,103.0,104.0,127.0,121.0,104.0,110.0,117.0,106.0,118.0,106.0,115.0,112.0,99.0,103.0,101.0,102.0,133.0,134.0
2,148.0,129.0,93.0,82.0,82.0,114.0,107.0,120.0,104.0,125.0,133.0,103.0,111.0,86.0,82.0,96.0,110.0,137.0,135.0,137.0,103.0,107.0,,124.0
3,114.0,102.0,102.0,100.0,131.0,107.0,90.0,102.0,119.0,136.0,172.0,172.0,168.0,135.0,120.0,103.0,140.0,135.0,109.0,93.0,86.0,103.0,93.0,100.0
4,107.0,107.0,122.0,117.0,128.0,116.0,132.0,129.0,100.0,105.0,103.0,101.0,105.0,85.0,102.0,76.0,82.0,95.0,84.0,99.0,108.0,117.0,115.0,111.0
5,112.0,105.0,104.0,108.0,102.0,110.0,90.0,100.0,104.0,120.0,120.0,112.0,114.0,98.0,95.0,86.0,111.0,117.0,84.0,90.0,91.0,104.0,129.0,128.0
6,142.0,172.0,154.0,110.0,112.0,126.0,154.0,179.0,123.0,130.0,114.0,127.0,100.0,115.0,120.0,116.0,118.0,102.0,82.0,81.0,79.0,102.0,138.0,127.0
7,97.0,103.0,83.0,102.0,121.0,138.0,144.0,139.0,126.0,135.0,124.0,114.0,104.0,109.0,108.0,105.0,118.0,113.0,111.0,101.0,125.0,89.0,84.0,96.0
8,113.0,107.0,89.0,88.0,91.0,96.0,144.0,138.0,149.0,157.0,109.0,95.0,92.0,85.0,96.0,108.0,101.0,115.0,109.0,104.0,97.0,97.0,80.0,82.0
9,79.0,85.0,81.0,115.0,149.0,141.0,132.0,128.0,135.0,115.0,97.0,82.0,89.0,72.0,69.0,77.0,94.0,110.0,99.0,110.0,104.0,100.0,111.0,122.0
10,113.0,106.0,116.0,92.0,83.0,102.0,113.0,120.0,139.0,136.0,105.0,120.0,95.0,74.0,69.0,72.0,84.0,108.0,97.0,107.0,105.0,87.0,85.0,93.0
11,77.0,84.0,90.0,90.0,76.0,74.0,97.0,108.0,134.0,107.0,104.0,111.0,112.0,102.0,72.0,70.0,67.0,95.0,88.0,90.0,73.0,84.0,84.0,79.0
12,85.0,85.0,92.0,86.0,87.0,81.0,105.0,110.0,129.0,121.0,168.0,148.0,149.0,120.0,118.0,124.0,122.0,123.0,122.0,136.0,124.0,128.0,110.0,127.0
13,136.0,145.0,155.0,146.0,170.0,155.0,102.0,146.0,174.0,221.0,202.0,146.0,95.0,119.0,133.0,171.0,249.0,186.0,141.0,132.0,123.0,120.0,108.0,121.0
14,152.0,170.0,163.0,158.0,177.0,183.0,177.0,186.0,179.0,190.0,,,,,,,,,,,,,,
15,,,,,,,,,,,,165.0,207.0,148.0,152.0,124.0,127.0,129.0,109.0,94.0,98.0,132.0,112.0,155.0
16,171.0,190.0,171.0,154.0,148.0,149.0,154.0,152.0,188.0,183.0,165.0,151.0,131.0,121.0,119.0,122.0,115.0,114.0,89.0,96.0,100.0,105.0,112.0,145.0
17,155.0,159.0,176.0,174.0,141.0,161.0,130.0,119.0,134.0,143.0,120.0,128.0,253.0,306.0,96.0,80.0,83.0,84.0,92.0,102.0,78.0,92.0,107.0,133.0
18,104.0,98.0,77.0,69.0,72.0,73.0,85.0,98.0,102.0,105.0,102.0,105.0,93.0,65.0,71.0,88.0,89.0,194.0,169.0,,,,,
19,,,,,,,,,,,,,109.0,128.0,140.0,115.0,,,,,,,,
20,,,,,,,,,,,,,,114.0,139.0,113.0,102.0,110.0,113.0,114.0,132.0,107.0,97.0,105.0
21,,,,,,,,,,,,,,,,,,,,,,,,
22,,,,,,,,,,,,146.0,150.0,145.0,194.0,168.0,120.0,126.0,90.0,,,,,
23,,,,,,,,,,,,130.0,104.0,88.0,86.0,95.0,85.0,95.0,75.0,77.0,80.0,80.0,,115.0
24,,200.0,174.0,128.0,127.0,122.0,138.0,148.0,135.0,,,173.0,132.0,122.0,114.0,,105.0,149.0,137.0,96.0,,122.0,,171.0
25,,224.0,191.0,191.0,156.0,147.0,159.0,150.0,164.0,184.0,,187.0,,,137.0,100.0,92.0,,108.0,,83.0,,117.0,113.0
26,,106.0,96.0,96.0,108.0,125.0,121.0,101.0,110.0,128.0,132.0,132.0,113.0,115.0,114.0,114.0,,99.0,100.0,102.0,97.0,90.0,102.0,137.0
27,165.0,186.0,201.0,199.0,181.0,134.0,143.0,131.0,146.0,164.0,169.0,177.0,134.0,115.0,128.0,123.0,101.0,101.0,111.0,,,,,
28,,,,,,,,,,,,,,,,,,,,,,,,
29,,,,,,,,,,,,,115.0,114.0,112.0,160.0,88.0,79.0,83.0,88.0,78.0,91.0,102.0,112.0
30,124.0,136.0,98.0,106.0,104.0,104.0,96.0,107.0,116.0,135.0,128.0,137.0,127.0,87.0,46.0,103.0,113.0,90.0,77.0,79.0,74.0,82.0,78.0,101.0
31,124.0,126.0,124.0,100.0,104.0,90.0,88.0,101.0,115.0,113.0,126.0,138.0,121.0,121.0,104.0,127.0,112.0,83.0,81.0,91.0,97.0,85.0,114.0,123.0
"
"
November-2018,00:00:00,01:00:00,02:00:00,03:00:00,04:00:00,05:00:00,06:00:00,07:00:00,08:00:00,09:00:00,10:00:00,11:00:00,12:00:00,13:00:00,14:00:00,15:00:00,16:00:00,17:00:00,18:00:00,19:00:00,20:00:00,21:00:00,22:00:00,23:00:00
1,128.0,165.0,166.0,145.0,134.0,129.0,135.0,149.0,155.0,187.0,183.0,136.0,120.0,148.0,124.0,141.0,153.0,76.0,76.0,81.0,104.0,85.0,90.0,77.0
2,,87.0,117.0,132.0,132.0,134.0,129.0,142.0,163.0,161.0,170.0,150.0,126.0,128.0,132.0,128.0,78.0,84.0,99.0,148.0,84.0,82.0,86.0,92.0
3,112.0,120.0,131.0,123.0,113.0,106.0,114.0,110.0,112.0,121.0,130.0,118.0,121.0,124.0,85.0,99.0,103.0,85.0,75.0,119.0,84.0,80.0,74.0,
4,,94.0,90.0,84.0,87.0,94.0,90.0,98.0,119.0,104.0,130.0,231.0,106.0,86.0,73.0,65.0,62.0,63.0,90.0,82.0,81.0,85.0,148.0,
5,108.0,108.0,118.0,105.0,78.0,78.0,116.0,85.0,84.0,94.0,99.0,101.0,94.0,82.0,79.0,84.0,84.0,95.0,78.0,76.0,73.0,76.0,87.0,
6,,145.0,148.0,151.0,160.0,138.0,106.0,132.0,137.0,122.0,169.0,162.0,142.0,124.0,127.0,118.0,112.0,125.0,100.0,90.0,106.0,212.0,306.0,
7,165.0,211.0,133.0,112.0,126.0,129.0,112.0,112.0,127.0,130.0,145.0,144.0,130.0,91.0,78.0,72.0,99.0,81.0,70.0,92.0,104.0,228.0,394.0,479.0
8,454.0,500.0,500.0,500.0,458.0,418.0,335.0,219.0,172.0,119.0,129.0,117.0,114.0,123.0,100.0,94.0,111.0,109.0,82.0,103.0,112.0,140.0,237.0,275.0
9,321.0,318.0,322.0,311.0,300.0,256.0,204.0,166.0,203.0,165.0,204.0,168.0,125.0,130.0,146.0,122.0,125.0,122.0,104.0,85.0,94.0,120.0,278.0,478.0
10,500.0,487.0,497.0,470.0,415.0,347.0,203.0,241.0,195.0,187.0,156.0,178.0,149.0,161.0,129.0,118.0,127.0,121.0,106.0,102.0,107.0,96.0,104.0,131.0
11,168.0,177.0,224.0,235.0,210.0,157.0,153.0,154.0,160.0,156.0,153.0,147.0,115.0,118.0,134.0,144.0,137.0,119.0,91.0,89.0,123.0,100.0,101.0,118.0
12,164.0,151.0,143.0,164.0,159.0,134.0,127.0,113.0,148.0,156.0,212.0,199.0,160.0,119.0,149.0,132.0,117.0,101.0,100.0,119.0,106.0,93.0,95.0,103.0
13,110.0,108.0,136.0,,,,,,7.0,174.0,151.0,174.0,136.0,101.0,121.0,114.0,105.0,103.0,240.0,159.0,105.0,94.0,103.0,117.0
14,154.0,173.0,160.0,188.0,161.0,155.0,149.0,142.0,155.0,195.0,215.0,150.0,96.0,92.0,89.0,85.0,80.0,75.0,76.0,78.0,76.0,81.0,87.0,102.0
15,106.0,116.0,120.0,116.0,108.0,111.0,119.0,130.0,145.0,135.0,109.0,191.0,134.0,115.0,133.0,125.0,140.0,122.0,117.0,121.0,98.0,100.0,120.0,155.0
16,165.0,190.0,179.0,139.0,130.0,105.0,115.0,118.0,141.0,131.0,153.0,139.0,164.0,131.0,139.0,135.0,110.0,98.0,87.0,86.0,93.0,108.0,107.0,120.0
17,120.0,129.0,149.0,182.0,213.0,159.0,130.0,141.0,123.0,126.0,169.0,157.0,139.0,168.0,153.0,159.0,105.0,101.0,155.0,94.0,137.0,115.0,116.0,158.0
18,175.0,173.0,307.0,308.0,209.0,148.0,167.0,173.0,190.0,175.0,185.0,151.0,159.0,144.0,163.0,150.0,149.0,137.0,128.0,128.0,111.0,124.0,,
19,,,,,,,,,,,,,,,,,,,,,,,,
20,,,,,,,,,,,,,,157.0,190.0,150.0,134.0,,,,,,,
21,,,,,,,,,,,,,,,,,,,,,,,,
22,,,,,,,,,,,,179.0,120.0,143.0,134.0,139.0,127.0,149.0,159.0,134.0,108.0,230.0,134.0,151.0
23,179.0,,,,,,,,,,,,,160.0,118.0,138.0,119.0,,100.0,98.0,105.0,105.0,106.0,129.0
24,147.0,160.0,,130.0,109.0,126.0,131.0,125.0,143.0,160.0,150.0,156.0,157.0,146.0,143.0,118.0,141.0,138.0,103.0,100.0,101.0,102.0,103.0,109.0
25,150.0,165.0,192.0,203.0,180.0,167.0,153.0,164.0,180.0,173.0,141.0,140.0,123.0,131.0,131.0,130.0,161.0,152.0,120.0,126.0,114.0,107.0,155.0,175.0
26,198.0,195.0,190.0,189.0,174.0,158.0,151.0,150.0,156.0,152.0,156.0,159.0,206.0,,,,,,288.0,133.0,110.0,103.0,108.0,138.0
27,158.0,178.0,200.0,166.0,121.0,118.0,118.0,138.0,155.0,158.0,157.0,148.0,143.0,146.0,152.0,128.0,196.0,193.0,145.0,140.0,149.0,104.0,107.0,138.0
28,124.0,196.0,186.0,202.0,185.0,153.0,145.0,175.0,163.0,,,170.0,158.0,144.0,140.0,148.0,126.0,135.0,147.0,127.0,127.0,138.0,128.0,107.0
29,118.0,107.0,137.0,166.0,181.0,210.0,186.0,154.0,197.0,203.0,193.0,162.0,176.0,153.0,122.0,130.0,117.0,105.0,102.0,107.0,135.0,110.0,127.0,176.0
30,198.0,165.0,168.0,193.0,158.0,145.0,138.0,139.0,182.0,173.0,178.0,163.0,181.0,147.0,112.0,107.0,125.0,169.0,182.0,122.0,106.0,126.0,137.0,169.0
"
"
December-2018,00:00:00,01:00:00,02:00:00,03:00:00,04:00:00,05:00:00,06:00:00,07:00:00,08:00:00,09:00:00,10:00:00,11:00:00,12:00:00,13:00:00,14:00:00,15:00:00,16:00:00,17:00:00,18:00:00,19:00:00,20:00:00,21:00:00,22:00:00,23:00:00
1,159,156,165,175,177,165,157,144,146,164,171,174,180,146,146.0,139,146,142,150,145.0,149,186,248,266
2,249,260,185,129,162,161,159,157,172,241,179,167,148,150,119.0,127,143,135,168,156.0,148,161,174,252
3,182,225,199,187,191,200,184,167,203,211,193,213,263,193,180.0,162,177,186,150,162.0,146,115,144,187
4,155,150,183,196,267,168,143,148,181,230,203,209,166,155,141.0,123,115,131,155,145.0,157,131,111,124
5,150,161,186,193,177,182,174,183,194,218,189,184,174,206,146.0,154,147,158,202,189.0,165,167,179,206
6,251,274,265,269,244,196,222,217,255,240,209,152,133,137,119.0,85,92,58,72,83.0,109,112,107,130
7,143,172,172,152,153,146,146,173,185,213,194,243,154,135,107.0,79,105,95,79,110.0,108,112,117,155
8,160,183,200,195,178,170,174,184,182,211,205,236,180,122,111.0,130,137,118,124,122.0,144,155,147,187
9,226,165,182,184,173,186,201,178,165,138,137,176,149,129,121.0,124,112,110,133,129.0,109,110,110,95
10,117,132,138,144,147,159,165,165,171,200,198,179,128,120,114.0,102,96,90,88,106.0,114,115,107,123
11,146,139,150,168,163,165,164,192,203,188,157,171,138,108,104.0,114,104,84,85,94.0,90,98,107,116
12,125,144,146,145,137,110,121,155,148,142,164,186,128,102,94.0,70,66,54,72,80.0,81,63,67,76
13,120,111,129,127,125,138,142,160,181,158,152,164,121,108,109.0,121,118,102,110,122.0,109,118,118,126
14,115,119,90,101,89,99,107,112,120,133,131,163,217,143,152.0,138,133,131,142,166.0,168,156,155,145
15,143,149,126,117,103,103,94,99,108,119,132,186,182,145,135.0,133,134,139,165,170.0,172,174,184,184
16,166,163,162,136,128,125,123,130,132,130,159,147,148,148,146.0,137,140,134,100,109.0,124,131,130,147
17,149,157,116,102,95,97,103,101,123,144,128,163,136,144,145.0,119,130,121,88,134.0,114,97,124,131
18,170,184,142,120,114,129,137,145,157,169,191,189,223,300,169.0,129,133,124,125,150.0,119,123,145,150
19,181,227,280,250,211,164,131,126,135,161,155,143,141,103,119.0,115,123,106,93,,103,93,78,100
20,132,161,184,182,165,175,149,150,183,176,151,146,138,136,,92,70,59,60,71.0,80,76,80,96
21,89,124,134,116,121,119,134,146,144,142,154,217,255,194,187.0,121,102,76,97,127.0,119,124,139,163
22,194,197,190,211,204,153,172,174,198,177,165,162,258,180,172.0,163,194,130,111,95.0,112,106,156,213
23,220,307,307,305,299,304,231,253,205,171,162,187,156,177,208.0,180,203,132,141,121.0,131,133,174,227
24,257,281,301,302,270,293,260,285,302,304,236,317,305,174,179.0,144,137,125,162,177.0,105,121,147,230
25,282,253,229,220,229,246,249,253,274,293,249,284,288,265,204.0,128,121,108,115,115.0,127,106,84,101
26,146,155,170,180,216,186,146,140,150,133,120,189,157,123,112.0,121,118,100,78,89.0,92,105,102,122
27,136,157,133,126,127,111,120,120,174,197,129,126,115,107,117.0,112,112,93,98,99.0,115,181,211,170
28,190,179,248,161,104,100,114,106,120,131,141,208,154,135,133.0,116,116,110,141,144.0,121,144,217,256
29,205,196,172,196,141,119,100,105,136,172,183,142,140,137,122.0,109,107,96,126,103.0,111,131,111,114
30,132,194,225,222,174,192,158,173,180,196,195,170,154,180,180.0,126,109,138,119,124.0,139,151,193,270
31,303,309,308,246,225,182,175,178,176,193,179,167,177,155,118.0,130,134,140,153,186.0,149,141,125,151
"
"
Year,2019
January-2019,00:00:00,01:00:00,02:00:00,03:00:00,04:00:00,05:00:00,06:00:00,07:00:00,08:00:00,09:00:00,10:00:00,11:00:00,12:00:00,13:00:00,14:00:00,15:00:00,16:00:00,17:00:00,18:00:00,19:00:00,20:00:00,21:00:00,22:00:00,23:00:00
1,165,209.0,332.0,356.0,363.0,366.0,283,200,182,195,175,174,174,144.0,130.0,151.0,122.0,134.0,131,128,125,139,151,164
2,154,162.0,191.0,239.0,237.0,225.0,214,249,255,222,194,177,242,157.0,140.0,155.0,167.0,143.0,141,161,154,186,190,360
3,357,354.0,401.0,404.0,404.0,344.0,307,290,391,386,289,251,197,172.0,242.0,263.0,163.0,111.0,119,108,146,206,207,220
4,287,317.0,353.0,348.0,366.0,382.0,262,176,202,224,201,201,188,164.0,203.0,181.0,184.0,143.0,183,127,114,101,136,176
5,207,204.0,235.0,187.0,217.0,193.0,209,222,227,228,230,249,193,168.0,152.0,113.0,169.0,176.0,111,117,136,130,144,196
6,170,163.0,245.0,283.0,270.0,269.0,212,238,261,243,193,191,171,,,,,,106,114,132,155,166,176
7,181,157.0,168.0,128.0,142.0,144.0,129,133,137,145,152,153,161,,,146.0,138.0,135.0,102,107,97,110,160,220
8,272,305.0,291.0,194.0,149.0,120.0,114,110,124,148,171,177,194,157.0,142.0,154.0,154.0,128.0,127,103,120,119,108,111
9,164,156.0,143.0,139.0,149.0,158.0,154,198,261,235,184,188,190,153.0,148.0,157.0,151.0,154.0,140,153,153,176,202,237
10,262,305.0,314.0,314.0,303.0,309.0,329,354,276,227,257,188,183,203.0,156.0,124.0,127.0,112.0,99,115,121,152,176,272
11,352,287.0,284.0,313.0,320.0,256.0,265,267,267,284,295,247,160,137.0,109.0,165.0,119.0,112.0,116,96,152,160,153,160
12,174,200.0,242.0,262.0,266.0,302.0,309,306,311,320,209,197,198,174.0,140.0,124.0,125.0,98.0,92,102,118,156,174,270
13,347,394.0,386.0,378.0,380.0,292.0,172,165,189,191,210,192,161,124.0,110.0,117.0,121.0,107.0,108,154,155,141,167,195
14,172,199.0,183.0,168.0,159.0,159.0,175,189,197,199,150,163,163,182.0,171.0,145.0,140.0,130.0,117,127,133,134,149,187
15,230,221.0,295.0,273.0,126.0,112.0,121,129,129,179,168,180,183,173.0,172.0,161.0,148.0,131.0,118,128,121,140,139,162
16,177,197.0,195.0,230.0,209.0,185.0,144,164,154,200,247,185,162,155.0,153.0,119.0,112.0,123.0,194,124,108,114,128,173
17,200,274.0,275.0,274.0,239.0,291.0,234,195,212,237,239,188,185,166.0,152.0,142.0,154.0,154.0,136,191,208,242,196,198
18,271,345.0,343.0,301.0,243.0,257.0,259,245,221,259,235,197,184,170.0,203.0,90.0,102.0,101.0,114,149,201,210,116,146
19,187,265.0,280.0,261.0,271.0,265.0,209,230,240,280,261,187,192,182.0,174.0,189.0,195.0,200.0,179,170,147,136,160,229
20,379,408.0,365.0,369.0,380.0,295.0,276,243,277,350,236,183,187,169.0,248.0,244.0,208.0,218.0,178,176,165,146,142,114
21,123,118.0,123.0,131.0,149.0,169.0,157,157,212,249,141,104,91,83.0,77.0,70.0,110.0,97.0,73,73,76,85,127,144
22,125,123.0,134.0,143.0,147.0,111.0,116,122,134,130,144,125,105,89.0,76.0,82.0,94.0,93.0,65,79,70,72,83,72
23,77,86.0,86.0,89.0,90.0,90.0,90,90,145,181,133,101,102,87.0,102.0,111.0,133.0,122.0,121,117,117,121,117,117
24,133,127.0,129.0,120.0,103.0,111.0,108,118,147,158,163,186,181,165.0,197.0,215.0,177.0,155.0,210,182,125,115,106,104
25,118,123.0,125.0,121.0,136.0,134.0,126,123,133,142,148,131,134,135.0,134.0,132.0,134.0,162.0,155,110,105,104,112,124
26,139,,,,,,110,108,117,131,129,121,128,122.0,112.0,121.0,136.0,127.0,108,106,105,112,119,133
27,132,119.0,93.0,99.0,92.0,91.0,91,95,99,105,105,121,115,115.0,120.0,130.0,118.0,115.0,103,107,125,113,124,157
28,133,107.0,106.0,105.0,105.0,106.0,108,109,109,111,121,128,119,179.0,146.0,161.0,126.0,134.0,125,114,104,122,139,159
29,179,99.0,246.0,147.0,102.0,97.0,99,118,120,122,130,138,142,126.0,114.0,116.0,133.0,113.0,103,87,104,124,187,162
30,198,224.0,261.0,223.0,168.0,163.0,146,137,193,211,171,149,148,151.0,136.0,123.0,105.0,95.0,100,113,87,100,113,147
31,234,285.0,232.0,199.0,193.0,164.0,111,148,178,229,199,206,160,127.0,106.0,95.0,92.0,88.0,79,99,86,100,112,113
"
"
February-2019,00:00:00,01:00:00,02:00:00,03:00:00,04:00:00,05:00:00,06:00:00,07:00:00,08:00:00,09:00:00,10:00:00,11:00:00,12:00:00,13:00:00,14:00:00,15:00:00,16:00:00,17:00:00,18:00:00,19:00:00,20:00:00,21:00:00,22:00:00,23:00:00
1,156,220.0,147.0,100.0,93.0,96.0,112.0,109.0,148.0,141.0,128.0,142.0,153.0,140.0,113.0,129.0,153.0,183.0,156.0,137.0,,160.0,159.0,139.0
2,143,147.0,177.0,160.0,144.0,142.0,166.0,146.0,173.0,191.0,195.0,188.0,177.0,182.0,150.0,123.0,126.0,135.0,124.0,132.0,142.0,174.0,163.0,160.0
3,230,282.0,294.0,202.0,170.0,205.0,205.0,253.0,266.0,281.0,219.0,196.0,200.0,247.0,233.0,205.0,175.0,175.0,149.0,149.0,168.0,179.0,204.0,247.0
4,252,296.0,263.0,260.0,251.0,232.0,234.0,239.0,202.0,210.0,206.0,168.0,163.0,142.0,133.0,120.0,157.0,213.0,112.0,160.0,113.0,112.0,141.0,181.0
5,181,206.0,189.0,212.0,194.0,178.0,155.0,150.0,148.0,215.0,193.0,153.0,133.0,136.0,158.0,141.0,133.0,203.0,190.0,235.0,180.0,186.0,185.0,176.0
6,154,172.0,176.0,138.0,139.0,146.0,134.0,138.0,157.0,182.0,140.0,159.0,136.0,110.0,101.0,93.0,105.0,118.0,105.0,80.0,83.0,,,
7,105,88.0,101.0,80.0,72.0,88.0,104.0,111.0,86.0,94.0,80.0,91.0,120.0,111.0,105.0,102.0,104.0,126.0,91.0,98.0,103.0,88.0,85.0,101.0
8,114,134.0,118.0,116.0,121.0,134.0,135.0,150.0,194.0,227.0,233.0,245.0,238.0,272.0,283.0,232.0,241.0,157.0,124.0,121.0,128.0,129.0,161.0,173.0
9,179,186.0,171.0,178.0,167.0,151.0,147.0,146.0,181.0,195.0,209.0,186.0,166.0,155.0,145.0,203.0,144.0,141.0,127.0,114.0,128.0,128.0,155.0,208.0
10,238,327.0,346.0,335.0,272.0,200.0,185.0,163.0,209.0,214.0,189.0,176.0,190.0,158.0,175.0,173.0,160.0,156.0,131.0,123.0,139.0,162.0,184.0,170.0
11,243,342.0,347.0,305.0,259.0,292.0,261.0,258.0,277.0,308.0,334.0,237.0,256.0,237.0,256.0,227.0,208.0,197.0,175.0,194.0,152.0,148.0,168.0,177.0
12,206,227.0,296.0,289.0,279.0,269.0,251.0,232.0,234.0,290.0,273.0,212.0,224.0,187.0,215.0,212.0,153.0,164.0,134.0,119.0,139.0,142.0,193.0,337.0
13,327,353.0,239.0,200.0,167.0,149.0,138.0,146.0,126.0,166.0,188.0,192.0,184.0,198.0,145.0,121.0,120.0,170.0,154.0,128.0,96.0,96.0,97.0,91.0
14,84,87.0,87.0,79.0,88.0,81.0,96.0,130.0,167.0,174.0,123.0,130.0,109.0,79.0,77.0,76.0,83.0,167.0,164.0,115.0,108.0,110.0,103.0,126.0
15,180,171.0,187.0,124.0,90.0,77.0,79.0,100.0,101.0,89.0,88.0,82.0,102.0,93.0,113.0,115.0,142.0,121.0,105.0,128.0,104.0,110.0,169.0,119.0
16,119,127.0,151.0,158.0,133.0,130.0,129.0,137.0,139.0,150.0,144.0,142.0,119.0,107.0,72.0,79.0,101.0,109.0,135.0,127.0,104.0,109.0,105.0,119.0
17,150,162.0,182.0,157.0,120.0,134.0,127.0,155.0,198.0,254.0,181.0,173.0,153.0,169.0,163.0,138.0,173.0,213.0,237.0,208.0,185.0,197.0,182.0,155.0
18,163,182.0,132.0,152.0,143.0,131.0,115.0,126.0,176.0,163.0,105.0,162.0,164.0,139.0,137.0,120.0,114.0,123.0,122.0,109.0,91.0,89.0,98.0,108.0
19,130,121.0,120.0,108.0,121.0,136.0,130.0,112.0,125.0,113.0,105.0,93.0,111.0,143.0,140.0,141.0,166.0,193.0,93.0,81.0,86.0,113.0,126.0,167.0
20,187,210.0,169.0,166.0,163.0,162.0,162.0,173.0,239.0,250.0,161.0,262.0,278.0,227.0,178.0,157.0,129.0,115.0,103.0,107.0,147.0,96.0,82.0,114.0
21,99,100.0,86.0,98.0,76.0,75.0,81.0,101.0,118.0,164.0,103.0,127.0,74.0,73.0,73.0,79.0,81.0,72.0,73.0,75.0,91.0,82.0,102.0,94.0
22,111,120.0,103.0,78.0,74.0,72.0,73.0,78.0,93.0,104.0,84.0,77.0,82.0,82.0,76.0,86.0,76.0,80.0,102.0,112.0,151.0,194.0,182.0,212.0
23,298,308.0,201.0,146.0,135.0,125.0,146.0,156.0,185.0,182.0,159.0,223.0,195.0,183.0,163.0,178.0,154.0,166.0,151.0,124.0,118.0,125.0,127.0,118.0
24,150,121.0,120.0,78.0,89.0,84.0,,,110.0,109.0,123.0,152.0,169.0,139.0,162.0,127.0,100.0,117.0,108.0,143.0,107.0,86.0,103.0,88.0
25,98,95.0,108.0,78.0,78.0,88.0,102.0,111.0,130.0,115.0,109.0,145.0,158.0,130.0,107.0,102.0,113.0,136.0,131.0,118.0,106.0,129.0,137.0,161.0
26,147,172.0,80.0,86.0,96.0,83.0,85.0,84.0,120.0,112.0,103.0,104.0,124.0,192.0,145.0,105.0,108.0,126.0,116.0,100.0,97.0,93.0,100.0,80.0
27,84,107.0,100.0,103.0,109.0,117.0,133.0,132.0,145.0,133.0,111.0,76.0,82.0,79.0,97.0,105.0,86.0,109.0,107.0,96.0,108.0,115.0,95.0,103.0
28,122,,,,,,,,,,,,,,,,,,,,,,,
"
"
March-2019,00:00:00,01:00:00,02:00:00,03:00:00,04:00:00,05:00:00,06:00:00,07:00:00,08:00:00,09:00:00,10:00:00,11:00:00,12:00:00,13:00:00,14:00:00,15:00:00,16:00:00,17:00:00,18:00:00,19:00:00,20:00:00,21:00:00,22:00:00,23:00:00
1,,,,,,,,,,,,,,,,,,,,,,,129,141
2,181.0,164.0,174.0,178.0,217.0,244.0,272.0,274.0,302.0,292.0,349.0,306.0,256.0,167.0,120.0,98.0,127.0,113.0,102.0,84.0,82.0,84.0,86,84
3,80.0,79.0,78.0,78.0,82.0,89.0,92.0,98.0,127.0,100.0,92.0,84.0,78.0,76.0,74.0,74.0,84.0,90.0,82.0,76.0,77.0,78.0,78,78
4,79.0,79.0,76.0,75.0,79.0,82.0,89.0,102.0,139.0,104.0,84.0,79.0,76.0,82.0,85.0,92.0,100.0,114.0,114.0,109.0,103.0,105.0,107,109
5,110.0,105.0,115.0,103.0,112.0,105.0,141.0,131.0,134.0,83.0,93.0,84.0,121.0,117.0,128.0,133.0,126.0,122.0,122.0,117.0,107.0,130.0,153,121
6,114.0,123.0,124.0,100.0,80.0,77.0,79.0,98.0,134.0,102.0,90.0,85.0,89.0,97.0,109.0,84.0,98.0,111.0,116.0,104.0,102.0,94.0,84,90
7,93.0,101.0,90.0,104.0,118.0,112.0,88.0,118.0,156.0,104.0,96.0,87.0,103.0,96.0,101.0,127.0,130.0,128.0,112.0,103.0,99.0,101.0,97,101
8,116.0,113.0,102.0,83.0,98.0,97.0,112.0,111.0,118.0,121.0,104.0,96.0,118.0,108.0,110.0,131.0,139.0,139.0,152.0,136.0,111.0,91.0,108,118
9,123.0,215.0,,,,,,101.0,102.0,99.0,85.0,84.0,106.0,112.0,132.0,154.0,189.0,202.0,181.0,122.0,123.0,117.0,137,183
10,260.0,207.0,129.0,109.0,123.0,126.0,117.0,119.0,139.0,169.0,160.0,174.0,156.0,147.0,133.0,119.0,122.0,135.0,139.0,127.0,101.0,105.0,105,129
11,152.0,149.0,138.0,268.0,128.0,96.0,81.0,94.0,142.0,98.0,80.0,81.0,120.0,121.0,115.0,110.0,111.0,126.0,128.0,112.0,112.0,96.0,118,110
12,109.0,84.0,86.0,82.0,90.0,78.0,89.0,98.0,98.0,79.0,87.0,98.0,120.0,91.0,95.0,72.0,86.0,100.0,124.0,123.0,105.0,100.0,109,105
13,95.0,79.0,99.0,99.0,99.0,79.0,75.0,92.0,116.0,95.0,127.0,156.0,129.0,154.0,181.0,164.0,151.0,151.0,134.0,111.0,111.0,98.0,89,96
14,100.0,93.0,80.0,71.0,80.0,89.0,92.0,95.0,95.0,101.0,98.0,106.0,125.0,122.0,128.0,118.0,105.0,104.0,95.0,99.0,99.0,98.0,117,111
15,100.0,76.0,88.0,82.0,71.0,73.0,83.0,100.0,105.0,116.0,121.0,134.0,135.0,134.0,153.0,142.0,162.0,135.0,141.0,141.0,161.0,144.0,118,106
16,100.0,111.0,122.0,124.0,118.0,144.0,166.0,203.0,194.0,189.0,193.0,186.0,154.0,145.0,140.0,163.0,174.0,169.0,166.0,140.0,139.0,119.0,128,191
17,196.0,119.0,110.0,97.0,93.0,120.0,127.0,142.0,150.0,190.0,121.0,124.0,140.0,140.0,109.0,88.0,89.0,101.0,118.0,112.0,118.0,126.0,102,122
18,176.0,210.0,167.0,106.0,127.0,125.0,107.0,118.0,153.0,129.0,100.0,106.0,127.0,128.0,121.0,133.0,147.0,127.0,153.0,162.0,146.0,100.0,159,255
19,175.0,157.0,184.0,155.0,106.0,114.0,134.0,176.0,194.0,218.0,167.0,145.0,123.0,91.0,97.0,73.0,73.0,81.0,118.0,76.0,82.0,87.0,94,105
20,90.0,83.0,82.0,84.0,86.0,104.0,126.0,139.0,165.0,141.0,99.0,97.0,80.0,72.0,71.0,71.0,72.0,72.0,96.0,78.0,75.0,79.0,84,153
21,127.0,131.0,,,,,,102.0,104.0,82.0,76.0,76.0,71.0,70.0,69.0,68.0,68.0,82.0,95.0,76.0,72.0,77.0,80,74
22,74.0,70.0,67.0,69.0,70.0,78.0,77.0,84.0,103.0,103.0,83.0,83.0,102.0,67.0,69.0,70.0,64.0,76.0,87.0,69.0,79.0,86.0,70,71
23,82.0,110.0,106.0,81.0,106.0,66.0,66.0,80.0,123.0,84.0,86.0,106.0,106.0,108.0,101.0,101.0,106.0,106.0,111.0,115.0,140.0,140.0,156,247
24,347.0,397.0,319.0,140.0,62.0,75.0,76.0,134.0,169.0,163.0,171.0,191.0,178.0,155.0,154.0,150.0,147.0,140.0,147.0,147.0,131.0,104.0,119,144
25,172.0,193.0,195.0,171.0,148.0,156.0,161.0,169.0,218.0,169.0,176.0,216.0,194.0,207.0,184.0,155.0,141.0,205.0,198.0,160.0,136.0,132.0,121,152
26,134.0,153.0,161.0,108.0,89.0,106.0,120.0,159.0,142.0,95.0,101.0,141.0,175.0,161.0,177.0,156.0,147.0,136.0,137.0,165.0,147.0,123.0,116,139
27,180.0,116.0,134.0,127.0,79.0,97.0,140.0,111.0,107.0,88.0,97.0,149.0,131.0,117.0,129.0,126.0,126.0,131.0,133.0,123.0,113.0,89.0,118,126
28,109.0,118.0,84.0,78.0,90.0,102.0,134.0,159.0,,,95.0,120.0,119.0,79.0,77.0,83.0,89.0,76.0,110.0,107.0,106.0,110.0,105,120
29,110.0,93.0,80.0,78.0,76.0,,,,,147.0,77.0,74.0,73.0,72.0,84.0,83.0,89.0,106.0,122.0,108.0,116.0,121.0,134,146
30,116.0,82.0,84.0,89.0,82.0,99.0,96.0,119.0,163.0,83.0,78.0,75.0,99.0,104.0,70.0,71.0,76.0,70.0,111.0,96.0,72.0,74.0,79,102
31,102.0,105.0,93.0,113.0,86.0,90.0,83.0,97.0,97.0,77.0,70.0,70.0,70.0,69.0,69.0,72.0,72.0,108.0,117.0,119.0,110.0,95.0,106,96
"
"
April-2019,00:00:00,01:00:00,02:00:00,03:00:00,04:00:00,05:00:00,06:00:00,07:00:00,08:00:00,09:00:00,10:00:00,11:00:00,12:00:00,13:00:00,14:00:00,15:00:00,16:00:00,17:00:00,18:00:00,19:00:00,20:00:00,21:00:00,22:00:00,23:00:00
1,98.0,96.0,79.0,78.0,107.0,105.0,106.0,100.0,83.0,69.0,70.0,69,78,82,70.0,68.0,69.0,85.0,118.0,115,,,,
2,,,,,,,,,,,,102,138,116,180.0,104.0,78.0,109.0,116.0,99,81.0,83.0,84.0,84.0
3,83.0,82.0,81.0,80.0,79.0,79.0,82.0,95.0,,103.0,103.0,104,200,135,109.0,110.0,110.0,130.0,140.0,100,83.0,107.0,83.0,84.0
4,84.0,84.0,83.0,82.0,81.0,82.0,89.0,97.0,137.0,97.0,96.0,91,87,85,80.0,80.0,80.0,81.0,106.0,84,83.0,84.0,86.0,87.0
5,88.0,87.0,86.0,85.0,84.0,83.0,86.0,93.0,106.0,101.0,100.0,95,89,86,84.0,80.0,81.0,143.0,84.0,82,83.0,86.0,87.0,88.0
6,89.0,86.0,85.0,84.0,88.0,90.0,92.0,102.0,123.0,102.0,95.0,92,91,86,83.0,82.0,81.0,81.0,104.0,82,83.0,85.0,86.0,86.0
7,85.0,86.0,88.0,91.0,99.0,101.0,100.0,106.0,115.0,104.0,101.0,99,95,88,85.0,83.0,81.0,81.0,105.0,81,82.0,85.0,86.0,86.0
8,85.0,84.0,83.0,82.0,83.0,86.0,89.0,97.0,105.0,102.0,102.0,102,94,105,85.0,82.0,81.0,81.0,107.0,82,89.0,84.0,85.0,85.0
9,86.0,87.0,84.0,83.0,82.0,81.0,84.0,94.0,137.0,101.0,100.0,93,89,83,82.0,81.0,80.0,80.0,99.0,81,84.0,86.0,88.0,88.0
10,87.0,85.0,84.0,84.0,83.0,82.0,82.0,88.0,100.0,101.0,101.0,98,94,90,86.0,81.0,83.0,83.0,83.0,84,85.0,88.0,89.0,89.0
11,88.0,86.0,84.0,83.0,84.0,86.0,88.0,90.0,117.0,98.0,94.0,90,89,87,85.0,80.0,98.0,82.0,104.0,83,90.0,86.0,88.0,88.0
12,87.0,86.0,86.0,89.0,93.0,95.0,119.0,100.0,128.0,102.0,102.0,98,93,89,85.0,107.0,110.0,83.0,116.0,116,85.0,86.0,90.0,94.0
13,98.0,95.0,,,,,,132.0,170.0,147.0,134.0,118,111,97,90.0,89.0,106.0,105.0,117.0,107,112.0,105.0,101.0,113.0
14,148.0,101.0,96.0,92.0,91.0,92.0,94.0,106.0,108.0,103.0,103.0,101,96,92,89.0,86.0,84.0,84.0,116.0,93,84.0,91.0,103.0,124.0
15,103.0,113.0,114.0,98.0,94.0,91.0,92.0,94.0,125.0,103.0,101.0,103,92,89,87.0,80.0,102.0,98.0,109.0,107,119.0,105.0,109.0,102.0
16,112.0,101.0,92.0,89.0,88.0,88.0,97.0,105.0,120.0,100.0,103.0,103,117,92,87.0,119.0,85.0,122.0,132.0,144,128.0,132.0,145.0,127.0
17,89.0,88.0,94.0,84.0,83.0,82.0,82.0,82.0,84.0,86.0,86.0,88,86,85,84.0,84.0,82.0,81.0,96.0,83,84.0,86.0,87.0,90.0
18,92.0,92.0,90.0,88.0,88.0,90.0,90.0,101.0,98.0,101.0,101.0,100,128,128,123.0,103.0,86.0,85.0,115.0,109,93.0,89.0,100.0,118.0
19,157.0,118.0,101.0,,,87.0,87.0,90.0,96.0,100.0,98.0,98,122,111,101.0,89.0,88.0,88.0,116.0,102,88.0,98.0,120.0,113.0
20,99.0,96.0,95.0,95.0,94.0,96.0,100.0,109.0,105.0,104.0,103.0,101,100,95,91.0,89.0,84.0,102.0,112.0,87,88.0,89.0,92.0,97.0
21,100.0,100.0,99.0,97.0,95.0,96.0,100.0,113.0,123.0,102.0,101.0,100,96,91,88.0,86.0,85.0,84.0,97.0,84,85.0,86.0,89.0,90.0
22,91.0,92.0,91.0,90.0,90.0,91.0,93.0,102.0,99.0,101.0,103.0,103,101,100,94.0,89.0,86.0,82.0,126.0,100,85.0,86.0,88.0,88.0
23,88.0,87.0,86.0,85.0,85.0,85.0,86.0,95.0,97.0,100.0,101.0,112,127,101,97.0,97.0,96.0,89.0,115.0,111,90.0,87.0,88.0,89.0
24,90.0,90.0,89.0,88.0,87.0,,,,94.0,93.0,93.0,92,88,89,97.0,87.0,86.0,89.0,106.0,85,86.0,89.0,88.0,89.0
25,90.0,90.0,90.0,89.0,87.0,86.0,86.0,87.0,88.0,88.0,88.0,88,90,88,87.0,87.0,86.0,86.0,91.0,106,88.0,89.0,101.0,91.0
26,91.0,90.0,90.0,88.0,87.0,87.0,88.0,89.0,90.0,90.0,94.0,98,95,93,91.0,89.0,87.0,84.0,128.0,125,111.0,113.0,,
27,94.0,93.0,93.0,96.0,98.0,115.0,127.0,144.0,,103.0,101.0,100,98,96,,102.0,108.0,89.0,119.0,110,130.0,136.0,133.0,94.0
28,102.0,128.0,95.0,139.0,111.0,110.0,120.0,102.0,95.0,96.0,97.0,97,95,94,92.0,,,,,27,95.0,106.0,123.0,105.0
29,93.0,94.0,147.0,120.0,116.0,96.0,112.0,117.0,95.0,98.0,99.0,97,92,90,89.0,88.0,88.0,109.0,103.0,88,94.0,88.0,90.0,91.0
30,91.0,92.0,101.0,96.0,96.0,95.0,96.0,94.0,103.0,100.0,100.0,96,93,89,88.0,96.0,88.0,88.0,117.0,104,105.0,101.0,90.0,91.0
"
"
May-2019,00:00:00,01:00:00,02:00:00,03:00:00,04:00:00,05:00:00,06:00:00,07:00:00,08:00:00,09:00:00,10:00:00,11:00:00,12:00:00,13:00:00,14:00:00,15:00:00,16:00:00,17:00:00,18:00:00,19:00:00,20:00:00,21:00:00,22:00:00,23:00:00
1,97.0,104.0,90.0,90.0,89.0,89.0,89.0,89.0,89.0,90.0,89.0,107,115,105.0,100,95.0,86,86,116,101,101,109.0,107.0,102.0
2,102.0,117.0,107.0,107.0,115.0,122.0,123.0,128.0,103.0,94.0,102.0,114,142,129.0,102,96.0,89,84,147,124,98,91.0,90.0,91.0
3,91.0,91.0,91.0,91.0,90.0,90.0,90.0,90.0,106.0,94.0,93.0,91,89,89.0,89,88.0,87,101,115,115,115,109.0,3.0,94.0
4,94.0,94.0,92.0,91.0,90.0,89.0,89.0,89.0,89.0,90.0,90.0,90,87,90.0,89,88.0,95,99,120,99,106,91.0,92.0,93.0
5,94.0,94.0,93.0,92.0,91.0,90.0,90.0,90.0,90.0,90.0,90.0,89,88,87.0,87,87.0,87,87,119,89,104,118.0,89.0,90.0
6,90.0,90.0,90.0,89.0,89.0,89.0,89.0,90.0,93.0,97.0,98.0,96,94,92.0,90,88.0,88,84,120,92,87,88.0,89.0,89.0
7,89.0,89.0,89.0,88.0,88.0,88.0,88.0,89.0,98.0,99.0,100.0,98,94,91.0,90,89.0,2,91,89,89,89,90.0,,
8,92.0,91.0,90.0,89.0,88.0,88.0,88.0,89.0,90.0,89.0,88.0,87,87,87.0,87,87.0,87,84,127,87,87,88.0,89.0,90.0
9,90.0,90.0,88.0,88.0,87.0,87.0,87.0,87.0,88.0,93.0,93.0,91,89,88.0,87,86.0,87,106,86,86,87,88.0,90.0,91.0
10,91.0,90.0,89.0,88.0,87.0,87.0,86.0,86.0,87.0,87.0,86.0,86,86,87.0,88,87.0,87,86,96,87,86,87.0,90.0,90.0
11,90.0,89.0,88.0,87.0,86.0,86.0,86.0,88.0,94.0,98.0,98.0,96,94,87.0,87,86.0,85,85,101,85,86,87.0,88.0,88.0
12,88.0,,,,,88.0,88.0,93.0,97.0,100.0,100.0,97,93,90.0,88,87.0,86,86,106,112,87,88.0,90.0,90.0
13,90.0,,,,,,,,,98.0,96.0,93,91,89.0,85,84.0,85,88,117,105,86,87.0,89.0,89.0
14,89.0,89.0,89.0,88.0,88.0,87.0,87.0,94.0,96.0,98.0,95.0,92,90,89.0,87,87.0,86,83,132,106,70,67.0,68.0,68.0
15,69.0,69.0,69.0,68.0,68.0,68.0,68.0,68.0,79.0,78.0,77.0,77,90,88.0,87,87.0,86,83,122,103,89,77.0,62.0,63.0
16,64.0,64.0,64.0,64.0,63.0,63.0,62.0,63.0,63.0,62.0,69.0,76,87,86.0,86,86.0,86,85,87,107,85,72.0,73.0,74.0
17,74.0,73.0,73.0,73.0,73.0,73.0,74.0,98.0,80.0,84.0,85.0,82,78,75.0,74,72.0,69,113,102,84,73,72.0,77.0,78.0
18,95.0,110.0,84.0,87.0,89.0,90.0,91.0,98.0,94.0,93.0,,82,78,75.0,74,73.0,72,77,137,94,85,,,77.0
19,76.0,78.0,78.0,78.0,78.0,80.0,82.0,83.0,86.0,,85.0,82,86,77.0,74,73.0,72,71,127,75,72,72.0,73.0,74.0
20,94.0,100.0,76.0,78.0,79.0,79.0,79.0,79.0,79.0,79.0,79.0,78,79,91.0,89,88.0,87,86,84,111,133,88.0,88.0,89.0
21,89.0,88.0,88.0,88.0,88.0,88.0,88.0,90.0,102.0,95.0,94.0,92,90,87.0,87,87.0,87,87,179,120,124,90.0,90.0,90.0
22,90.0,90.0,88.0,88.0,87.0,87.0,86.0,87.0,87.0,87.0,87.0,86,87,88.0,87,86.0,86,86,94,102,87,88.0,89.0,89.0
23,89.0,339.0,323.0,88.0,87.0,87.0,90.0,92.0,96.0,97.0,95.0,92,86,88.0,87,86.0,86,86,118,104,96,88.0,90.0,90.0
24,90.0,89.0,88.0,88.0,88.0,89.0,92.0,99.0,92.0,92.0,91.0,90,89,88.0,87,86.0,88,103,142,112,103,95.0,93.0,74.0
25,74.0,73.0,72.0,72.0,71.0,70.0,71.0,72.0,72.0,72.0,71.0,71,71,71.0,71,72.0,71,64,122,83,92,94.0,,
26,71.0,70.0,,,68.0,68.0,68.0,69.0,69.0,68.0,68.0,81,66,75.0,97,77.0,76,99,129,115,109,108.0,84.0,95.0
27,96.0,98.0,87.0,81.0,91.0,78.0,79.0,91.0,69.0,68.0,68.0,83,77,89.0,68,,73,88,150,119,96,100.0,102.0,
28,,,89.0,88.0,88.0,88.0,88.0,88.0,89.0,90.0,90.0,91,101,87.0,87,87.0,86,82,139,109,88,90.0,91.0,91.0
29,92.0,91.0,90.0,89.0,89.0,89.0,88.0,90.0,90.0,89.0,89.0,88,91,91.0,90,90.0,90,90,100,129,108,93.0,72.0,72.0
30,75.0,72.0,71.0,71.0,70.0,70.0,69.0,70.0,71.0,70.0,70.0,69,69,69.0,68,68.0,63,94,103,78,69,70.0,71.0,72.0
31,72.0,70.0,70.0,69.0,69.0,69.0,69.0,70.0,70.0,74.0,73.0,72,73,,75,70.0,69,74,122,95,79,80.0,82.0,82.0
"
"
June-2019,00:00:00,01:00:00,02:00:00,03:00:00,04:00:00,05:00:00,06:00:00,07:00:00,08:00:00,09:00:00,10:00:00,11:00:00,12:00:00,13:00:00,14:00:00,15:00:00,16:00:00,17:00:00,18:00:00,19:00:00,20:00:00,21:00:00,22:00:00,23:00:00
1,82.0,81.0,80.0,80.0,79.0,78.0,78.0,79.0,79.0,79.0,79.0,78,79,79,79,80.0,78.0,74,102,100,79,80,82,82
2,82.0,,82.0,81.0,81.0,80.0,80.0,81.0,81.0,80.0,80.0,79,78,78,78,78.0,78.0,78,108,79,79,80,82,83
3,83.0,83.0,82.0,81.0,80.0,80.0,79.0,79.0,79.0,79.0,79.0,79,79,79,79,79.0,73.0,82,91,80,80,80,81,82
4,82.0,81.0,80.0,80.0,79.0,79.0,79.0,79.0,80.0,80.0,79.0,79,79,80,80,80.0,76.0,76,103,80,80,103,83,84
5,84.0,83.0,83.0,82.0,82.0,82.0,81.0,82.0,83.0,82.0,82.0,80,79,80,80,,,79,94,79,80,91,81,82
6,82.0,81.0,80.0,80.0,79.0,79.0,78.0,79.0,79.0,80.0,80.0,80,80,84,81,81.0,80.0,77,96,93,80,81,83,83
7,83.0,82.0,82.0,80.0,80.0,80.0,80.0,80.0,81.0,,,80,82,82,81,81.0,80.0,75,112,100,75,76,77,78
8,102.0,78.0,77.0,76.0,75.0,74.0,74.0,75.0,76.0,76.0,76.0,76,76,75,75,75.0,73.0,77,103,76,84,98,78,99
9,80.0,78.0,78.0,77.0,76.0,76.0,76.0,76.0,77.0,77.0,76.0,78,82,95,85,86.0,86.0,86,107,83,81,80,83,110
10,88.0,93.0,94.0,94.0,93.0,91.0,90.0,89.0,90.0,93.0,94.0,98,98,91,88,88.0,86.0,88,82,82,83,84,86,90
11,93.0,95.0,95.0,93.0,91.0,90.0,90.0,103.0,101.0,100.0,100.0,102,103,100,92,88.0,83.0,99,84,82,83,88,110,123
12,104.0,110.0,116.0,112.0,103.0,101.0,94.0,90.0,93.0,97.0,,101,101,100,158,93.0,94.0,101,102,102,103,104,104,104
13,103.0,102.0,97.0,90.0,86.0,86.0,89.0,105.0,96.0,96.0,95.0,97,96,98,92,100.0,162.0,103,104,105,114,108,170,111
14,108.0,106.0,104.0,102.0,102.0,102.0,102.0,120.0,115.0,104.0,105.0,105,105,104,103,101.0,102.0,100,151,96,98,100,112,105
15,107.0,106.0,104.0,102.0,101.0,100.0,99.0,100.0,101.0,101.0,,104,102,101,100,98.0,152.0,129,205,101,101,102,104,104
16,,,,,,,,,,,96.0,96,97,98,96,130.0,109.0,150,98,97,99,129,100,102
17,103.0,101.0,100.0,97.0,94.0,93.0,93.0,93.0,95.0,96.0,96.0,97,145,97,96,96.0,96.0,89,123,98,94,96,97,108
18,98.0,101.0,94.0,92.0,91.0,90.0,90.0,90.0,91.0,91.0,92.0,92,93,96,97,98.0,97.0,97,92,96,99,101,105,105
19,104.0,105.0,102.0,100.0,99.0,101.0,101.0,101.0,103.0,103.0,101.0,101,101,98,100,98.0,95.0,93,88,113,98,100,101,101
20,101.0,100.0,99.0,98.0,97.0,97.0,98.0,100.0,177.0,100.0,98.0,95,96,94,93,92.0,91.0,91,113,97,98,99,97,97
21,96.0,93.0,95.0,95.0,96.0,96.0,93.0,93.0,94.0,91.0,91.0,93,94,94,93,91.0,92.0,91,99,114,103,98,100,96
22,95.0,93.0,92.0,92.0,94.0,94.0,95.0,95.0,94.0,93.0,91.0,91,95,97,97,97.0,94.0,111,93,93,99,100,100,100
23,97.0,95.0,94.0,92.0,92.0,94.0,95.0,96.0,97.0,94.0,93.0,92,92,93,94,95.0,95.0,92,107,102,91,111,99,100
24,99.0,96.0,93.0,92.0,91.0,91.0,119.0,98.0,100.0,100.0,96.0,105,104,102,101,101.0,101.0,101,100,100,101,101,101,103
25,106.0,110.0,104.0,103.0,102.0,101.0,,,103.0,103.0,105.0,104,102,101,100,97.0,97.0,98,99,97,94,96,97,98
26,100.0,100.0,100.0,101.0,98.0,98.0,98.0,97.0,100.0,102.0,103.0,105,107,100,98,96.0,95.0,98,99,100,100,98,100,102
27,103.0,104.0,104.0,104.0,104.0,102.0,102.0,103.0,104.0,105.0,106.0,106,104,102,100,99.0,98.0,96,98,99,100,100,98,96
28,94.0,93.0,92.0,95.0,95.0,95.0,95.0,91.0,91.0,92.0,92.0,98,104,104,102,101.0,101.0,97,97,99,100,101,101,98
29,94.0,92.0,91.0,90.0,94.0,94.0,95.0,96.0,95.0,101.0,104.0,106,111,108,104,104.0,102.0,101,99,96,97,101,101,101
30,101.0,100.0,101.0,101.0,99.0,96.0,96.0,96.0,100.0,108.0,100.0,104,139,102,104,102.0,102.0,102,101,101,102,102,108,107
"
"
July-2019,00:00:00,01:00:00,02:00:00,03:00:00,04:00:00,05:00:00,06:00:00,07:00:00,08:00:00,09:00:00,10:00:00,11:00:00,12:00:00,13:00:00,14:00:00,15:00:00,16:00:00,17:00:00,18:00:00,19:00:00,20:00:00,21:00:00,22:00:00,23:00:00
1,106.0,105.0,102.0,101.0,98.0,95.0,97.0,98.0,99.0,99.0,97.0,96.0,98.0,97.0,103.0,103.0,101.0,101.0,102.0,106.0,110.0,113.0,113.0,112.0
2,110.0,108.0,105.0,104.0,104.0,103.0,103.0,103.0,104.0,105.0,106.0,107.0,110.0,,111.0,109.0,109.0,108.0,104.0,103.0,104.0,110.0,117.0,117.0
3,113.0,110.0,108.0,106.0,105.0,104.0,105.0,106.0,109.0,108.0,108.0,106.0,104.0,103.0,102.0,102.0,118.0,101.0,101.0,101.0,,,,
4,,106.0,105.0,103.0,102.0,101.0,102.0,103.0,106.0,108.0,107.0,105.0,103.0,102.0,159.0,102.0,102.0,184.0,118.0,102.0,106.0,112.0,122.0,133.0
5,123.0,114.0,106.0,104.0,103.0,102.0,101.0,101.0,114.0,125.0,102.0,100.0,100.0,98.0,97.0,135.0,135.0,106.0,113.0,132.0,133.0,136.0,102.0,101.0
6,102.0,101.0,101.0,100.0,96.0,94.0,93.0,93.0,115.0,100.0,100.0,100.0,99.0,100.0,99.0,99.0,116.0,106.0,101.0,101.0,100.0,100.0,100.0,99.0
7,101.0,159.0,100.0,100.0,100.0,94.0,110.0,94.0,94.0,97.0,100.0,100.0,150.0,109.0,100.0,98.0,98.0,98.0,100.0,144.0,101.0,102.0,101.0,101.0
8,100.0,98.0,100.0,100.0,100.0,100.0,96.0,96.0,96.0,98.0,105.0,105.0,107.0,130.0,102.0,100.0,100.0,98.0,99.0,101.0,101.0,102.0,102.0,110.0
9,99.0,96.0,94.0,96.0,99.0,99.0,100.0,123.0,95.0,95.0,95.0,98.0,116.0,101.0,102.0,102.0,99.0,98.0,97.0,97.0,103.0,102.0,102.0,103.0
10,101.0,100.0,97.0,95.0,96.0,99.0,100.0,100.0,100.0,99.0,99.0,97.0,97.0,100.0,101.0,101.0,102.0,102.0,105.0,105.0,103.0,103.0,,108.0
11,135.0,103.0,101.0,101.0,100.0,99.0,,101.0,101.0,101.0,100.0,100.0,100.0,101.0,101.0,102.0,102.0,102.0,101.0,101.0,101.0,101.0,104.0,103.0
12,103.0,103.0,102.0,102.0,102.0,101.0,101.0,101.0,102.0,102.0,133.0,102.0,102.0,101.0,101.0,101.0,102.0,102.0,113.0,103.0,102.0,102.0,102.0,102.0
13,103.0,103.0,103.0,102.0,101.0,101.0,100.0,100.0,101.0,102.0,102.0,102.0,102.0,101.0,101.0,101.0,101.0,103.0,111.0,103.0,103.0,103.0,103.0,102.0
14,103.0,114.0,102.0,102.0,102.0,101.0,100.0,100.0,100.0,101.0,101.0,102.0,102.0,102.0,101.0,158.0,144.0,101.0,116.0,103.0,103.0,104.0,103.0,102.0
15,102.0,102.0,102.0,102.0,102.0,101.0,101.0,100.0,101.0,101.0,101.0,102.0,102.0,103.0,111.0,101.0,101.0,101.0,101.0,104.0,103.0,104.0,104.0,103.0
16,102.0,102.0,101.0,101.0,102.0,102.0,102.0,102.0,101.0,101.0,101.0,101.0,102.0,103.0,103.0,103.0,101.0,101.0,101.0,101.0,102.0,103.0,104.0,104.0
17,104.0,102.0,102.0,102.0,102.0,102.0,102.0,103.0,103.0,102.0,102.0,101.0,101.0,102.0,102.0,102.0,102.0,101.0,343.0,101.0,101.0,102.0,104.0,104.0
18,104.0,103.0,102.0,101.0,101.0,101.0,102.0,102.0,103.0,103.0,102.0,102.0,101.0,100.0,101.0,101.0,102.0,102.0,101.0,100.0,100.0,101.0,101.0,103.0
19,103.0,103.0,102.0,101.0,101.0,101.0,101.0,103.0,120.0,108.0,109.0,172.0,105.0,103.0,102.0,101.0,102.0,102.0,102.0,102.0,101.0,101.0,102.0,102.0
20,103.0,103.0,103.0,104.0,102.0,102.0,101.0,102.0,134.0,127.0,111.0,108.0,105.0,103.0,102.0,101.0,101.0,155.0,133.0,109.0,112.0,112.0,112.0,113.0
21,114.0,121.0,115.0,115.0,114.0,113.0,112.0,111.0,111.0,112.0,112.0,110.0,107.0,106.0,104.0,103.0,102.0,101.0,102.0,103.0,103.0,104.0,103.0,102.0
22,102.0,102.0,103.0,103.0,104.0,104.0,104.0,104.0,107.0,107.0,107.0,109.0,109.0,109.0,107.0,104.0,102.0,307.0,290.0,133.0,109.0,108.0,108.0,106.0
23,105.0,104.0,104.0,104.0,105.0,105.0,105.0,105.0,105.0,107.0,109.0,109.0,,,,,,,,,,,,
24,,,,,,,,,,,,,,,,,,,,,,,,
25,,,,,,,,,,,,,,,,,,,,,,,,
26,,,,,,,,,,,,,,,,,,,,,,,102.0,102.0
27,103.0,103.0,103.0,103.0,102.0,101.0,500.0,500.0,101.0,102.0,103.0,103.0,103.0,102.0,102.0,102.0,102.0,128.0,103.0,103.0,103.0,103.0,103.0,103.0
28,103.0,103.0,103.0,103.0,103.0,102.0,101.0,101.0,101.0,101.0,102.0,103.0,103.0,103.0,102.0,102.0,102.0,101.0,102.0,103.0,103.0,104.0,103.0,103.0
29,102.0,102.0,102.0,102.0,102.0,102.0,102.0,101.0,102.0,101.0,102.0,103.0,103.0,103.0,104.0,103.0,102.0,102.0,102.0,103.0,104.0,104.0,105.0,104.0
30,103.0,103.0,102.0,102.0,103.0,103.0,103.0,103.0,102.0,102.0,102.0,102.0,140.0,104.0,104.0,104.0,104.0,103.0,103.0,103.0,103.0,104.0,105.0,123.0
31,105.0,104.0,103.0,103.0,102.0,103.0,103.0,103.0,103.0,103.0,103.0,103.0,103.0,,104.0,104.0,105.0,104.0,103.0,103.0,103.0,103.0,104.0,104.0
"
"
August-2019,00:00:00,01:00:00,02:00:00,03:00:00,04:00:00,05:00:00,06:00:00,07:00:00,08:00:00,09:00:00,10:00:00,11:00:00,12:00:00,13:00:00,14:00:00,15:00:00,16:00:00,17:00:00,18:00:00,19:00:00,20:00:00,21:00:00,22:00:00,23:00:00
1,104.0,104.0,103.0,103.0,102.0,102.0,102.0,103.0,103.0,104.0,103.0,103.0,103.0,103.0,104.0,104.0,104.0,104.0,104.0,103.0,103.0,103.0,103.0,104.0
2,104.0,104.0,104.0,103.0,102.0,102.0,102.0,102.0,103.0,104.0,104.0,104.0,103.0,103.0,103.0,102.0,104.0,102.0,103.0,103.0,103.0,103.0,102.0,121.0
3,103.0,121.0,103.0,102.0,102.0,102.0,101.0,101.0,102.0,102.0,102.0,102.0,102.0,102.0,102.0,102.0,102.0,103.0,102.0,103.0,103.0,102.0,102.0,102.0
4,103.0,103.0,103.0,103.0,102.0,102.0,102.0,101.0,101.0,101.0,102.0,102.0,102.0,102.0,102.0,102.0,102.0,102.0,102.0,102.0,103.0,103.0,103.0,103.0
5,102.0,102.0,102.0,102.0,102.0,101.0,101.0,101.0,101.0,101.0,101.0,117.0,102.0,102.0,102.0,102.0,102.0,101.0,303.0,102.0,102.0,102.0,102.0,103.0
6,102.0,103.0,103.0,102.0,102.0,101.0,101.0,101.0,101.0,102.0,102.0,103.0,103.0,103.0,103.0,102.0,102.0,102.0,103.0,103.0,103.0,103.0,103.0,103.0
7,103.0,102.0,103.0,102.0,102.0,102.0,102.0,102.0,102.0,102.0,102.0,103.0,102.0,102.0,102.0,102.0,102.0,102.0,103.0,103.0,103.0,103.0,103.0,103.0
8,103.0,103.0,103.0,103.0,103.0,102.0,102.0,102.0,102.0,102.0,103.0,103.0,103.0,103.0,103.0,103.0,102.0,103.0,103.0,103.0,103.0,104.0,104.0,104.0
9,103.0,103.0,103.0,102.0,102.0,102.0,102.0,102.0,102.0,102.0,102.0,103.0,103.0,103.0,104.0,103.0,103.0,103.0,103.0,103.0,103.0,104.0,104.0,104.0
10,103.0,103.0,103.0,102.0,102.0,102.0,102.0,102.0,102.0,102.0,102.0,103.0,103.0,103.0,103.0,103.0,103.0,103.0,103.0,103.0,103.0,104.0,104.0,104.0
11,104.0,103.0,103.0,103.0,103.0,103.0,103.0,103.0,103.0,103.0,103.0,103.0,103.0,103.0,103.0,104.0,104.0,103.0,103.0,103.0,104.0,104.0,104.0,105.0
12,105.0,105.0,104.0,104.0,103.0,103.0,103.0,103.0,103.0,103.0,103.0,103.0,103.0,103.0,103.0,103.0,,,,,,103.0,104.0,104.0
13,104.0,104.0,104.0,103.0,103.0,103.0,103.0,103.0,103.0,104.0,104.0,103.0,103.0,103.0,103.0,103.0,103.0,125.0,103.0,103.0,103.0,104.0,105.0,105.0
14,105.0,105.0,104.0,104.0,103.0,103.0,103.0,104.0,104.0,104.0,104.0,104.0,103.0,103.0,104.0,104.0,104.0,104.0,104.0,104.0,104.0,104.0,104.0,105.0
15,105.0,105.0,105.0,104.0,104.0,103.0,103.0,103.0,104.0,104.0,104.0,104.0,103.0,103.0,103.0,103.0,103.0,103.0,103.0,103.0,103.0,103.0,103.0,103.0
16,104.0,104.0,104.0,104.0,103.0,102.0,102.0,102.0,102.0,103.0,103.0,103.0,103.0,103.0,103.0,103.0,102.0,103.0,103.0,104.0,104.0,104.0,104.0,104.0
17,104.0,104.0,104.0,104.0,104.0,103.0,102.0,102.0,102.0,102.0,103.0,103.0,104.0,104.0,103.0,103.0,103.0,102.0,103.0,126.0,104.0,104.0,104.0,104.0
18,104.0,104.0,104.0,104.0,104.0,104.0,104.0,103.0,103.0,103.0,103.0,103.0,104.0,104.0,104.0,103.0,103.0,103.0,103.0,103.0,103.0,104.0,104.0,104.0
19,104.0,104.0,104.0,104.0,104.0,104.0,104.0,104.0,104.0,104.0,105.0,105.0,105.0,104.0,62.0,59.0,47.0,112.0,87.0,162.0,94.0,78.0,91.0,95.0
20,96.0,92.0,91.0,89.0,87.0,87.0,88.0,89.0,92.0,91.0,88.0,86.0,80.0,76.0,79.0,82.0,86.0,84.0,78.0,81.0,81.0,84.0,94.0,100.0
21,100.0,101.0,95.0,90.0,89.0,88.0,91.0,98.0,100.0,102.0,100.0,93.0,92.0,89.0,167.0,305.0,305.0,266.0,123.0,92.0,310.0,142.0,99.0,101.0
22,103.0,102.0,102.0,101.0,93.0,92.0,92.0,93.0,101.0,102.0,102.0,102.0,97.0,95.0,94.0,152.0,100.0,101.0,101.0,102.0,100.0,98.0,99.0,100.0
23,101.0,103.0,103.0,103.0,102.0,99.0,98.0,99.0,102.0,107.0,111.0,113.0,110.0,104.0,116.0,109.0,241.0,329.0,104.0,104.0,104.0,103.0,102.0,106.0
24,122.0,149.0,107.0,106.0,105.0,104.0,101.0,266.0,326.0,106.0,107.0,107.0,106.0,104.0,102.0,406.0,405.0,102.0,102.0,104.0,107.0,235.0,132.0,111.0
25,110.0,110.0,109.0,110.0,110.0,109.0,108.0,106.0,105.0,106.0,108.0,110.0,113.0,113.0,112.0,109.0,105.0,104.0,104.0,103.0,106.0,106.0,107.0,107.0
26,105.0,105.0,105.0,104.0,106.0,108.0,108.0,109.0,108.0,108.0,110.0,110.0,109.0,107.0,106.0,106.0,104.0,102.0,106.0,102.0,102.0,104.0,,
27,,,,,,,,,,,,,,,,,,,,,,,,
28,,,,,,,,,,,,,,110.0,107.0,107.0,105.0,105.0,105.0,104.0,103.0,103.0,104.0,106.0
29,108.0,108.0,109.0,108.0,107.0,106.0,106.0,107.0,110.0,112.0,114.0,116.0,113.0,110.0,107.0,105.0,105.0,105.0,105.0,105.0,104.0,103.0,104.0,105.0
30,106.0,108.0,109.0,110.0,110.0,108.0,108.0,107.0,108.0,110.0,112.0,111.0,109.0,106.0,103.0,103.0,103.0,103.0,104.0,105.0,105.0,106.0,104.0,105.0
31,105.0,105.0,107.0,107.0,106.0,106.0,104.0,103.0,103.0,103.0,104.0,106.0,109.0,106.0,106.0,106.0,105.0,105.0,106.0,106.0,107.0,107.0,108.0,106.0
"
"
September-2019,00:00:00,01:00:00,02:00:00,03:00:00,04:00:00,05:00:00,06:00:00,07:00:00,08:00:00,09:00:00,10:00:00,11:00:00,12:00:00,13:00:00,14:00:00,15:00:00,16:00:00,17:00:00,18:00:00,19:00:00,20:00:00,21:00:00,22:00:00,23:00:00
1,106.0,106.0,105,106,106,106,106,104,103,103,103,104,105,106,106,106,105,107,108,109,110.0,110.0,110.0,110.0
2,109.0,108.0,108,107,108,108,108,107,106,105,105,105,104,106,106,106,107,105,106,107,107.0,107.0,110.0,111.0
3,111.0,110.0,108,107,106,106,107,107,107,107,105,106,106,106,106,106,106,107,109,108,108.0,108.0,108.0,109.0
4,109.0,108.0,107,105,105,104,104,105,106,106,107,105,107,110,108,112,110,108,108,107,106.0,107.0,106.0,106.0
5,107.0,107.0,106,106,103,103,103,103,105,108,107,108,106,106,105,105,105,106,107,108,107.0,106.0,106.0,107.0
6,106.0,106.0,106,105,105,103,103,103,103,104,106,106,107,107,105,104,104,104,106,107,107.0,108.0,106.0,106.0
7,105.0,104.0,105,106,105,105,103,103,103,103,104,107,108,377,109,108,113,106,108,116,117.0,110.0,109.0,107.0
8,107.0,115.0,110,106,106,105,106,105,105,111,113,109,108,109,169,158,106,106,106,106,108.0,112.0,112.0,111.0
9,109.0,107.0,106,105,105,105,106,106,107,106,108,222,167,108,118,107,142,75,67,92,31.0,52.0,40.0,35.0
10,57.0,93.0,56,42,71,42,74,113,64,40,55,45,63,16,32,66,107,116,63,55,81.0,93.0,61.0,67.0
11,74.0,73.0,55,51,67,45,44,59,71,110,77,58,54,174,52,53,56,72,115,123,,,,
12,,74.0,68,64,53,50,68,69,73,56,60,61,59,56,61,53,63,110,57,59,64.0,55.0,54.0,54.0
13,60.0,67.0,65,60,68,57,70,55,94,148,146,79,67,62,97,56,53,117,95,98,68.0,70.0,68.0,77.0
14,74.0,59.0,58,58,71,57,55,52,93,145,102,60,61,60,117,55,56,53,53,60,66.0,71.0,72.0,67.0
15,62.0,58.0,53,53,57,58,63,72,74,88,93,99,100,96,102,103,88,74,63,61,65.0,79.0,107.0,106.0
16,106.0,104.0,103,86,67,67,67,68,74,66,62,58,58,62,65,65,64,390,100,97,63.0,70.0,81.0,81.0
17,75.0,72.0,59,60,53,51,57,65,67,69,62,60,88,57,59,108,70,69,114,110,112.0,116.0,120.0,115.0
18,112.0,108.0,105,100,98,100,100,104,108,124,108,95,75,65,59,58,112,113,68,70,65.0,69.0,77.0,72.0
19,89.0,97.0,86,82,83,84,86,90,98,101,105,111,114,108,104,107,96,88,94,83,103.0,101.0,105.0,110.0
20,108.0,105.0,102,99,90,86,81,84,83,101,103,105,105,106,104,99,81,75,91,101,104.0,105.0,105.0,104.0
21,104.0,103.0,102,101,99,96,90,79,80,84,90,98,99,100,136,88,83,86,91,95,100.0,104.0,107.0,107.0
22,105.0,,98,96,101,101,98,98,107,122,106,94,93,94,92,88,76,69,67,70,76.0,87.0,98.0,103.0
23,104.0,101.0,93,86,82,91,96,102,108,107,105,102,93,79,75,71,70,70,261,67,70.0,77.0,84.0,88.0
24,86.0,85.0,76,79,84,88,100,103,108,109,101,86,77,70,68,73,74,73,75,70,70.0,74.0,74.0,85.0
25,103.0,109.0,108,103,100,90,80,77,82,91,103,105,99,88,84,79,80,78,79,86,85.0,89.0,108.0,114.0
26,115.0,114.0,110,104,100,99,100,101,102,104,107,110,107,102,93,81,74,77,87,102,107.0,109.0,109.0,108.0
27,104.0,101.0,100,91,85,81,73,72,78,95,104,105,104,102,87,83,76,70,70,15,17.0,17.0,19.0,21.0
28,21.0,25.0,23,23,20,21,21,26,39,28,26,27,29,29,24,23,34,14,16,16,17.0,27.0,22.0,26.0
29,32.0,25.0,23,22,21,29,31,28,37,29,21,21,18,16,23,19,14,23,14,16,16.0,17.0,21.0,24.0
30,27.0,22.0,22,19,19,19,23,25,33,33,33,24,14,21,14,12,36,31,38,46,15.0,15.0,14.0,25.0
"
"
October-2019,00:00:00,01:00:00,02:00:00,03:00:00,04:00:00,05:00:00,06:00:00,07:00:00,08:00:00,09:00:00,10:00:00,11:00:00,12:00:00,13:00:00,14:00:00,15:00:00,16:00:00,17:00:00,18:00:00,19:00:00,20:00:00,21:00:00,22:00:00,23:00:00
1,13.0,22,21,15,12,12,13,13,17,19.0,13,14,20,42.0,13.0,12.0,28,,55,13,19,14.0,15.0,15.0
2,14.0,23,21,21,34,25,26,27,28,37.0,35,53,71,47.0,100.0,39.0,101,102.0,102,101,98,93.0,93.0,92.0
3,95.0,100,101,101,101,98,100,100,101,103.0,104,105,106,104.0,104.0,104.0,103,301.0,104,104,104,102.0,101.0,101.0
4,101.0,101,104,104,104,104,102,102,102,102.0,104,106,106,107.0,105.0,105.0,104,103.0,103,104,104,104.0,103.0,102.0
5,103.0,105,107,110,112,114,114,113,112,112.0,112,114,115,115.0,114.0,111.0,108,106.0,105,104,105,105.0,104.0,105.0
6,104.0,105,106,108,111,113,114,114,112,111.0,112,112,112,114.0,114.0,113.0,111,108.0,107,105,105,106.0,106.0,105.0
7,105.0,102,102,102,103,104,106,107,107,107.0,106,107,108,108.0,110.0,109.0,107,106.0,102,101,101,100.0,102.0,103.0
8,103.0,104,103,102,103,108,106,107,117,108.0,108,107,107,107.0,107.0,109.0,109,108.0,107,104,102,102.0,101.0,103.0
9,105.0,105,105,105,103,103,103,104,105,106.0,106,106,104,105.0,103.0,102.0,103,103.0,103,102,101,100.0,102.0,103.0
10,105.0,108,109,110,110,107,108,108,108,109.0,111,112,114,111.0,110.0,109.0,107,106.0,106,105,104,103.0,102.0,103.0
11,104.0,106,109,109,109,109,106,105,104,104.0,106,108,109,110.0,109.0,107.0,105,104.0,103,104,104,103.0,103.0,100.0
12,100.0,100,100,102,104,105,105,105,122,125.0,112,110,113,113.0,113.0,112.0,108,107.0,106,105,106,107.0,108.0,109.0
13,109.0,110,111,113,115,116,115,114,112,110.0,111,111,111,113.0,112.0,111.0,110,106.0,105,104,103,104.0,105.0,105.0
14,115.0,106,106,108,109,111,113,113,113,114.0,112,113,127,113.0,114.0,113.0,138,116.0,105,102,102,101.0,103.0,105.0
15,106.0,108,109,108,109,109,109,110,110,115.0,113,118,137,152.0,113.0,113.0,113,111.0,110,107,104,104.0,104.0,107.0
16,121.0,115,118,120,117,116,115,113,113,117.0,113,114,113,165.0,195.0,110.0,112,110.0,111,112,112,110.0,110.0,113.0
17,116.0,126,139,123,121,116,113,111,109,112.0,112,136,116,114.0,112.0,112.0,168,107.0,107,106,105,105.0,103.0,103.0
18,119.0,106,122,113,115,115,113,112,116,112.0,125,124,118,119.0,120.0,118.0,116,114.0,114,116,117,118.0,119.0,118.0
19,119.0,120,120,120,120,119,118,115,113,113.0,113,114,117,118.0,118.0,118.0,118,119.0,119,120,122,123.0,124.0,125.0
20,124.0,123,122,121,120,120,118,116,114,112.0,111,111,111,113.0,114.0,115.0,115,112.0,111,112,113,117.0,120.0,122.0
21,123.0,122,121,120,119,118,119,118,117,116.0,113,113,113,113.0,114.0,112.0,111,111.0,108,106,105,105.0,105.0,108.0
22,110.0,110,109,106,106,105,105,106,107,108.0,110,160,233,113.0,110.0,109.0,108,107.0,106,105,103,103.0,104.0,107.0
23,112.0,115,117,117,114,112,111,110,111,112.0,113,115,116,116.0,115.0,113.0,112,113.0,113,113,113,,,
24,,119,119,119,119,117,116,115,115,117.0,120,121,123,124.0,122.0,122.0,120,116.0,115,114,113,113.0,114.0,115.0
25,116.0,117,118,119,118,116,113,111,110,110.0,111,114,117,119.0,120.0,118.0,118,116.0,118,121,122,123.0,124.0,123.0
26,121.0,119,117,116,115,113,111,110,107,108.0,109,111,114,,,,113,115.0,116,118,121,125.0,152.0,154.0
27,135.0,135,136,134,133,133,131,129,128,125.0,124,121,118,116.0,114.0,111.0,108,105.0,103,104,105,106.0,109.0,110.0
28,119.0,112,110,110,110,110,112,119,132,152.0,113,113,112,113.0,110.0,108.0,107,106.0,18,28,41,62.0,93.0,90.0
29,110.0,155,100,118,135,127,77,79,71,,62,54,113,112.0,110.0,109.0,109,108.0,9,13,48,81.0,120.0,195.0
30,262.0,181,143,116,114,113,113,112,113,114.0,115,116,116,114.0,114.0,113.0,111,111.0,110,109,109,108.0,111.0,114.0
31,117.0,120,122,121,120,118,115,114,114,114.0,117,118,117,117.0,115.0,114.0,113,137.0,137,120,122,123.0,123.0,126.0
"
"
November-2019,00:00:00,01:00:00,02:00:00,03:00:00,04:00:00,05:00:00,06:00:00,07:00:00,08:00:00,09:00:00,10:00:00,11:00:00,12:00:00,13:00:00,14:00:00,15:00:00,16:00:00,17:00:00,18:00:00,19:00:00,20:00:00,21:00:00,22:00:00,23:00:00
1,130.0,132.0,161.0,125.0,120.0,115.0,112.0,110.0,,,198.0,109.0,104.0,104.0,105.0,105.0,108,113.0,113.0,110.0,109.0,109.0,112.0,114.0
2,114.0,112.0,144.0,112.0,113.0,111.0,124.0,134.0,126.0,116.0,116.0,118.0,118.0,118.0,117.0,114.0,111,110.0,108.0,108.0,109.0,112.0,114.0,117.0
3,117.0,118.0,118.0,119.0,119.0,119.0,120.0,120.0,121.0,120.0,121.0,120.0,118.0,117.0,116.0,115.0,114,111.0,110.0,110.0,115.0,117.0,111.0,112.0
4,113.0,115.0,115.0,119.0,121.0,132.0,121.0,122.0,125.0,144.0,124.0,121.0,117.0,114.0,113.0,113.0,112,112.0,111.0,110.0,110.0,111.0,112.0,113.0
5,115.0,116.0,117.0,123.0,121.0,118.0,118.0,119.0,121.0,123.0,125.0,125.0,131.0,119.0,115.0,114.0,115,114.0,114.0,114.0,113.0,113.0,114.0,114.0
6,115.0,118.0,120.0,123.0,124.0,126.0,127.0,128.0,154.0,131.0,133.0,132.0,128.0,122.0,116.0,113.0,111,114.0,114.0,115.0,114.0,113.0,113.0,113.0
7,113.0,115.0,116.0,116.0,116.0,115.0,114.0,114.0,115.0,117.0,120.0,120.0,119.0,119.0,117.0,114.0,112,111.0,114.0,115.0,115.0,115.0,112.0,112.0
8,112.0,112.0,112.0,113.0,112.0,112.0,111.0,110.0,109.0,110.0,,112.0,113.0,113.0,114.0,111.0,112,113.0,112.0,113.0,114.0,114.0,115.0,114.0
9,114.0,114.0,115.0,117.0,119.0,119.0,119.0,119.0,118.0,120.0,121.0,121.0,122.0,119.0,117.0,116.0,113,112.0,112.0,112.0,112.0,114.0,115.0,116.0
10,116.0,117.0,118.0,121.0,122.0,122.0,123.0,125.0,127.0,171.0,132.0,132.0,130.0,126.0,122.0,119.0,117,118.0,117.0,117.0,117.0,115.0,115.0,116.0
11,116.0,120.0,124.0,127.0,128.0,127.0,126.0,125.0,126.0,129.0,130.0,132.0,132.0,130.0,125.0,122.0,119,117.0,118.0,118.0,119.0,119.0,118.0,118.0
12,121.0,124.0,128.0,134.0,135.0,135.0,134.0,131.0,131.0,131.0,132.0,135.0,135.0,132.0,129.0,125.0,122,119.0,118.0,118.0,120.0,121.0,121.0,120.0
13,120.0,121.0,123.0,125.0,129.0,131.0,132.0,132.0,129.0,133.0,131.0,133.0,118.0,139.0,106.0,105.0,102,95.0,97.0,96.0,73.0,84.0,88.0,96.0
14,110.0,100.0,102.0,103.0,103.0,104.0,,,,121.0,127.0,111.0,107.0,178.0,144.0,105.0,103,100.0,88.0,85.0,83.0,84.0,94.0,100.0
15,101.0,108.0,103.0,102.0,102.0,103.0,104.0,106.0,115.0,125.0,133.0,118.0,108.0,145.0,136.0,102.0,113,94.0,91.0,,,,,
16,,,,,,,,,,,,110.0,121.0,138.0,114.0,108.0,149,201.0,197.0,86.0,93.0,96.0,100.0,118.0
17,126.0,120.0,110.0,113.0,114.0,114.0,112.0,110.0,107.0,105.0,105.0,105.0,105.0,107.0,106.0,105.0,103,112.0,91.0,87.0,88.0,98.0,102.0,115.0
18,107.0,111.0,108.0,108.0,106.0,105.0,105.0,104.0,104.0,104.0,121.0,164.0,139.0,108.0,107.0,103.0,101,113.0,139.0,86.0,87.0,90.0,98.0,132.0
19,146.0,131.0,177.0,136.0,120.0,119.0,117.0,115.0,144.0,164.0,136.0,136.0,144.0,112.0,133.0,135.0,126,104.0,104.0,99.0,97.0,104.0,117.0,113.0
20,140.0,165.0,154.0,139.0,121.0,119.0,117.0,115.0,122.0,174.0,167.0,138.0,179.0,156.0,158.0,152.0,132,184.0,101.0,100.0,99.0,102.0,104.0,105.0
21,185.0,112.0,238.0,286.0,198.0,206.0,118.0,117.0,128.0,116.0,150.0,261.0,235.0,249.0,147.0,118.0,122,126.0,104.0,103.0,103.0,103.0,105.0,125.0
22,146.0,313.0,455.0,127.0,118.0,118.0,124.0,119.0,128.0,126.0,119.0,119.0,119.0,116.0,202.0,127.0,100,,97.0,99.0,100.0,100.0,101.0,120.0
23,120.0,160.0,141.0,120.0,115.0,206.0,168.0,167.0,126.0,117.0,118.0,117.0,192.0,269.0,210.0,167.0,108,104.0,102.0,102.0,102.0,102.0,104.0,121.0
24,125.0,123.0,146.0,143.0,118.0,115.0,218.0,,,113.0,114.0,113.0,112.0,110.0,198.0,180.0,169,107.0,103.0,120.0,102.0,103.0,103.0,103.0
25,104.0,,135.0,146.0,,,,,,117.0,121.0,122.0,,116.0,303.0,253.0,415,105.0,101.0,100.0,101.0,172.0,102.0,253.0
26,192.0,209.0,264.0,121.0,126.0,127.0,125.0,121.0,179.0,249.0,172.0,132.0,118.0,120.0,113.0,111.0,108,,,,,,,
27,,,,,,,,,,,,,,,,,132,105.0,102.0,101.0,100.0,102.0,103.0,105.0
28,108.0,109.0,163.0,157.0,132.0,117.0,115.0,114.0,132.0,114.0,132.0,211.0,158.0,206.0,136.0,149.0,186,308.0,105.0,105.0,105.0,104.0,105.0,108.0
29,114.0,144.0,140.0,233.0,211.0,136.0,142.0,126.0,126.0,,,,233.0,193.0,189.0,114.0,137,138.0,140.0,102.0,103.0,103.0,104.0,104.0
30,104.0,181.0,402.0,109.0,108.0,107.0,,305.0,106.0,,,,,152.0,113.0,112.0,109,107.0,104.0,103.0,102.0,104.0,107.0,110.0
"
"
December-2019,00:00:00,01:00:00,02:00:00,03:00:00,04:00:00,05:00:00,06:00:00,07:00:00,08:00:00,09:00:00,10:00:00,11:00:00,12:00:00,13:00:00,14:00:00,15:00:00,16:00:00,17:00:00,18:00:00,19:00:00,20:00:00,21:00:00,22:00:00,23:00:00
1,,117,,,,,,,193.0,180.0,168,122,120,118,117,118,115,112,110.0,108.0,108,108,109,111
2,114.0,198,138.0,129.0,119.0,118.0,117.0,147.0,117.0,187.0,119,119,116,199,304,102,224,179,100.0,101.0,101,102,102,103
3,111.0,121,116.0,119.0,119.0,119.0,118.0,117.0,116.0,115.0,115,116,116,115,111,117,109,109,106.0,104.0,103,103,103,103
4,104.0,104,105.0,106.0,107.0,108.0,109.0,109.0,109.0,110.0,112,115,115,243,133,123,112,108,106.0,105.0,104,105,106,106
5,106.0,104,104.0,105.0,104.0,103.0,104.0,104.0,104.0,104.0,105,109,111,137,132,165,155,149,154.0,135.0,118,126,124,128
6,129.0,129,128.0,126.0,125.0,121.0,119.0,119.0,119.0,120.0,121,120,139,129,130,151,137,115,113.0,111.0,110,112,114,115
7,115.0,121,119.0,121.0,,,,118.0,117.0,115.0,116,178,222,164,121,121,127,183,110.0,109.0,109,108,110,115
8,118.0,120,121.0,122.0,122.0,120.0,119.0,118.0,118.0,118.0,116,118,119,118,117,115,113,112,113.0,112.0,111,111,110,112
9,116.0,120,123.0,123.0,125.0,125.0,123.0,123.0,123.0,124.0,126,125,291,247,203,155,125,109,108.0,367.0,112,112,112,111
10,114.0,118,121.0,123.0,122.0,122.0,123.0,123.0,123.0,124.0,125,126,128,128,125,122,117,114,112.0,111.0,111,113,113,114
11,114.0,117,123.0,126.0,127.0,125.0,124.0,125.0,125.0,124.0,125,125,123,135,195,156,116,134,109.0,108.0,108,110,112,114
12,114.0,119,117.0,122.0,127.0,130.0,130.0,130.0,132.0,133.0,132,132,129,127,121,124,114,110,114.0,107.0,108,110,112,111
13,112.0,398,349.0,114.0,118.0,121.0,123.0,122.0,120.0,122.0,123,123,121,117,120,117,116,114,112.0,111.0,110,112,114,116
14,118.0,119,134.0,123.0,122.0,123.0,122.0,122.0,123.0,121.0,123,159,145,121,117,112,110,113,113.0,113.0,113,113,116,119
15,121.0,124,123.0,126.0,127.0,126.0,126.0,127.0,127.0,128.0,126,126,127,126,123,120,118,116,117.0,117.0,117,117,117,122
16,128.0,133,138.0,140.0,142.0,142.0,141.0,140.0,140.0,141.0,141,139,244,277,219,143,119,116,125.0,114.0,117,119,121,122
17,125.0,128,131.0,136.0,137.0,136.0,135.0,132.0,129.0,128.0,129,130,115,136,109,95,106,91,152.0,115.0,91,88,88,104
18,94.0,101,103.0,102.0,102.0,99.0,96.0,91.0,87.0,78.0,78,81,93,143,204,96,82,80,73.0,93.0,94,95,104,109
19,112.0,112,108.0,110.0,111.0,109.0,108.0,106.0,106.0,123.0,108,140,126,130,154,145,85,72,75.0,66.0,57,93,101,109
20,117.0,100,113.0,112.0,142.0,112.0,111.0,,,,193,143,109,112,182,177,193,101,101.0,100.0,85,81,88,83
21,106.0,121,109.0,109.0,117.0,123.0,102.0,115.0,92.0,105.0,182,163,138,129,131,123,164,172,112.0,111.0,110,105,103,128
22,136.0,119,106.0,177.0,178.0,114.0,107.0,108.0,108.0,114.0,130,140,113,111,108,106,119,141,144.0,125.0,110,109,106,103
23,102.0,116,168.0,139.0,106.0,106.0,105.0,116.0,128.0,254.0,151,151,156,111,111,108,120,129,134.0,134.0,116,102,82,80
24,305.0,73,142.0,154.0,130.0,163.0,126.0,122.0,145.0,183.0,102,149,224,297,196,154,110,107,,,104,128,86,108
25,119.0,145,124.0,133.0,190.0,165.0,116.0,142.0,106.0,180.0,134,131,180,174,214,131,111,106,102.0,117.0,125,176,136,184
26,114.0,127,125.0,102.0,102.0,102.0,102.0,,107.0,107.0,104,101,97,90,122,145,84,78,77.0,60.0,65,86,101,97
27,97.0,116,100.0,98.0,111.0,107.0,118.0,120.0,124.0,165.0,106,114,128,118,116,280,64,135,81.0,80.0,79,79,79,95
28,121.0,121,87.0,94.0,100.0,102.0,103.0,122.0,111.0,103.0,108,103,110,115,110,128,104,103,113.0,101.0,100,99,113,144
29,154.0,140,142.0,104.0,106.0,107.0,109.0,110.0,127.0,122.0,110,110,128,109,108,109,149,117,107.0,103.0,102,102,110,126
30,117.0,119,111.0,101.0,123.0,130.0,104.0,103.0,105.0,122.0,139,115,144,106,104,154,103,115,103.0,102.0,99,105,95,93
31,91.0,92,93.0,91.0,86.0,86.0,85.0,83.0,82.0,113.0,131,85,127,168,92,91,90,85,89.0,90.0,88,86,84,94
"
"
Year,2020
January-2020,00:00:00,01:00:00,02:00:00,03:00:00,04:00:00,05:00:00,06:00:00,07:00:00,08:00:00,09:00:00,10:00:00,11:00:00,12:00:00,13:00:00,14:00:00,15:00:00,16:00:00,17:00:00,18:00:00,19:00:00,20:00:00,21:00:00,22:00:00,23:00:00
1,,,162.0,134.0,143.0,145.0,135,204,205.0,181.0,173.0,141,112.0,111.0,112,112.0,112,112,111,110,109,114.0,132.0,140
2,193.0,213.0,196.0,209.0,135.0,118.0,107,143,167.0,242.0,231.0,136,127.0,108.0,107,106.0,107,161,104,103,101,106.0,126.0,116
3,117.0,138.0,161.0,140.0,124.0,102.0,103,103,107.0,117.0,106.0,107,111.0,132.0,103,182.0,107,104,104,103,102,97.0,94.0,94
4,95.0,101.0,102.0,104.0,104.0,104.0,102,103,102.0,103.0,104.0,103,103.0,101.0,96,91.0,88,88,87,88,92,90.0,90.0,90
5,86.0,92.0,105.0,109.0,107.0,110.0,111,112,110.0,110.0,,109,109.0,109.0,108,107.0,106,104,103,102,102,102.0,102.0,102
6,103.0,103.0,106.0,108.0,110.0,112.0,113,112,111.0,109.0,108.0,107,107.0,107.0,108,107.0,198,166,134,102,101,101.0,101.0,102
7,111.0,128.0,132.0,122.0,108.0,108.0,111,114,115.0,116.0,116.0,142,136.0,115.0,114,114.0,119,117,155,126,106,104.0,103.0,103
8,104.0,103.0,103.0,101.0,100.0,100.0,100,116,105.0,107.0,104.0,104,102.0,141.0,198,101.0,108,112,137,106,104,103.0,103.0,103
9,104.0,105.0,105.0,105.0,105.0,104.0,105,105,106.0,108.0,108.0,109,109.0,106.0,145,127.0,125,107,107,107,106,103.0,103.0,103
10,103.0,105.0,106.0,107.0,109.0,108.0,108,109,108.0,109.0,109.0,109,110.0,163.0,252,204.0,138,164,112,116,159,107.0,107.0,113
11,139.0,164.0,111.0,112.0,115.0,119.0,120,121,121.0,125.0,118.0,119,118.0,118.0,162,165.0,153,161,125,114,106,107.0,120.0,121
12,194.0,406.0,110.0,114.0,118.0,122.0,128,132,135.0,136.0,135.0,135,134.0,133.0,132,129.0,126,124,120,117,116,114.0,113.0,114
13,112.0,111.0,110.0,107.0,106.0,106.0,106,107,107.0,107.0,107.0,107,107.0,107.0,107,106.0,105,104,103,102,98,97.0,96.0,96
14,101.0,101.0,101.0,101.0,96.0,94.0,96,96,,,103.0,103,103.0,103.0,103,103.0,103,104,103,102,102,97.0,96.0,96
15,97.0,101.0,102.0,103.0,103.0,103.0,102,103,104.0,105.0,106.0,106,105.0,103.0,101,100.0,98,96,100,100,99,98.0,90.0,89
16,91.0,94.0,101.0,103.0,103.0,104.0,104,103,104.0,105.0,107.0,109,110.0,109.0,107,104.0,102,101,101,102,102,102.0,102.0,101
17,99.0,101.0,102.0,104.0,21.0,21.0,21,25,17.0,17.0,16.0,19,111.0,110.0,108,107.0,46,52,59,102,103,104.0,,105
18,104.0,104.0,105.0,106.0,108.0,111.0,112,113,114.0,113.0,113.0,114,,,114,,112,110,47,52,53,,40.0,109
19,110.0,111.0,28.0,25.0,24.0,27.0,27,26,28.0,27.0,25.0,23,25.0,31.0,40,39.0,42,44,46,56,57,56.0,59.0,45
20,33.0,33.0,33.0,26.0,25.0,24.0,23,22,23.0,24.0,26.0,131,131.0,27.0,127,126.0,126,124,123,122,119,118.0,118.0,118
21,119.0,120.0,121.0,124.0,126.0,128.0,131,134,136.0,139.0,140.0,140,139.0,136.0,133,130.0,127,126,124,122,121,118.0,117.0,116
22,116.0,118.0,121.0,124.0,128.0,130.0,131,134,136.0,139.0,142.0,144,145.0,145.0,142,,137,134,133,131,129,,125.0,120
23,120.0,119.0,120.0,123.0,124.0,125.0,32,34,32.0,31.0,32.0,31,133.0,132.0,131,128.0,125,124,122,122,122,120.0,119.0,117
24,115.0,116.0,116.0,118.0,121.0,122.0,124,125,123.0,123.0,124.0,125,126.0,125.0,124,123.0,120,117,117,116,115,116.0,116.0,115
25,115.0,114.0,115.0,118.0,120.0,124.0,125,126,125.0,124.0,123.0,124,123.0,123.0,123,123.0,121,120,117,115,114,114.0,115.0,115
26,115.0,116.0,115.0,116.0,117.0,119.0,122,124,125.0,126.0,125.0,125,126.0,127.0,128,129.0,63,62,59,51,54,68.0,75.0,67
27,59.0,55.0,53.0,68.0,82.0,75.0,60,50,39.0,35.0,39.0,41,33.0,108.0,107,106.0,107,106,106,105,103,,103.0,103
28,104.0,105.0,105.0,105.0,104.0,103.0,103,103,104.0,106.0,107.0,106,106.0,105.0,104,104.0,104,105,106,106,107,105.0,106.0,106
29,107.0,108.0,110.0,110.0,110.0,110.0,109,109,110.0,110.0,112.0,112,112.0,111.0,109,109.0,109,109,110,112,112,113.0,112.0,111
30,111.0,112.0,,,,,116,114,114.0,115.0,115.0,116,116.0,115.0,115,113.0,112,112,112,113,115,115.0,116.0,115
31,114.0,114.0,115.0,115.0,118.0,118.0,119,119,117.0,117.0,117.0,117,118.0,118.0,118,117.0,116,114,114,114,115,117.0,117.0,118
"
"
February-2020,00:00:00,01:00:00,02:00:00,03:00:00,04:00:00,05:00:00,06:00:00,07:00:00,08:00:00,09:00:00,10:00:00,11:00:00,12:00:00,13:00:00,14:00:00,15:00:00,16:00:00,17:00:00,18:00:00,19:00:00,20:00:00,21:00:00,22:00:00,23:00:00
1,118.0,116.0,116.0,116.0,117.0,119.0,120.0,120.0,120.0,119.0,118.0,118.0,118.0,118.0,117.0,117.0,117.0,117.0,116.0,115.0,116.0,116.0,118.0,119.0
2,119.0,120.0,119.0,118.0,118.0,119.0,120.0,122.0,122.0,123.0,122.0,121.0,120.0,120.0,120.0,120.0,121.0,121.0,121.0,121.0,,,119.0,120.0
3,122.0,122.0,123.0,123.0,121.0,121.0,122.0,122.0,124.0,125.0,125.0,124.0,123.0,122.0,121.0,121.0,121.0,122.0,123.0,123.0,122.0,121.0,121.0,121.0
4,122.0,124.0,124.0,124.0,,,,,,,,,,,,,,,,,,,,
5,,,,,,,,,,,,124.0,124.0,123.0,122.0,120.0,119.0,119.0,119.0,121.0,122.0,122.0,122.0,121.0
6,120.0,121.0,122.0,123.0,124.0,124.0,124.0,124.0,122.0,122.0,,123.0,124.0,123.0,122.0,122.0,120.0,119.0,120.0,120.0,122.0,123.0,123.0,123.0
7,123.0,122.0,122.0,123.0,123.0,125.0,126.0,126.0,,124.0,124.0,124.0,124.0,124.0,123.0,123.0,123.0,,120.0,120.0,121.0,121.0,,124.0
8,124.0,124.0,122.0,123.0,124.0,124.0,126.0,126.0,126.0,126.0,125.0,124.0,123.0,122.0,123.0,123.0,,122.0,121.0,120.0,120.0,121.0,,124.0
9,124.0,124.0,124.0,122.0,122.0,123.0,123.0,124.0,126.0,126.0,125.0,123.0,123.0,123.0,122.0,123.0,124.0,124.0,124.0,123.0,122.0,122.0,,122.0
10,123.0,125.0,125.0,125.0,123.0,123.0,124.0,124.0,126.0,126.0,126.0,126.0,,122.0,122.0,122.0,122.0,124.0,124.0,123.0,123.0,121.0,122.0,
11,122.0,124.0,,125.0,125.0,123.0,123.0,124.0,124.0,125.0,126.0,126.0,124.0,122.0,120.0,119.0,119.0,118.0,120.0,121.0,121.0,121.0,120.0,119.0
12,120.0,120.0,121.0,123.0,123.0,123.0,122.0,,122.0,,123.0,124.0,245.0,116.0,109.0,205.0,215.0,177.0,143.0,137.0,125.0,110.0,149.0,130.0
13,144.0,194.0,247.0,212.0,198.0,182.0,245.0,,162.0,186.0,208.0,209.0,159.0,137.0,112.0,111.0,106.0,,103.0,102.0,241.0,272.0,100.0,100.0
14,179.0,256.0,,134.0,148.0,180.0,241.0,105.0,250.0,294.0,152.0,125.0,135.0,126.0,134.0,169.0,144.0,228.0,275.0,,,,,
15,,,,,,,,,,,,125.0,107.0,165.0,106.0,307.0,133.0,101.0,97.0,95.0,94.0,92.0,119.0,189.0
16,232.0,150.0,121.0,101.0,,102.0,102.0,123.0,,153.0,142.0,173.0,150.0,122.0,114.0,,131.0,116.0,114.0,113.0,149.0,122.0,192.0,275.0
17,150.0,198.0,157.0,161.0,178.0,177.0,,263.0,251.0,212.0,166.0,205.0,176.0,276.0,205.0,219.0,136.0,123.0,164.0,112.0,106.0,104.0,129.0,
18,174.0,119.0,140.0,187.0,190.0,174.0,155.0,163.0,228.0,275.0,205.0,167.0,129.0,127.0,220.0,229.0,,119.0,129.0,108.0,107.0,151.0,,221.0
19,257.0,395.0,293.0,220.0,240.0,,197.0,244.0,241.0,,220.0,171.0,301.0,318.0,311.0,194.0,114.0,128.0,109.0,144.0,105.0,104.0,103.0,119.0
20,101.0,,148.0,113.0,159.0,197.0,225.0,277.0,291.0,,,137.0,165.0,110.0,122.0,107.0,105.0,102.0,102.0,100.0,100.0,98.0,96.0,96.0
21,94.0,100.0,89.0,89.0,,138.0,,112.0,239.0,217.0,152.0,99.0,101.0,102.0,103.0,102.0,,100.0,95.0,92.0,91.0,93.0,93.0,104.0
22,113.0,,96.0,100.0,121.0,183.0,103.0,115.0,141.0,172.0,,166.0,151.0,201.0,243.0,116.0,116.0,109.0,114.0,102.0,104.0,,169.0,132.0
23,199.0,241.0,249.0,183.0,124.0,179.0,232.0,203.0,282.0,218.0,147.0,152.0,149.0,,116.0,112.0,,109.0,108.0,106.0,114.0,102.0,101.0,138.0
24,102.0,163.0,268.0,278.0,222.0,115.0,179.0,,278.0,220.0,148.0,141.0,132.0,218.0,135.0,174.0,205.0,137.0,129.0,104.0,115.0,120.0,160.0,223.0
25,273.0,266.0,,184.0,76.0,86.0,230.0,207.0,276.0,332.0,188.0,137.0,142.0,118.0,141.0,,120.0,106.0,114.0,103.0,102.0,103.0,122.0,130.0
26,204.0,225.0,117.0,104.0,104.0,105.0,,213.0,205.0,178.0,181.0,193.0,162.0,178.0,405.0,124.0,149.0,116.0,102.0,102.0,101.0,101.0,102.0,111.0
27,155.0,258.0,,189.0,190.0,175.0,130.0,219.0,282.0,282.0,,171.0,152.0,120.0,108.0,134.0,214.0,132.0,116.0,104.0,103.0,,107.0,261.0
28,236.0,321.0,355.0,323.0,284.0,389.0,381.0,374.0,395.0,316.0,279.0,188.0,289.0,127.0,,114.0,112.0,108.0,106.0,104.0,104.0,98.0,98.0,172.0
29,222.0,252.0,266.0,335.0,277.0,312.0,296.0,344.0,381.0,317.0,285.0,166.0,137.0,174.0,115.0,113.0,109.0,108.0,106.0,104.0,102.0,98.0,94.0,92.0
"
"
March-2020,00:00:00,01:00:00,02:00:00,03:00:00,04:00:00,05:00:00,06:00:00,07:00:00,08:00:00,09:00:00,10:00:00,11:00:00,12:00:00,13:00:00,14:00:00,15:00:00,16:00:00,17:00:00,18:00:00,19:00:00,20:00:00,21:00:00,22:00:00,23:00:00
1,97.0,,97.0,,98.0,96.0,92.0,119.0,,137.0,97.0,100.0,100.0,100.0,96.0,92.0,,95.0,101.0,,,,,
2,,,,,,,,,,,,,,,,,,,,,,,,
3,,,,,,,,,,,,,,,,,,,,,,,,
4,,,,,,,,,,,,,86.0,86.0,84.0,82.0,80.0,,113.0,86.0,80.0,,,72.0
5,72.0,71.0,72.0,105.0,96.0,93.0,108.0,122.0,130.0,117.0,93.0,86.0,90.0,90.0,101.0,95.0,82.0,80.0,,80.0,74.0,74.0,72.0,72.0
6,72.0,71.0,71.0,72.0,72.0,72.0,70.0,74.0,70.0,,70.0,71.0,80.0,84.0,101.0,74.0,68.0,73.0,68.0,,68.0,89.0,68.0,77.0
7,68.0,,70.0,70.0,71.0,71.0,72.0,71.0,120.0,101.0,83.0,107.0,117.0,134.0,121.0,120.0,105.0,105.0,119.0,85.0,100.0,102.0,85.0,85.0
8,99.0,,141.0,129.0,110.0,114.0,102.0,126.0,141.0,127.0,,101.0,101.0,100.0,,96.0,95.0,132.0,91.0,89.0,88.0,98.0,103.0,88.0
9,89.0,115.0,99.0,91.0,93.0,95.0,123.0,106.0,148.0,,101.0,102.0,102.0,101.0,100.0,101.0,96.0,94.0,104.0,,88.0,87.0,87.0,119.0
10,115.0,104.0,97.0,92.0,97.0,120.0,117.0,137.0,149.0,,106.0,107.0,106.0,105.0,104.0,101.0,101.0,98.0,,92.0,88.0,87.0,86.0,85.0
11,85.0,86.0,86.0,86.0,84.0,84.0,84.0,84.0,83.0,84.0,84.0,84.0,78.0,78.0,78.0,78.0,78.0,78.0,78.0,,78.0,76.0,78.0,79.0
12,79.0,79.0,81.0,81.0,82.0,91.0,104.0,139.0,110.0,,103.0,96.0,96.0,90.0,90.0,87.0,84.0,83.0,82.0,81.0,80.0,80.0,78.0,79.0
13,80.0,80.0,79.0,80.0,82.0,80.0,108.0,131.0,126.0,108.0,88.0,91.0,,110.0,219.0,115.0,109.0,101.0,85.0,87.0,98.0,83.0,83.0,82.0
14,86.0,94.0,86.0,87.0,,87.0,102.0,113.0,130.0,100.0,90.0,94.0,94.0,98.0,,147.0,106.0,104.0,100.0,99.0,112.0,108.0,107.0,118.0
15,116.0,115.0,101.0,124.0,162.0,172.0,159.0,193.0,242.0,217.0,137.0,124.0,112.0,115.0,114.0,112.0,106.0,122.0,102.0,109.0,101.0,100.0,115.0,144.0
16,158.0,177.0,219.0,,180.0,154.0,151.0,168.0,202.0,195.0,154.0,135.0,146.0,126.0,146.0,120.0,108.0,106.0,106.0,,102.0,101.0,193.0,191.0
17,256.0,,213.0,337.0,322.0,,361.0,290.0,330.0,275.0,257.0,199.0,140.0,164.0,111.0,107.0,109.0,98.0,105.0,90.0,76.0,116.0,124.0,138.0
18,148.0,181.0,183.0,136.0,121.0,231.0,209.0,220.0,204.0,169.0,105.0,107.0,112.0,92.0,88.0,79.0,72.0,95.0,95.0,98.0,95.0,106.0,109.0,93.0
19,103.0,105.0,88.0,77.0,110.0,132.0,94.0,96.0,109.0,108.0,74.0,66.0,,73.0,63.0,66.0,,,,,,,,
20,,,,,,,,,,,,,52.0,65.0,58.0,48.0,48.0,,47.0,46.0,,47.0,47.0,47.0
21,46.0,51.0,52.0,52.0,60.0,76.0,79.0,104.0,,84.0,64.0,58.0,64.0,67.0,58.0,56.0,53.0,52.0,,49.0,60.0,69.0,60.0,52.0
22,,46.0,50.0,48.0,48.0,,49.0,70.0,78.0,74.0,48.0,49.0,59.0,,48.0,59.0,47.0,47.0,46.0,70.0,81.0,95.0,99.0,56.0
23,60.0,79.0,76.0,48.0,57.0,57.0,55.0,48.0,93.0,48.0,48.0,48.0,64.0,67.0,50.0,52.0,67.0,82.0,69.0,47.0,71.0,47.0,57.0,59.0
24,48.0,,68.0,105.0,96.0,54.0,64.0,68.0,123.0,187.0,51.0,,50.0,89.0,49.0,60.0,61.0,80.0,97.0,88.0,56.0,82.0,109.0,112.0
25,122.0,79.0,135.0,64.0,62.0,,70.0,79.0,89.0,101.0,54.0,54.0,92.0,75.0,50.0,69.0,47.0,57.0,50.0,46.0,67.0,45.0,,64.0
26,96.0,65.0,61.0,125.0,62.0,72.0,62.0,71.0,60.0,84.0,57.0,50.0,,59.0,87.0,49.0,65.0,59.0,77.0,46.0,55.0,,,45.0
27,45.0,58.0,46.0,,46.0,53.0,46.0,,52.0,46.0,46.0,47.0,,59.0,48.0,47.0,,96.0,86.0,73.0,49.0,67.0,47.0,
28,47.0,50.0,48.0,48.0,47.0,71.0,60.0,66.0,51.0,53.0,54.0,54.0,88.0,105.0,77.0,65.0,50.0,61.0,55.0,48.0,47.0,46.0,46.0,47.0
29,58.0,78.0,51.0,55.0,47.0,45.0,57.0,45.0,49.0,44.0,47.0,47.0,62.0,86.0,48.0,83.0,76.0,,65.0,74.0,47.0,48.0,80.0,48.0
30,49.0,50.0,55.0,76.0,83.0,51.0,,,,,50.0,49.0,51.0,48.0,46.0,55.0,51.0,65.0,90.0,66.0,50.0,44.0,75.0,53.0
31,52.0,47.0,63.0,69.0,108.0,121.0,71.0,52.0,119.0,171.0,55.0,59.0,57.0,58.0,51.0,49.0,48.0,54.0,88.0,77.0,58.0,64.0,67.0,59.0
"
"
April-2020,00:00:00,01:00:00,02:00:00,03:00:00,04:00:00,05:00:00,06:00:00,07:00:00,08:00:00,09:00:00,10:00:00,11:00:00,12:00:00,13:00:00,14:00:00,15:00:00,16:00:00,17:00:00,18:00:00,19:00:00,20:00:00,21:00:00,22:00:00,23:00:00
1,,44.0,44,44,43,44,44,44,101,46.0,55,50,97,50,48,47.0,46.0,66.0,90.0,63.0,66,57,45,77.0
2,117.0,115.0,65,49,48,47,45,45,45,45.0,45,67,88,71,98,66.0,67.0,67.0,99.0,105.0,82,105,67,64.0
3,71.0,53.0,58,70,49,46,46,44,94,48.0,49,49,98,95,93,52.0,48.0,68.0,74.0,92.0,109,89,84,66.0
4,49.0,74.0,72,50,45,46,58,46,123,86.0,50,92,51,61,63,56.0,61.0,47.0,103.0,109.0,78,114,50,56.0
5,55.0,60.0,46,79,47,45,45,71,100,238.0,59,76,53,103,82,62.0,75.0,91.0,70.0,105.0,96,56,44,85.0
6,69.0,46.0,46,46,46,46,50,88,55,54.0,65,65,64,48,58,45.0,45.0,48.0,95.0,54.0,76,52,55,78.0
7,52.0,,44,48,47,44,50,59,151,270.0,61,51,63,49,46,50.0,62.0,66.0,120.0,104.0,61,72,83,73.0
8,110.0,98.0,61,59,60,47,82,98,168,93.0,66,64,89,64,85,63.0,47.0,71.0,108.0,88.0,79,77,46,58.0
9,60.0,78.0,65,59,64,55,57,97,103,49.0,50,73,73,77,75,46.0,59.0,60.0,100.0,105.0,76,76,54,42.0
10,68.0,43.0,61,52,45,67,52,48,97,45.0,46,84,84,57,57,72.0,51.0,61.0,92.0,89.0,107,63,66,82.0
11,58.0,78.0,68,49,83,44,44,44,104,44.0,46,91,73,67,69,63.0,77.0,46.0,88.0,89.0,73,102,97,72.0
12,109.0,86.0,48,54,74,71,46,53,154,144.0,50,48,53,84,69,59.0,63.0,67.0,79.0,111.0,107,106,123,65.0
13,44.0,50.0,44,44,61,89,76,61,132,107.0,62,74,92,79,84,48.0,48.0,75.0,92.0,79.0,77,44,65,164.0
14,493.0,112.0,64,45,44,44,70,106,101,50.0,67,113,97,113,49,73.0,47.0,82.0,67.0,71.0,66,102,71,94.0
15,106.0,45.0,53,55,47,45,61,86,174,68.0,50,81,56,60,50,48.0,46.0,63.0,113.0,60.0,53,47,56,101.0
16,117.0,45.0,45,45,45,46,62,56,45,46.0,47,66,64,58,47,46.0,45.0,44.0,77.0,95.0,59,58,44,44.0
17,46.0,44.0,52,49,44,57,45,62,109,48.0,49,49,49,49,48,,,,,,104,43,45,44.0
18,43.0,43.0,48,43,42,42,43,53,63,45.0,47,90,75,48,47,50.0,46.0,49.0,113.0,74.0,62,82,53,69.0
19,70.0,84.0,53,60,54,80,93,44,44,49.0,45,46,46,53,76,44.0,44.0,51.0,63.0,64.0,70,84,47,45.0
20,102.0,112.0,50,50,63,93,76,78,49,59.0,64,66,120,105,65,49.0,48.0,53.0,85.0,46.0,43,44,125,156.0
21,45.0,68.0,51,46,46,46,55,81,81,49.0,57,58,54,51,47,45.0,44.0,44.0,62.0,66.0,50,42,43,100.0
22,61.0,43.0,44,44,44,43,55,52,112,46.0,47,81,58,48,55,43.0,52.0,95.0,148.0,67.0,49,65,49,48.0
23,46.0,46.0,88,67,56,57,58,83,106,56.0,56,63,61,61,61,63.0,53.0,97.0,132.0,165.0,58,58,59,57.0
24,52.0,51.0,84,83,164,61,61,60,56,54.0,82,100,149,62,63,64.0,59.0,54.0,120.0,126.0,152,215,60,60.0
25,60.0,11.0,57,77,86,137,61,62,62,,59,65,102,134,60,59.0,60.0,57.0,69.0,91.0,110,116,186,65.0
26,62.0,61.0,71,80,77,95,135,61,60,60.0,66,79,92,118,137,101.0,65.0,63.0,63.0,80.0,93,101,103,172.0
27,66.0,64.0,62,73,85,94,101,123,161,63.0,62,65,81,95,111,111.0,197.0,68.0,65.0,64.0,79,92,101,104.0
28,153.0,67.0,64,63,66,80,90,100,98,67.0,64,61,63,79,95,103.0,125.0,212.0,72.0,68.0,65,76,86,
29,,,69,67,65,68,81,92,101,102.0,97,67,65,63,78,96.0,103.0,132.0,196.0,203.0,68,67,71,86.0
30,98.0,102.0,101,167,66,65,65,79,90,100.0,108,155,68,64,62,75.0,94.0,105.0,135.0,177.0,109,69,67,66.0
"
"
May-2020,00:00:00,01:00:00,02:00:00,03:00:00,04:00:00,05:00:00,06:00:00,07:00:00,08:00:00,09:00:00,10:00:00,11:00:00,12:00:00,13:00:00,14:00:00,15:00:00,16:00:00,17:00:00,18:00:00,19:00:00,20:00:00,21:00:00,22:00:00,23:00:00
1,82.0,94.0,102.0,103.0,99.0,67.0,65.0,63.0,66.0,,101.0,103.0,139.0,70.0,66.0,65.0,69.0,83.0,105.0,116.0,133.0,184.0,70.0,67.0
2,66.0,5.0,24.0,102.0,104.0,96.0,69.0,67.0,66.0,70.0,16.0,54.0,104.0,135.0,114.0,70.0,67.0,69.0,40.0,70.0,110.0,110.0,168.0,71.0
3,68.0,67.0,76.0,87.0,101.0,103.0,117.0,70.0,68.0,,,26.0,64.0,106.0,120.0,177.0,73.0,69.0,68.0,13.0,101.0,103.0,107.0,138.0
4,74.0,70.0,,,,101.0,102.0,105.0,100.0,68.0,67.0,67.0,16.0,47.0,105.0,112.0,179.0,76.0,8.0,6.0,20.0,25.0,62.0,106.0
5,105.0,75.0,,,,11.0,44.0,76.0,94.0,127.0,14.0,,6.0,22.0,58.0,106.0,122.0,182.0,79.0,74.0,18.0,28.0,34.0,64.0
6,88.0,104.0,105.0,2.0,,3.0,,30.0,65.0,82.0,152.0,,,9.0,27.0,28.0,107.0,133.0,174.0,117.0,,1.0,7.0,
7,48.0,71.0,100.0,131.0,20.0,,5.0,83.0,106.0,101.0,105.0,163.0,76.0,72.0,70.0,74.0,95.0,103.0,144.0,142.0,221.0,78.0,74.0,73.0
8,85.0,98.0,103.0,108.0,101.0,74.0,71.0,70.0,77.0,90.0,101.0,120.0,152.0,183.0,73.0,71.0,72.0,83.0,111.0,125.0,123.0,172.0,78.0,75.0
9,71.0,80.0,94.0,101.0,106.0,95.0,76.0,,4.0,,36.0,78.0,117.0,136.0,187.0,15.0,,11.0,56.0,71.0,107.0,117.0,138.0,22.0
10,,4.0,14.0,8.0,57.0,105.0,118.0,75.0,8.0,,7.0,40.0,90.0,111.0,115.0,171.0,,,26.0,19.0,31.0,77.0,106.0,132.0
11,66.0,,,,,74.0,105.0,119.0,138.0,,2.0,6.0,25.0,29.0,105.0,128.0,163.0,81.0,77.0,74.0,71.0,21.0,65.0,106.0
12,98.0,172.0,7.0,,1.0,10.0,28.0,82.0,125.0,,6.0,1.0,14.0,17.0,49.0,105.0,123.0,173.0,86.0,79.0,76.0,77.0,89.0,54.0
13,91.0,98.0,165.0,,,,10.0,55.0,84.0,112.0,171.0,16.0,1.0,6.0,17.0,25.0,105.0,125.0,147.0,214.0,3.0,76.0,73.0,7.0
14,25.0,92.0,106.0,137.0,7.0,,10.0,31.0,40.0,72.0,93.0,138.0,156.0,47.0,42.0,37.0,30.0,95.0,152.0,173.0,239.0,36.0,37.0,37.0
15,32.0,33.0,96.0,120.0,178.0,121.0,36.0,37.0,34.0,30.0,101.0,150.0,154.0,222.0,38.0,37.0,36.0,30.0,91.0,245.0,192.0,216.0,48.0,36.0
16,108.0,34.0,31.0,79.0,107.0,147.0,36.0,36.0,36.0,35.0,52.0,110.0,172.0,221.0,303.0,77.0,72.0,94.0,127.0,125.0,300.0,60.0,374.0,140.0
17,36.0,36.0,57.0,59.0,123.0,154.0,172.0,177.0,17.0,6.0,13.0,34.0,109.0,145.0,164.0,232.0,6.0,,22.0,45.0,72.0,130.0,139.0,182.0
18,111.0,,,8.0,31.0,63.0,131.0,141.0,198.0,3.0,,17.0,12.0,72.0,129.0,145.0,215.0,205.0,35.0,34.0,34.0,29.0,110.0,173.0
19,206.0,275.0,33.0,34.0,33.0,26.0,87.0,152.0,199.0,250.0,36.0,32.0,33.0,28.0,58.0,136.0,188.0,180.0,33.0,34.0,34.0,33.0,28.0,73.0
20,114.0,178.0,197.0,34.0,34.0,34.0,27.0,33.0,101.0,164.0,227.0,32.0,32.0,32.0,29.0,34.0,121.0,165.0,,,,,,
21,,,,,,,,,,115.0,131.0,195.0,216.0,33.0,32.0,31.0,32.0,107.0,181.0,336.0,101.0,34.0,34.0,35.0
22,29.0,33.0,72.0,140.0,199.0,34.0,33.0,34.0,32.0,27.0,88.0,148.0,197.0,267.0,33.0,32.0,32.0,28.0,120.0,151.0,214.0,111.0,33.0,33.0
23,35.0,30.0,28.0,80.0,142.0,206.0,123.0,34.0,37.0,37.0,30.0,71.0,161.0,217.0,126.0,33.0,32.0,32.0,26.0,50.0,136.0,197.0,141.0,32.0
24,32.0,33.0,30.0,24.0,59.0,130.0,174.0,223.0,31.0,32.0,32.0,25.0,59.0,131.0,182.0,115.0,31.0,31.0,31.0,28.0,28.0,91.0,165.0,209.0
25,237.0,31.0,32.0,30.0,24.0,34.0,,196.0,31.0,32.0,32.0,40.0,30.0,57.0,121.0,190.0,219.0,31.0,32.0,32.0,29.0,,67.0,137.0
26,191.0,197.0,30.0,31.0,32.0,25.0,58.0,83.0,184.0,212.0,,30.0,31.0,25.0,24.0,116.0,198.0,159.0,,,,,,22.0
27,97.0,133.0,233.0,3.0,,,26.0,49.0,,189.0,209.0,40.0,,,,22.0,99.0,205.0,,,,,,
28,18.0,70.0,164.0,172.0,,,,,,75.0,154.0,158.0,230.0,,,,,79.0,172.0,308.0,31.0,32.0,32.0,34.0
29,34.0,34.0,34.0,34.0,34.0,34.0,34.0,34.0,34.0,34.0,,,34.0,38.0,61.0,36.0,36.0,36.0,74.0,37.0,37.0,39.0,48.0,37.0
30,37.0,37.0,36.0,36.0,36.0,36.0,36.0,36.0,38.0,7.0,36.0,36.0,37.0,37.0,55.0,37.0,37.0,55.0,413.0,71.0,89.0,95.0,95.0,94.0
31,93.0,90.0,88.0,86.0,82.0,78.0,75.0,70.0,69.0,66.0,64.0,62.0,64.0,64.0,55.0,54.0,66.0,55.0,51.0,92.0,72.0,49.0,48.0,48.0
"
"
June-2020,00:00:00,01:00:00,02:00:00,03:00:00,04:00:00,05:00:00,06:00:00,07:00:00,08:00:00,09:00:00,10:00:00,11:00:00,12:00:00,13:00:00,14:00:00,15:00:00,16:00:00,17:00:00,18:00:00,19:00:00,20:00:00,21:00:00,22:00:00,23:00:00
1,48.0,48.0,,,,,,,,,,,,,,,,,,,,,,
2,,,,,,,,,,,,,,,,,,,,,,,,
3,,,,,,,,,,,,,,,,,,,,,,,,
4,,,,,,,,,,,,,,,,,,,,,,,,
5,,,,,,,,,,,,,,,,,,,,,,,,
6,,,,,,,,,,,,48.0,49.0,50.0,51.0,50.0,49.0,47.0,46.0,93.0,45.0,45.0,45.0,48.0
7,47.0,47.0,47.0,47.0,46.0,46.0,45.0,52.0,47.0,47.0,48.0,49.0,49.0,48.0,47.0,46.0,46.0,45.0,44.0,44.0,47.0,44.0,45.0,47.0
8,48.0,49.0,49.0,48.0,47.0,46.0,45.0,44.0,44.0,46.0,47.0,57.0,53.0,54.0,53.0,51.0,49.0,48.0,59.0,48.0,59.0,49.0,50.0,51.0
9,52.0,51.0,51.0,50.0,49.0,48.0,47.0,46.0,47.0,48.0,49.0,50.0,51.0,50.0,49.0,47.0,46.0,45.0,45.0,45.0,45.0,45.0,46.0,46.0
10,47.0,48.0,48.0,48.0,47.0,47.0,46.0,47.0,47.0,49.0,52.0,52.0,52.0,50.0,48.0,47.0,46.0,45.0,51.0,44.0,44.0,59.0,45.0,45.0
11,46.0,46.0,46.0,46.0,48.0,45.0,44.0,44.0,105.0,109.0,46.0,48.0,51.0,53.0,53.0,51.0,49.0,50.0,47.0,46.0,46.0,46.0,47.0,48.0
12,49.0,51.0,51.0,52.0,52.0,52.0,51.0,50.0,50.0,51.0,53.0,54.0,55.0,54.0,53.0,51.0,50.0,48.0,47.0,47.0,47.0,47.0,47.0,48.0
13,59.0,50.0,51.0,52.0,52.0,52.0,52.0,52.0,52.0,52.0,52.0,52.0,51.0,50.0,49.0,48.0,47.0,46.0,46.0,45.0,45.0,45.0,46.0,46.0
14,47.0,48.0,49.0,49.0,49.0,49.0,49.0,50.0,66.0,52.0,53.0,54.0,55.0,55.0,55.0,54.0,52.0,50.0,48.0,47.0,46.0,46.0,46.0,46.0
15,47.0,48.0,48.0,48.0,48.0,47.0,47.0,47.0,81.0,101.0,51.0,53.0,53.0,52.0,51.0,50.0,48.0,48.0,48.0,47.0,49.0,51.0,54.0,57.0
16,57.0,57.0,57.0,56.0,54.0,54.0,53.0,52.0,52.0,52.0,52.0,52.0,91.0,52.0,52.0,51.0,50.0,49.0,49.0,48.0,48.0,48.0,48.0,49.0
17,50.0,51.0,51.0,51.0,51.0,90.0,49.0,48.0,49.0,50.0,52.0,54.0,56.0,57.0,57.0,57.0,56.0,55.0,55.0,55.0,55.0,55.0,56.0,55.0
18,54.0,54.0,54.0,53.0,53.0,53.0,53.0,53.0,70.0,56.0,57.0,58.0,58.0,95.0,56.0,77.0,56.0,59.0,60.0,61.0,60.0,60.0,62.0,63.0
19,64.0,64.0,63.0,61.0,60.0,59.0,58.0,57.0,66.0,125.0,68.0,62.0,62.0,60.0,57.0,54.0,52.0,69.0,96.0,85.0,55.0,53.0,68.0,80.0
20,80.0,49.0,49.0,48.0,48.0,47.0,46.0,47.0,46.0,105.0,127.0,49.0,49.0,50.0,48.0,47.0,47.0,46.0,62.0,66.0,57.0,46.0,54.0,48.0
21,48.0,48.0,48.0,47.0,50.0,46.0,46.0,46.0,57.0,45.0,71.0,45.0,45.0,47.0,45.0,91.0,46.0,46.0,67.0,57.0,46.0,48.0,52.0,51.0
22,74.0,61.0,55.0,55.0,53.0,52.0,51.0,53.0,55.0,105.0,89.0,54.0,53.0,52.0,57.0,49.0,48.0,52.0,67.0,78.0,48.0,48.0,91.0,68.0
23,49.0,49.0,49.0,49.0,48.0,48.0,48.0,51.0,53.0,55.0,56.0,57.0,58.0,58.0,57.0,56.0,54.0,53.0,53.0,53.0,53.0,53.0,55.0,56.0
24,56.0,55.0,54.0,52.0,51.0,50.0,50.0,50.0,50.0,51.0,52.0,53.0,54.0,54.0,54.0,52.0,51.0,50.0,49.0,48.0,48.0,48.0,48.0,49.0
25,50.0,50.0,50.0,50.0,50.0,,50.0,50.0,73.0,54.0,57.0,59.0,59.0,58.0,56.0,54.0,52.0,50.0,59.0,50.0,48.0,48.0,48.0,50.0
26,49.0,49.0,49.0,48.0,48.0,48.0,48.0,49.0,98.0,104.0,55.0,57.0,58.0,58.0,56.0,54.0,52.0,51.0,50.0,49.0,48.0,55.0,48.0,48.0
27,49.0,55.0,52.0,50.0,50.0,63.0,50.0,53.0,67.0,54.0,55.0,56.0,55.0,53.0,52.0,50.0,49.0,48.0,63.0,47.0,80.0,65.0,48.0,48.0
28,55.0,48.0,56.0,56.0,48.0,48.0,48.0,49.0,66.0,62.0,52.0,53.0,53.0,53.0,52.0,51.0,50.0,49.0,63.0,47.0,47.0,47.0,57.0,47.0
29,48.0,48.0,48.0,48.0,48.0,48.0,48.0,48.0,111.0,49.0,50.0,50.0,49.0,48.0,48.0,48.0,47.0,47.0,46.0,46.0,46.0,46.0,53.0,49.0
30,50.0,51.0,50.0,50.0,49.0,48.0,48.0,48.0,49.0,81.0,51.0,53.0,54.0,55.0,55.0,54.0,52.0,51.0,50.0,49.0,49.0,49.0,56.0,51.0
"
"
July-2020,00:00:00,01:00:00,02:00:00,03:00:00,04:00:00,05:00:00,06:00:00,07:00:00,08:00:00,09:00:00,10:00:00,11:00:00,12:00:00,13:00:00,14:00:00,15:00:00,16:00:00,17:00:00,18:00:00,19:00:00,20:00:00,21:00:00,22:00:00,23:00:00
1,53.0,53.0,53.0,52.0,51.0,50.0,49.0,50.0,94.0,54.0,57.0,59.0,60.0,59.0,57.0,56.0,73.0,53.0,51.0,50.0,49.0,48.0,49.0,49.0
2,49.0,49.0,49.0,49.0,50.0,51.0,51.0,52.0,53.0,93.0,55.0,56.0,56.0,54.0,52.0,50.0,49.0,48.0,47.0,47.0,47.0,47.0,47.0,47.0
3,48.0,49.0,49.0,49.0,49.0,48.0,48.0,48.0,48.0,48.0,49.0,51.0,54.0,54.0,56.0,52.0,50.0,49.0,49.0,48.0,48.0,49.0,49.0,49.0
4,49.0,49.0,49.0,49.0,48.0,48.0,47.0,47.0,48.0,50.0,50.0,50.0,49.0,58.0,48.0,49.0,49.0,48.0,47.0,104.0,47.0,47.0,47.0,47.0
5,47.0,46.0,46.0,46.0,46.0,46.0,46.0,46.0,46.0,46.0,46.0,47.0,90.0,58.0,47.0,77.0,48.0,48.0,48.0,50.0,47.0,47.0,52.0,47.0
6,88.0,52.0,46.0,60.0,55.0,48.0,57.0,45.0,58.0,45.0,71.0,45.0,46.0,46.0,56.0,46.0,77.0,47.0,88.0,75.0,47.0,48.0,48.0,48.0
7,48.0,48.0,47.0,60.0,47.0,46.0,46.0,49.0,47.0,53.0,46.0,97.0,189.0,49.0,49.0,49.0,97.0,48.0,48.0,53.0,48.0,48.0,48.0,49.0
8,51.0,51.0,65.0,49.0,48.0,48.0,47.0,49.0,46.0,76.0,47.0,47.0,47.0,74.0,123.0,47.0,47.0,47.0,54.0,59.0,48.0,55.0,48.0,49.0
9,75.0,49.0,49.0,49.0,49.0,52.0,48.0,47.0,97.0,77.0,46.0,47.0,47.0,47.0,47.0,47.0,47.0,47.0,55.0,48.0,49.0,52.0,56.0,59.0
10,61.0,61.0,59.0,57.0,54.0,52.0,50.0,49.0,48.0,48.0,47.0,55.0,47.0,47.0,48.0,48.0,48.0,47.0,47.0,47.0,48.0,47.0,62.0,48.0
11,50.0,50.0,50.0,49.0,49.0,48.0,48.0,47.0,47.0,47.0,53.0,47.0,47.0,47.0,47.0,106.0,48.0,48.0,48.0,61.0,48.0,60.0,48.0,48.0
12,49.0,50.0,50.0,50.0,50.0,50.0,50.0,50.0,51.0,61.0,54.0,55.0,55.0,54.0,68.0,54.0,55.0,54.0,54.0,54.0,55.0,55.0,56.0,58.0
13,60.0,60.0,60.0,59.0,58.0,57.0,55.0,54.0,54.0,75.0,57.0,59.0,61.0,101.0,60.0,60.0,58.0,57.0,54.0,52.0,51.0,50.0,50.0,50.0
14,54.0,57.0,60.0,61.0,61.0,61.0,60.0,59.0,58.0,58.0,58.0,60.0,61.0,61.0,60.0,58.0,57.0,56.0,56.0,56.0,56.0,56.0,55.0,54.0
15,54.0,55.0,56.0,59.0,56.0,56.0,55.0,54.0,53.0,55.0,57.0,70.0,56.0,55.0,54.0,60.0,52.0,51.0,51.0,50.0,50.0,51.0,53.0,56.0
16,57.0,58.0,58.0,58.0,57.0,55.0,54.0,52.0,51.0,51.0,51.0,51.0,98.0,52.0,52.0,53.0,55.0,57.0,60.0,61.0,62.0,60.0,59.0,57.0
17,56.0,56.0,55.0,55.0,54.0,53.0,52.0,52.0,53.0,55.0,102.0,61.0,64.0,75.0,79.0,62.0,61.0,66.0,62.0,66.0,64.0,63.0,62.0,61.0
18,61.0,60.0,59.0,58.0,57.0,56.0,56.0,56.0,89.0,57.0,57.0,58.0,60.0,59.0,57.0,56.0,54.0,52.0,51.0,57.0,50.0,50.0,55.0,54.0
19,58.0,61.0,62.0,62.0,60.0,59.0,57.0,56.0,62.0,143.0,54.0,52.0,52.0,51.0,50.0,50.0,49.0,49.0,49.0,48.0,49.0,53.0,50.0,50.0
20,50.0,50.0,51.0,51.0,50.0,50.0,50.0,50.0,84.0,64.0,50.0,50.0,50.0,50.0,50.0,50.0,50.0,50.0,50.0,56.0,51.0,50.0,51.0,51.0
21,51.0,72.0,51.0,51.0,51.0,51.0,50.0,51.0,51.0,84.0,55.0,57.0,60.0,61.0,60.0,58.0,56.0,55.0,53.0,52.0,52.0,52.0,52.0,52.0
22,54.0,54.0,54.0,54.0,54.0,54.0,54.0,54.0,55.0,56.0,58.0,60.0,61.0,61.0,60.0,79.0,57.0,55.0,53.0,52.0,51.0,51.0,51.0,51.0
23,52.0,52.0,52.0,52.0,51.0,51.0,51.0,51.0,52.0,54.0,57.0,96.0,63.0,64.0,62.0,60.0,58.0,56.0,56.0,55.0,54.0,53.0,53.0,54.0
24,54.0,55.0,55.0,56.0,55.0,54.0,54.0,54.0,69.0,110.0,61.0,63.0,63.0,63.0,62.0,63.0,62.0,62.0,61.0,59.0,58.0,58.0,60.0,63.0
25,66.0,68.0,68.0,68.0,66.0,65.0,64.0,,,,,,,,,,,,,,,,,
26,,,,,,,,,,,,,,,,,,,,,,,,
27,,,,,,,,,,,,,,,,,,,,,,,,
28,,,,,,,,,,,,,,,,,,,,,,,,
29,,,,,,,,,,,,,,,,,,,,,,,,
30,,,,,,,,,,,,,,,,,,,,,,,,
31,,,,,,,,,,,,,,,,,,,,,,,,
"
"
August-2020,00:00:00,01:00:00,02:00:00,03:00:00,04:00:00,05:00:00,06:00:00,07:00:00,08:00:00,09:00:00,10:00:00,11:00:00,12:00:00,13:00:00,14:00:00,15:00:00,16:00:00,17:00:00,18:00:00,19:00:00,20:00:00,21:00:00,22:00:00,23:00:00
1,,,,,,,,,,,,,,,,,,,,,,,,
2,,,,,,,,,,,,,,,,,,,,,,,,
3,,,,,,,,,,,,,,,,,,,,,,,,
4,,,,,,,,,,,,,,,,,,,,,,,,
5,,,,,,,,,,,,,,,,53.0,54.0,55.0,56.0,55.0,57.0,54.0,54.0,54.0
6,53.0,53.0,52.0,52.0,52.0,52.0,52.0,52.0,52.0,52.0,52.0,52.0,53.0,53.0,53.0,54.0,54.0,54.0,54.0,53.0,53.0,54.0,54.0,55.0
7,55.0,54.0,54.0,54.0,53.0,53.0,53.0,52.0,52.0,52.0,52.0,53.0,53.0,53.0,85.0,54.0,54.0,55.0,55.0,60.0,55.0,55.0,56.0,56.0
8,55.0,55.0,55.0,54.0,54.0,53.0,52.0,52.0,77.0,54.0,52.0,52.0,53.0,53.0,53.0,76.0,54.0,54.0,60.0,55.0,55.0,85.0,56.0,56.0
9,56.0,56.0,55.0,54.0,54.0,54.0,53.0,52.0,55.0,64.0,52.0,52.0,53.0,53.0,53.0,53.0,53.0,53.0,53.0,53.0,57.0,54.0,55.0,55.0
10,56.0,56.0,55.0,55.0,54.0,54.0,54.0,54.0,53.0,66.0,53.0,53.0,53.0,54.0,54.0,54.0,54.0,54.0,64.0,55.0,55.0,55.0,56.0,56.0
11,56.0,56.0,56.0,55.0,54.0,54.0,53.0,53.0,53.0,52.0,52.0,53.0,53.0,54.0,54.0,55.0,55.0,58.0,69.0,55.0,60.0,56.0,57.0,57.0
12,57.0,57.0,56.0,56.0,55.0,54.0,54.0,53.0,53.0,53.0,53.0,,,,,,,,,,,,,
13,,,,,,,,,,,,,,,,,,,,,,,,
14,,,,,,,,,,,,,,,,,,,,,,,,
15,,,,,,,,,,,,,,,,,,,,,,,,
16,,,,,,,,,,,,,,,,,,,,,,,,
17,,,,,,,,,,,,,,,,,,,,,,,,
18,,,,,,,,,,,,,137.0,96.0,56.0,56.0,27.0,25.0,25.0,30.0,36.0,25.0,27.0,26.0
19,35.0,4.0,6.0,27.0,20.0,17.0,22.0,19.0,14.0,57.0,48.0,18.0,17.0,23.0,21.0,32.0,22.0,30.0,45.0,20.0,31.0,31.0,23.0,37.0
20,11.0,4.0,27.0,22.0,41.0,31.0,30.0,39.0,44.0,36.0,34.0,14.0,50.0,41.0,25.0,85.0,33.0,16.0,10.0,38.0,57.0,59.0,60.0,60.0
21,60.0,60.0,58.0,58.0,56.0,55.0,54.0,53.0,53.0,52.0,52.0,53.0,53.0,54.0,54.0,54.0,54.0,54.0,54.0,54.0,55.0,55.0,56.0,56.0
22,56.0,55.0,54.0,53.0,52.0,52.0,52.0,52.0,52.0,52.0,52.0,54.0,53.0,54.0,54.0,54.0,54.0,54.0,54.0,54.0,55.0,55.0,56.0,56.0
23,56.0,56.0,55.0,54.0,53.0,53.0,52.0,52.0,52.0,52.0,52.0,52.0,52.0,53.0,53.0,54.0,54.0,54.0,54.0,54.0,54.0,55.0,55.0,56.0
24,56.0,56.0,55.0,54.0,53.0,52.0,52.0,52.0,51.0,52.0,52.0,52.0,53.0,53.0,54.0,54.0,54.0,54.0,54.0,55.0,55.0,55.0,56.0,57.0
25,57.0,57.0,56.0,55.0,54.0,54.0,53.0,53.0,53.0,53.0,53.0,53.0,54.0,54.0,55.0,55.0,55.0,55.0,55.0,55.0,55.0,56.0,59.0,62.0
26,64.0,65.0,66.0,65.0,64.0,62.0,60.0,59.0,58.0,58.0,57.0,56.0,56.0,56.0,56.0,55.0,55.0,55.0,55.0,55.0,55.0,56.0,57.0,57.0
27,58.0,58.0,58.0,57.0,56.0,56.0,55.0,54.0,54.0,54.0,54.0,54.0,54.0,55.0,55.0,74.0,55.0,57.0,54.0,54.0,55.0,56.0,56.0,56.0
28,57.0,57.0,56.0,56.0,55.0,55.0,54.0,54.0,55.0,64.0,58.0,57.0,57.0,57.0,57.0,58.0,57.0,57.0,56.0,56.0,56.0,57.0,59.0,61.0
29,64.0,67.0,68.0,67.0,66.0,64.0,62.0,60.0,61.0,61.0,62.0,62.0,62.0,62.0,61.0,59.0,58.0,57.0,56.0,56.0,57.0,57.0,58.0,58.0
30,61.0,66.0,67.0,68.0,67.0,66.0,65.0,64.0,64.0,63.0,97.0,60.0,58.0,57.0,,,,,55.0,55.0,55.0,56.0,56.0,57.0
31,58.0,58.0,58.0,58.0,56.0,56.0,55.0,54.0,71.0,54.0,54.0,63.0,57.0,55.0,55.0,55.0,56.0,56.0,56.0,56.0,57.0,57.0,58.0,58.0
"
"
September-2020,00:00:00,01:00:00,02:00:00,03:00:00,04:00:00,05:00:00,06:00:00,07:00:00,08:00:00,09:00:00,10:00:00,11:00:00,12:00:00,13:00:00,14:00:00,15:00:00,16:00:00,17:00:00,18:00:00,19:00:00,20:00:00,21:00:00,22:00:00,23:00:00
1,59,59,58,58,58,58,59,60,62,65,139,72,75,74,70,67,64,62,60,59,59,60,64.0,67
2,69,69,69,69,69,71,73,196,188,188,107,88,88,85,80,74,69,64,61,59,63,58,59.0,60
3,61,62,62,62,63,63,64,64,93,77,72,74,74,71,67,64,61,69,57,57,57,58,62.0,68
4,74,77,79,79,78,77,76,75,76,76,77,78,78,76,73,69,66,70,67,63,62,63,64.0,74
5,73,80,83,85,82,77,74,73,71,114,81,78,82,81,78,74,92,133,68,62,62,62,66.0,65
6,73,67,67,67,75,65,130,64,65,68,74,78,80,79,76,73,70,67,65,64,64,66,75.0,83
7,88,91,92,91,89,84,76,70,67,65,66,67,67,66,64,62,59,58,57,57,57,57,59.0,62
8,70,76,78,79,78,76,74,73,74,74,76,75,73,70,66,62,60,58,57,57,57,57,58.0,60
9,60,61,61,60,60,60,60,62,64,66,70,75,76,73,70,67,64,62,61,60,60,62,70.0,81
10,88,90,91,90,87,84,81,79,76,73,72,70,67,65,63,62,60,59,59,58,59,59,61.0,68
11,76,81,82,82,80,79,77,77,77,79,82,86,85,82,77,72,68,65,64,69,75,83,88.0,91
12,91,90,88,86,84,82,80,79,79,80,82,82,81,79,77,76,74,72,73,72,68,64,62.0,60
13,59,59,58,57,57,57,57,56,57,58,58,58,58,58,58,58,57,57,57,57,58,58,59.0,60
14,60,60,60,59,59,59,59,60,60,61,64,70,76,80,79,76,71,68,66,64,63,63,64.0,69
15,74,77,78,79,79,79,77,76,75,75,77,78,77,74,70,66,64,62,60,60,59,59,59.0,60
16,62,66,68,70,71,71,71,70,71,73,77,78,76,73,70,68,66,66,63,62,62,63,64.0,68
17,75,83,88,89,85,80,77,74,74,74,74,74,74,72,70,67,66,64,63,62,63,65,72.0,79
18,84,87,88,87,88,85,84,83,83,83,85,89,89,85,81,78,76,73,71,69,69,71,74.0,75
19,78,81,83,83,84,83,82,82,82,83,86,88,87,83,78,75,71,69,68,67,66,66,71.0,79
20,86,91,95,96,94,92,89,87,86,86,87,86,81,76,71,67,65,62,61,61,60,61,62.0,64
21,70,75,80,83,84,85,85,86,87,88,90,94,98,98,93,86,78,72,68,67,70,75,82.0,89
22,93,95,95,94,92,88,85,83,81,81,82,86,90,92,92,90,86,82,78,72,69,67,68.0,71
23,71,69,67,65,63,62,62,61,60,60,62,62,62,62,62,63,62,62,62,61,61,62,63.0,64
24,64,65,66,66,67,67,67,67,68,71,74,80,84,84,81,76,72,69,68,67,68,71,,93
25,98,100,100,99,450,113,500,388,191,120,117,115,110,106,103,100,90,82,77,74,71,70,70.0,70
26,70,69,69,68,66,65,64,64,63,62,62,62,61,60,60,60,59,59,59,59,59,60,61.0,62
27,63,63,63,63,63,63,62,63,66,70,75,78,75,71,67,64,62,60,60,59,59,60,61.0,62
28,62,64,66,70,74,76,77,78,79,82,86,88,86,84,79,76,72,69,67,66,65,64,65.0,65
29,67,69,73,77,80,82,82,83,85,88,91,92,90,88,85,80,75,71,67,64,63,62,63.0,63
30,64,66,69,72,166,343,268,76,78,80,84,87,85,81,75,70,66,63,61,60,60,60,61.0,61
"
"
October-2020,00:00:00,01:00:00,02:00:00,03:00:00,04:00:00,05:00:00,06:00:00,07:00:00,08:00:00,09:00:00,10:00:00,11:00:00,12:00:00,13:00:00,14:00:00,15:00:00,16:00:00,17:00:00,18:00:00,19:00:00,20:00:00,21:00:00,22:00:00,23:00:00
1,62.0,63.0,63.0,63.0,63.0,64.0,65.0,67.0,69.0,73.0,76.0,76.0,74.0,70.0,67.0,64.0,62.0,61.0,60.0,60.0,60.0,60.0,62.0,62.0
2,64.0,64.0,65.0,65.0,66.0,67.0,68.0,69.0,72.0,75.0,79.0,83.0,82.0,77.0,72.0,68.0,65.0,63.0,62.0,62.0,62.0,62.0,63.0,64.0
3,65.0,65.0,65.0,66.0,67.0,68.0,70.0,71.0,73.0,76.0,80.0,84.0,84.0,81.0,77.0,74.0,71.0,68.0,66.0,,,,,
4,,,,,,,,,,,,,,,,,,,,,,,,
5,,,,,,,,,,,,,,,,,,,,,,,,
6,,,,,,,,,,,,,,,,,,,,,,,,
7,,,,,,,,,,,,,,,,,,,,,,88.0,69.0,71.0
8,72.0,72.0,72.0,72.0,71.0,71.0,70.0,70.0,70.0,72.0,73.0,75.0,74.0,73.0,71.0,69.0,68.0,67.0,67.0,67.0,67.0,68.0,68.0,70.0
9,72.0,74.0,78.0,80.0,82.0,84.0,87.0,89.0,91.0,94.0,96.0,98.0,99.0,98.0,97.0,93.0,88.0,83.0,80.0,77.0,75.0,75.0,76.0,77.0
10,79.0,83.0,88.0,90.0,91.0,91.0,90.0,90.0,91.0,92.0,95.0,98.0,106.0,100.0,99.0,94.0,88.0,83.0,81.0,94.0,82.0,87.0,90.0,93.0
11,94.0,94.0,92.0,90.0,88.0,87.0,85.0,84.0,83.0,83.0,84.0,86.0,86.0,84.0,82.0,79.0,78.0,78.0,77.0,76.0,75.0,76.0,286.0,162.0
12,82.0,83.0,83.0,82.0,82.0,81.0,80.0,80.0,80.0,81.0,83.0,,,,,,,,65.0,93.0,81.0,77.0,76.0,76.0
13,78.0,80.0,81.0,81.0,81.0,80.0,80.0,81.0,82.0,83.0,159.0,91.0,93.0,92.0,90.0,85.0,80.0,77.0,74.0,73.0,74.0,79.0,86.0,92.0
14,97.0,99.0,99.0,98.0,97.0,95.0,94.0,93.0,93.0,94.0,97.0,100.0,101.0,101.0,101.0,100.0,95.0,500.0,500.0,271.0,100.0,92.0,95.0,97.0
15,98.0,99.0,97.0,93.0,87.0,83.0,80.0,77.0,75.0,73.0,73.0,73.0,73.0,72.0,72.0,71.0,70.0,70.0,70.0,71.0,72.0,74.0,76.0,80.0
16,85.0,90.0,93.0,96.0,96.0,95.0,94.0,92.0,91.0,91.0,92.0,94.0,94.0,94.0,94.0,93.0,92.0,92.0,92.0,94.0,96.0,97.0,98.0,98.0
17,98.0,95.0,90.0,86.0,82.0,79.0,77.0,75.0,74.0,74.0,74.0,76.0,78.0,79.0,80.0,80.0,79.0,79.0,78.0,77.0,78.0,79.0,81.0,84.0
18,85.0,85.0,84.0,82.0,81.0,79.0,77.0,75.0,74.0,75.0,75.0,77.0,78.0,77.0,76.0,73.0,70.0,68.0,66.0,65.0,65.0,65.0,65.0,65.0
19,66.0,66.0,66.0,65.0,65.0,64.0,65.0,65.0,66.0,67.0,70.0,73.0,75.0,75.0,74.0,72.0,70.0,69.0,67.0,66.0,66.0,66.0,66.0,67.0
20,67.0,67.0,67.0,67.0,68.0,70.0,72.0,73.0,75.0,77.0,80.0,84.0,84.0,82.0,79.0,76.0,74.0,71.0,69.0,68.0,67.0,66.0,66.0,67.0
21,67.0,68.0,68.0,68.0,68.0,68.0,68.0,67.0,67.0,69.0,73.0,78.0,82.0,82.0,80.0,76.0,74.0,71.0,69.0,68.0,69.0,74.0,81.0,89.0
22,95.0,98.0,100.0,100.0,98.0,96.0,94.0,93.0,92.0,91.0,92.0,95.0,97.0,97.0,94.0,88.0,84.0,79.0,76.0,73.0,73.0,76.0,81.0,87.0
23,93.0,96.0,98.0,97.0,95.0,93.0,90.0,89.0,89.0,90.0,92.0,94.0,96.0,96.0,93.0,89.0,84.0,80.0,76.0,74.0,73.0,72.0,73.0,74.0
24,74.0,75.0,76.0,76.0,78.0,80.0,83.0,85.0,87.0,94.0,92.0,94.0,95.0,94.0,90.0,85.0,81.0,77.0,75.0,73.0,72.0,72.0,72.0,72.0
25,73.0,75.0,76.0,77.0,77.0,76.0,76.0,77.0,78.0,79.0,80.0,82.0,84.0,84.0,84.0,82.0,80.0,78.0,76.0,74.0,73.0,73.0,72.0,72.0
26,73.0,75.0,76.0,77.0,77.0,78.0,78.0,79.0,80.0,81.0,83.0,85.0,88.0,92.0,95.0,96.0,94.0,91.0,85.0,82.0,80.0,79.0,80.0,87.0
27,98.0,103.0,105.0,107.0,107.0,106.0,106.0,104.0,103.0,102.0,102.0,102.0,102.0,175.0,100.0,95.0,90.0,186.0,225.0,76.0,75.0,77.0,133.0,79.0
28,86.0,93.0,100.0,103.0,102.0,102.0,101.0,101.0,101.0,101.0,101.0,101.0,101.0,101.0,101.0,99.0,94.0,90.0,86.0,82.0,80.0,78.0,78.0,78.0
29,79.0,82.0,85.0,89.0,92.0,93.0,94.0,93.0,111.0,97.0,96.0,99.0,100.0,100.0,97.0,93.0,90.0,86.0,83.0,81.0,92.0,76.0,76.0,79.0
30,78.0,81.0,84.0,86.0,90.0,88.0,88.0,88.0,89.0,94.0,96.0,100.0,101.0,101.0,98.0,92.0,86.0,82.0,79.0,77.0,76.0,77.0,80.0,84.0
31,91.0,100.0,102.0,103.0,104.0,105.0,105.0,106.0,105.0,105.0,105.0,104.0,104.0,103.0,101.0,97.0,93.0,84.0,80.0,78.0,77.0,77.0,78.0,81.0
"
"
November-2020,00:00:00,01:00:00,02:00:00,03:00:00,04:00:00,05:00:00,06:00:00,07:00:00,08:00:00,09:00:00,10:00:00,11:00:00,12:00:00,13:00:00,14:00:00,15:00:00,16:00:00,17:00:00,18:00:00,19:00:00,20:00:00,21:00:00,22:00:00,23:00:00
1,88.0,100.0,102.0,103.0,104.0,105.0,105.0,104.0,104.0,104.0,104.0,104.0,103.0,102.0,100.0,95.0,90.0,83.0,79.0,76.0,75.0,75.0,76.0,79.0
2,87.0,96.0,100.0,102.0,103.0,105.0,106.0,106.0,106.0,106.0,106.0,106.0,106.0,106.0,105.0,103.0,102.0,100.0,95.0,92.0,90.0,88.0,88.0,88.0
3,90.0,95.0,100.0,101.0,120.0,102.0,102.0,102.0,101.0,101.0,102.0,102.0,103.0,103.0,102.0,101.0,100.0,96.0,91.0,88.0,85.0,85.0,85.0,87.0
4,95.0,101.0,116.0,106.0,108.0,108.0,107.0,106.0,104.0,104.0,103.0,103.0,103.0,103.0,103.0,102.0,101.0,97.0,92.0,89.0,88.0,87.0,88.0,94.0
5,101.0,103.0,118.0,126.0,108.0,108.0,107.0,105.0,104.0,104.0,104.0,109.0,105.0,105.0,104.0,103.0,102.0,100.0,96.0,92.0,89.0,88.0,91.0,98.0
6,102.0,103.0,104.0,105.0,104.0,104.0,103.0,102.0,101.0,100.0,100.0,100.0,101.0,101.0,101.0,100.0,99.0,98.0,99.0,100.0,98.0,94.0,92.0,93.0
7,100.0,103.0,105.0,106.0,106.0,105.0,105.0,103.0,101.0,101.0,101.0,101.0,102.0,102.0,102.0,102.0,101.0,100.0,96.0,92.0,88.0,87.0,89.0,97.0
8,102.0,105.0,107.0,107.0,106.0,105.0,104.0,102.0,101.0,100.0,100.0,99.0,99.0,99.0,98.0,98.0,97.0,96.0,93.0,91.0,90.0,90.0,93.0,97.0
9,101.0,179.0,105.0,106.0,106.0,106.0,105.0,104.0,103.0,119.0,102.0,103.0,103.0,104.0,103.0,103.0,101.0,101.0,100.0,100.0,100.0,100.0,100.0,101.0
10,159.0,113.0,113.0,113.0,111.0,108.0,106.0,104.0,103.0,103.0,102.0,103.0,103.0,103.0,102.0,102.0,101.0,100.0,96.0,92.0,89.0,88.0,88.0,92.0
11,99.0,121.0,112.0,104.0,104.0,103.0,102.0,101.0,115.0,153.0,102.0,103.0,103.0,103.0,102.0,101.0,213.0,151.0,75.0,57.0,61.0,104.0,204.0,148.0
12,120.0,96.0,90.0,81.0,72.0,73.0,86.0,83.0,91.0,108.0,96.0,93.0,128.0,104.0,103.0,102.0,101.0,95.0,88.0,84.0,84.0,84.0,90.0,94.0
13,135.0,117.0,130.0,109.0,116.0,111.0,110.0,109.0,108.0,107.0,107.0,106.0,106.0,105.0,104.0,102.0,101.0,96.0,90.0,86.0,84.0,85.0,87.0,93.0
14,100.0,103.0,105.0,108.0,110.0,111.0,111.0,110.0,109.0,108.0,107.0,106.0,105.0,103.0,102.0,101.0,99.0,94.0,90.0,86.0,84.0,83.0,83.0,84.0
15,88.0,310.0,307.0,286.0,261.0,194.0,104.0,104.0,104.0,104.0,104.0,103.0,103.0,102.0,101.0,97.0,92.0,88.0,85.0,83.0,82.0,88.0,140.0,156.0
16,169.0,101.0,102.0,102.0,102.0,102.0,102.0,101.0,100.0,100.0,100.0,101.0,101.0,101.0,101.0,100.0,96.0,89.0,95.0,97.0,84.0,114.0,197.0,310.0
17,317.0,259.0,102.0,104.0,105.0,106.0,106.0,105.0,105.0,104.0,104.0,104.0,103.0,103.0,102.0,135.0,181.0,107.0,89.0,86.0,85.0,86.0,96.0,109.0
18,121.0,99.0,101.0,102.0,103.0,104.0,103.0,103.0,102.0,102.0,102.0,102.0,103.0,102.0,102.0,101.0,99.0,341.0,302.0,94.0,81.0,62.0,62.0,73.0
19,74.0,82.0,75.0,77.0,77.0,75.0,74.0,72.0,73.0,79.0,72.0,73.0,73.0,73.0,70.0,68.0,66.0,64.0,63.0,62.0,62.0,63.0,78.0,68.0
20,78.0,74.0,75.0,77.0,78.0,77.0,75.0,74.0,73.0,73.0,74.0,75.0,76.0,77.0,75.0,73.0,69.0,66.0,64.0,63.0,63.0,68.0,71.0,87.0
21,74.0,82.0,86.0,99.0,86.0,87.0,87.0,86.0,84.0,84.0,84.0,85.0,85.0,83.0,80.0,75.0,71.0,68.0,65.0,63.0,62.0,62.0,63.0,64.0
22,64.0,64.0,65.0,67.0,73.0,79.0,74.0,76.0,77.0,78.0,79.0,80.0,80.0,80.0,78.0,74.0,71.0,69.0,66.0,65.0,64.0,64.0,65.0,68.0
23,73.0,80.0,87.0,93.0,98.0,100.0,100.0,100.0,98.0,97.0,95.0,94.0,94.0,90.0,84.0,76.0,70.0,64.0,60.0,58.0,57.0,58.0,59.0,60.0
24,62.0,67.0,72.0,76.0,78.0,78.0,78.0,78.0,77.0,77.0,77.0,78.0,79.0,79.0,77.0,74.0,72.0,69.0,67.0,65.0,64.0,64.0,65.0,66.0
25,68.0,72.0,79.0,85.0,89.0,92.0,94.0,96.0,97.0,97.0,98.0,97.0,96.0,94.0,90.0,87.0,83.0,79.0,76.0,73.0,71.0,71.0,72.0,74.0
26,81.0,91.0,100.0,101.0,101.0,100.0,99.0,96.0,92.0,91.0,91.0,92.0,92.0,88.0,85.0,81.0,75.0,69.0,67.0,66.0,66.0,67.0,69.0,71.0
27,75.0,79.0,83.0,86.0,88.0,89.0,88.0,86.0,84.0,82.0,81.0,81.0,82.0,82.0,80.0,78.0,76.0,74.0,73.0,71.0,72.0,75.0,78.0,80.0
28,81.0,81.0,80.0,78.0,76.0,74.0,72.0,71.0,70.0,71.0,71.0,72.0,73.0,74.0,74.0,74.0,75.0,75.0,76.0,75.0,74.0,73.0,76.0,82.0
29,87.0,91.0,92.0,91.0,89.0,86.0,82.0,79.0,78.0,80.0,80.0,79.0,77.0,75.0,74.0,71.0,68.0,66.0,64.0,63.0,62.0,62.0,63.0,
30,,,,,,,,,,,,,,,,,,,,,,,,
"
"
December-2020,00:00:00,01:00:00,02:00:00,03:00:00,04:00:00,05:00:00,06:00:00,07:00:00,08:00:00,09:00:00,10:00:00,11:00:00,12:00:00,13:00:00,14:00:00,15:00:00,16:00:00,17:00:00,18:00:00,19:00:00,20:00:00,21:00:00,22:00:00,23:00:00
1,,,,,,,,,,,,,,88,87,83,80,77,75,73.0,71.0,70.0,70.0,69.0
2,69.0,70.0,70.0,72.0,75.0,78.0,80.0,81.0,82.0,83.0,84.0,86.0,88.0,89,88,85,82,78,75,72.0,70.0,69.0,69.0,70.0
3,72.0,78.0,85.0,90.0,91.0,90.0,88.0,86.0,85.0,84.0,85.0,87.0,88.0,88,87,84,81,77,74,71.0,70.0,69.0,69.0,71.0
4,76.0,82.0,88.0,94.0,,100.0,100.0,98.0,95.0,93.0,93.0,93.0,94.0,93,91,88,85,81,78,75.0,73.0,72.0,73.0,79.0
5,89.0,100.0,103.0,106.0,107.0,108.0,108.0,107.0,105.0,104.0,104.0,103.0,103.0,102,100,91,81,75,72,70.0,70.0,71.0,72.0,74.0
6,79.0,87.0,93.0,97.0,98.0,97.0,95.0,92.0,90.0,89.0,89.0,89.0,88.0,86,84,82,79,76,74,71.0,70.0,70.0,70.0,75.0
7,83.0,92.0,100.0,101.0,101.0,100.0,98.0,96.0,93.0,91.0,90.0,91.0,92.0,93,93,92,90,86,83,79.0,77.0,76.0,78.0,86.0
8,98.0,103.0,105.0,106.0,106.0,106.0,105.0,104.0,103.0,102.0,101.0,100.0,98.0,95,91,86,82,78,75,72.0,70.0,69.0,68.0,69.0
9,73.0,82.0,91.0,100.0,103.0,104.0,105.0,104.0,103.0,103.0,102.0,101.0,101.0,100,98,94,89,84,80,76.0,75.0,74.0,74.0,76.0
10,81.0,86.0,89.0,90.0,89.0,88.0,88.0,87.0,87.0,87.0,89.0,91.0,91.0,89,81,79,306,153,68,67.0,,68.0,69.0,70.0
11,70.0,308.0,500.0,69.0,68.0,68.0,68.0,68.0,68.0,70.0,72.0,75.0,77.0,79,82,84,85,85,88,95.0,97.0,99.0,100.0,100.0
12,99.0,98.0,96.0,92.0,88.0,84.0,81.0,80.0,78.0,77.0,75.0,75.0,74.0,76,78,90,500,75,74,72.0,72.0,73.0,74.0,75.0
13,78.0,82.0,83.0,83.0,82.0,81.0,79.0,78.0,76.0,76.0,76.0,76.0,76.0,77,78,79,79,78,77,76.0,77.0,79.0,82.0,85.0
14,87.0,89.0,89.0,88.0,86.0,84.0,81.0,78.0,76.0,74.0,74.0,74.0,76.0,79,80,82,82,83,84,83.0,81.0,79.0,78.0,78.0
15,81.0,85.0,88.0,89.0,89.0,88.0,88.0,86.0,85.0,85.0,85.0,86.0,21.0,20,77,91,387,71,70,70.0,70.0,70.0,71.0,73.0
16,75.0,77.0,79.0,81.0,82.0,83.0,82.0,82.0,81.0,80.0,80.0,81.0,84.0,86,85,83,80,77,75,74.0,,,,
17,,,,,,,,,,,1.0,93.0,96.0,97,92,86,80,76,74,74.0,74.0,74.0,75.0,77.0
18,80.0,83.0,85.0,89.0,92.0,94.0,95.0,93.0,92.0,92.0,92.0,92.0,94.0,94,95,93,90,86,83,81.0,80.0,79.0,80.0,82.0
19,89.0,97.0,101.0,103.0,103.0,103.0,102.0,101.0,98.0,96.0,94.0,95.0,95.0,94,94,92,90,88,87,86.0,84.0,83.0,83.0,83.0
20,86.0,93.0,96.0,98.0,98.0,97.0,95.0,92.0,90.0,88.0,88.0,88.0,88.0,87,85,84,82,80,77,79.0,74.0,73.0,73.0,74.0
21,76.0,81.0,85.0,89.0,90.0,90.0,88.0,87.0,86.0,87.0,88.0,89.0,90.0,90,89,86,84,83,82,81.0,79.0,78.0,77.0,77.0
22,79.0,84.0,92.0,100.0,101.0,101.0,101.0,100.0,98.0,97.0,98.0,100.0,100.0,97,93,87,94,131,78,76.0,75.0,75.0,76.0,78.0
23,82.0,94.0,101.0,103.0,104.0,104.0,105.0,105.0,104.0,104.0,103.0,102.0,102.0,101,101,100,96,92,89,,,,,
24,,,,,,,,,,,,102.0,102.0,101,92,229,78,75,87,73.0,73.0,74.0,76.0,78.0
25,81.0,85.0,90.0,96.0,101.0,102.0,103.0,104.0,104.0,104.0,104.0,103.0,103.0,102,101,101,99,94,91,88.0,86.0,86.0,86.0,87.0
26,90.0,95.0,100.0,102.0,104.0,105.0,105.0,105.0,105.0,105.0,104.0,104.0,104.0,103,102,100,98,92,85,82.0,82.0,84.0,84.0,84.0
27,85.0,86.0,88.0,90.0,92.0,94.0,96.0,96.0,96.0,96.0,98.0,100.0,100.0,99,96,91,88,85,83,82.0,81.0,82.0,82.0,83.0
28,84.0,85.0,86.0,86.0,85.0,85.0,83.0,83.0,84.0,85.0,87.0,88.0,109.0,90,81,79,76,75,74,73.0,74.0,75.0,76.0,78.0
29,80.0,82.0,84.0,85.0,86.0,87.0,88.0,89.0,91.0,93.0,95.0,97.0,97.0,95,92,89,86,84,82,81.0,80.0,80.0,82.0,86.0
30,90.0,94.0,96.0,98.0,98.0,98.0,96.0,95.0,95.0,96.0,98.0,100.0,100.0,100,99,96,92,89,87,85.0,84.0,85.0,86.0,89.0
31,93.0,99.0,101.0,102.0,102.0,102.0,103.0,102.0,102.0,102.0,102.0,102.0,102.0,102,102,102,101,99,96,94.0,92.0,91.0,94.0,94.0
"
"
Year,2021
January-2021,00:00:00,01:00:00,02:00:00,03:00:00,04:00:00,05:00:00,06:00:00,07:00:00,08:00:00,09:00:00,10:00:00,11:00:00,12:00:00,13:00:00,14:00:00,15:00:00,16:00:00,17:00:00,18:00:00,19:00:00,20:00:00,21:00:00,22:00:00,23:00:00
1,98.0,100.0,101.0,101.0,101.0,101.0,101.0,102.0,102.0,103.0,103.0,103.0,103.0,103.0,102.0,101.0,100.0,96.0,93.0,91.0,90.0,89.0,89.0,90.0
2,94.0,97.0,98.0,98.0,96.0,94.0,92.0,90.0,89.0,88.0,89.0,93.0,94.0,96.0,96.0,94.0,92.0,90.0,89.0,86.0,85.0,84.0,84.0,85.0
3,85.0,87.0,88.0,89.0,90.0,89.0,88.0,88.0,89.0,91.0,94.0,96.0,98.0,98.0,96.0,93.0,90.0,88.0,85.0,84.0,83.0,82.0,83.0,84.0
4,87.0,91.0,95.0,98.0,98.0,98.0,96.0,94.0,93.0,93.0,94.0,95.0,96.0,96.0,96.0,94.0,92.0,90.0,89.0,88.0,87.0,87.0,87.0,87.0
5,87.0,87.0,86.0,85.0,84.0,84.0,83.0,82.0,83.0,84.0,85.0,88.0,91.0,93.0,94.0,93.0,92.0,92.0,91.0,90.0,89.0,89.0,90.0,91.0
6,94.0,96.0,97.0,98.0,97.0,96.0,94.0,92.0,91.0,91.0,91.0,93.0,95.0,97.0,97.0,96.0,94.0,92.0,91.0,90.0,90.0,90.0,91.0,91.0
7,91.0,92.0,92.0,92.0,92.0,91.0,91.0,90.0,90.0,91.0,93.0,96.0,100.0,101.0,101.0,100.0,99.0,100.0,94.0,92.0,92.0,92.0,94.0,98.0
8,101.0,103.0,103.0,102.0,102.0,102.0,101.0,101.0,101.0,101.0,101.0,102.0,102.0,102.0,101.0,101.0,100.0,97.0,95.0,93.0,92.0,92.0,93.0,94.0
9,96.0,98.0,100.0,100.0,100.0,99.0,98.0,97.0,96.0,95.0,94.0,95.0,96.0,97.0,98.0,98.0,96.0,94.0,92.0,91.0,91.0,91.0,91.0,92.0
10,93.0,94.0,95.0,95.0,95.0,95.0,95.0,96.0,97.0,100.0,101.0,101.0,101.0,101.0,101.0,101.0,100.0,98.0,95.0,93.0,92.0,92.0,93.0,94.0
11,97.0,99.0,100.0,100.0,99.0,99.0,100.0,100.0,100.0,100.0,101.0,102.0,102.0,102.0,101.0,101.0,100.0,97.0,94.0,92.0,91.0,91.0,92.0,95.0
12,100.0,101.0,102.0,102.0,101.0,101.0,101.0,101.0,101.0,102.0,102.0,103.0,103.0,103.0,103.0,102.0,100.0,97.0,94.0,92.0,92.0,92.0,92.0,94.0
13,98.0,100.0,101.0,101.0,101.0,100.0,99.0,98.0,99.0,100.0,101.0,102.0,102.0,102.0,101.0,100.0,96.0,92.0,90.0,87.0,85.0,85.0,85.0,86.0
14,88.0,91.0,95.0,96.0,96.0,95.0,95.0,96.0,96.0,98.0,100.0,101.0,101.0,101.0,100.0,99.0,95.0,92.0,89.0,87.0,86.0,86.0,86.0,86.0
15,88.0,114.0,93.0,92.0,90.0,88.0,88.0,87.0,88.0,90.0,92.0,93.0,283.0,152.0,84.0,83.0,82.0,80.0,80.0,80.0,80.0,80.0,82.0,83.0
16,84.0,87.0,93.0,98.0,101.0,101.0,101.0,100.0,100.0,100.0,101.0,102.0,102.0,101.0,100.0,95.0,92.0,88.0,85.0,84.0,83.0,84.0,85.0,87.0
17,91.0,95.0,98.0,100.0,101.0,102.0,103.0,104.0,105.0,106.0,106.0,106.0,104.0,103.0,101.0,99.0,94.0,90.0,87.0,85.0,83.0,83.0,84.0,86.0
18,89.0,91.0,91.0,90.0,90.0,90.0,90.0,88.0,88.0,89.0,90.0,93.0,94.0,94.0,93.0,91.0,89.0,87.0,85.0,84.0,83.0,83.0,84.0,85.0
19,88.0,95.0,100.0,103.0,104.0,105.0,104.0,104.0,103.0,102.0,102.0,102.0,102.0,102.0,101.0,101.0,100.0,97.0,95.0,93.0,91.0,91.0,92.0,93.0
20,95.0,100.0,101.0,102.0,104.0,104.0,104.0,104.0,106.0,107.0,108.0,108.0,107.0,106.0,105.0,103.0,101.0,100.0,96.0,93.0,91.0,90.0,89.0,90.0
21,91.0,92.0,93.0,93.0,92.0,91.0,91.0,91.0,91.0,91.0,93.0,96.0,99.0,100.0,100.0,100.0,97.0,94.0,92.0,91.0,90.0,91.0,91.0,92.0
22,93.0,94.0,94.0,95.0,94.0,94.0,94.0,95.0,98.0,101.0,102.0,103.0,103.0,103.0,103.0,102.0,101.0,99.0,96.0,94.0,93.0,94.0,95.0,96.0
23,99.0,101.0,101.0,102.0,103.0,103.0,103.0,103.0,102.0,101.0,101.0,101.0,102.0,102.0,102.0,102.0,101.0,101.0,100.0,97.0,95.0,93.0,93.0,
24,92.0,93.0,,,95.0,95.0,,96.0,,,104.0,105.0,104.0,103.0,102.0,100.0,96.0,92.0,89.0,87.0,86.0,86.0,86.0,88.0
25,88.0,88.0,90.0,91.0,94.0,98.0,100.0,101.0,101.0,102.0,103.0,104.0,104.0,103.0,102.0,101.0,100.0,96.0,92.0,89.0,88.0,88.0,88.0,89.0
26,90.0,91.0,92.0,91.0,91.0,93.0,96.0,98.0,100.0,101.0,101.0,102.0,102.0,102.0,102.0,101.0,100.0,96.0,92.0,90.0,90.0,90.0,91.0,93.0
27,97.0,101.0,102.0,103.0,104.0,104.0,104.0,104.0,104.0,105.0,105.0,106.0,106.0,105.0,104.0,103.0,101.0,100.0,96.0,93.0,92.0,92.0,,
28,,,,,,,,,,,,,,,,,,,,,,,,
29,,,,,,,,,,,,,110.0,107.0,103.0,101.0,101.0,99.0,97.0,95.0,94.0,95.0,96.0,98.0
30,101.0,101.0,101.0,101.0,102.0,103.0,104.0,105.0,105.0,105.0,106.0,107.0,108.0,108.0,107.0,106.0,104.0,103.0,101.0,100.0,98.0,96.0,96.0,99.0
31,102.0,105.0,108.0,112.0,114.0,115.0,116.0,116.0,117.0,117.0,116.0,115.0,113.0,111.0,109.0,106.0,104.0,102.0,101.0,98.0,96.0,95.0,96.0,97.0
"
"
February-2021,00:00:00,01:00:00,02:00:00,03:00:00,04:00:00,05:00:00,06:00:00,07:00:00,08:00:00,09:00:00,10:00:00,11:00:00,12:00:00,13:00:00,14:00:00,15:00:00,16:00:00,17:00:00,18:00:00,19:00:00,20:00:00,21:00:00,22:00:00,23:00:00
1,99.0,100.0,100.0,101.0,102.0,103.0,104.0,104.0,105.0,106.0,107.0,107.0,107.0,106.0,106.0,105.0,104.0,102.0,101.0,100.0,99.0,98.0,98.0,98.0
2,99.0,100.0,101.0,102.0,103.0,103.0,104.0,104.0,104.0,104.0,105.0,106.0,106.0,106.0,105.0,103.0,102.0,102.0,100.0,99.0,97.0,96.0,95.0,96.0
3,98.0,100.0,101.0,102.0,103.0,104.0,105.0,106.0,107.0,108.0,109.0,111.0,111.0,110.0,108.0,106.0,104.0,102.0,101.0,99.0,96.0,95.0,96.0,98.0
4,101.0,104.0,106.0,108.0,109.0,110.0,110.0,110.0,109.0,109.0,108.0,108.0,108.0,108.0,107.0,105.0,103.0,102.0,101.0,100.0,98.0,97.0,96.0,98.0
5,100.0,101.0,103.0,104.0,104.0,103.0,102.0,100.0,99.0,99.0,100.0,100.0,101.0,101.0,101.0,100.0,98.0,96.0,94.0,93.0,92.0,92.0,93.0,93.0
6,94.0,95.0,96.0,98.0,100.0,101.0,102.0,102.0,103.0,103.0,104.0,104.0,104.0,104.0,103.0,103.0,102.0,101.0,100.0,97.0,96.0,97.0,99.0,101.0
7,102.0,103.0,104.0,103.0,103.0,102.0,101.0,100.0,98.0,98.0,98.0,99.0,100.0,100.0,100.0,100.0,100.0,98.0,95.0,93.0,92.0,93.0,94.0,97.0
8,100.0,102.0,104.0,105.0,106.0,106.0,105.0,105.0,104.0,104.0,104.0,104.0,104.0,104.0,104.0,103.0,102.0,101.0,100.0,97.0,95.0,94.0,93.0,94.0
9,95.0,97.0,99.0,101.0,103.0,104.0,105.0,105.0,105.0,105.0,105.0,106.0,106.0,105.0,104.0,103.0,102.0,101.0,101.0,100.0,98.0,97.0,96.0,
10,101.0,104.0,109.0,114.0,117.0,120.0,122.0,122.0,,121.0,120.0,119.0,117.0,114.0,111.0,108.0,106.0,104.0,102.0,101.0,101.0,100.0,100.0,101.0
11,102.0,104.0,108.0,111.0,114.0,116.0,118.0,118.0,118.0,118.0,118.0,117.0,116.0,114.0,112.0,109.0,107.0,105.0,103.0,102.0,101.0,100.0,100.0,101.0
12,103.0,105.0,106.0,107.0,109.0,110.0,112.0,,,,,,,,,,,,,,,,,
13,,,,,,,,,,,,,,,,,,,,,,,,
14,,,,,,,,,,,,,,,,,,,,,,,,
15,,,,,,,,,,,,,,,,,,,,,,,,
16,,,,,,,,,,,,,,,,,,,,,,,,
17,,,,,,,,,,,,,,,,,,,,,,,,
18,,,,,,,,,,,,,,,,,,,,,,,,
19,,,,,,,,,,,,,,,,,,,,,,,,
20,,,,,,,,,,,,,,,,,,,,,,,,
21,,,,,,,,,,,,,,,,,,,,,,,,
22,,,,,,,,,,,,,,,,,,,,,,,,
23,,,,,,,,,,,,,,,,,,,,,,,,
24,,,,,,,,,,,,,,,,,,,,,,,,
25,,,,,,,,,,,,,,,,,,,,,,,,
26,,,,,,,,,,,,,,,,,368.0,101.0,78.0,67.0,80.0,68.0,68.0,69.0
27,70.0,69.0,69.0,69.0,,,68.0,70.0,,74.0,,82.0,83.0,85.0,85.0,75.0,78.0,93.0,90.0,90.0,91.0,95.0,97.0,99.0
28,101.0,102.0,102.0,101.0,101.0,100.0,100.0,99.0,100.0,101.0,102.0,103.0,104.0,104.0,104.0,103.0,102.0,101.0,100.0,100.0,100.0,100.0,100.0,101.0
"
"
March-2021,00:00:00,01:00:00,02:00:00,03:00:00,04:00:00,05:00:00,06:00:00,07:00:00,08:00:00,09:00:00,10:00:00,11:00:00,12:00:00,13:00:00,14:00:00,15:00:00,16:00:00,17:00:00,18:00:00,19:00:00,20:00:00,21:00:00,22:00:00,23:00:00
1,102.0,104.0,106.0,107.0,106.0,106.0,105.0,105.0,105.0,106.0,107.0,108.0,108.0,107.0,106.0,101.0,97.0,,343.0,86.0,85.0,86.0,87.0,91.0
2,96.0,101.0,104.0,107.0,108.0,107.0,106.0,105.0,105.0,106.0,107.0,108.0,108.0,107.0,,,,,86.0,88.0,88.0,88.0,88.0,88.0
3,94.0,102.0,105.0,107.0,107.0,105.0,103.0,102.0,101.0,102.0,103.0,104.0,104.0,104.0,103.0,,,,94.0,93.0,92.0,92.0,92.0,92.0
4,92.0,92.0,92.0,92.0,92.0,92.0,92.0,95.0,99.0,101.0,103.0,104.0,105.0,105.0,,,,112.0,108.0,108.0,108.0,108.0,108.0,108.0
5,108.0,108.0,112.0,114.0,114.0,113.0,111.0,110.0,111.0,112.0,113.0,114.0,113.0,111.0,,,,,101.0,102.0,102.0,102.0,102.0,102.0
6,102.0,102.0,102.0,102.0,102.0,102.0,102.0,102.0,102.0,102.0,102.0,102.0,102.0,102.0,102.0,,,,101.0,106.0,106.0,106.0,106.0,106.0
7,106.0,106.0,106.0,106.0,106.0,106.0,106.0,106.0,107.0,108.0,108.0,108.0,108.0,107.0,106.0,106.0,106.0,106.0,106.0,106.0,106.0,106.0,106.0,106.0
8,106.0,106.0,106.0,106.0,106.0,106.0,106.0,106.0,107.0,108.0,110.0,110.0,109.0,107.0,107.0,,,,,,,,,
9,,,,,,,,,,,,,,,121.0,,,,,11.0,,,,
10,,,,,,,,,,,,,,,,,,,,,,,,
11,,,,,,,,,,,,,,,,,,,,,,,,
12,,,,,,,,,,,,,,,,,,,,,,,,
13,,,,,,,,,,,,,,,,,,,,,,,,
14,,,,,,,,,,,,,,,,,,,,,,,,
15,,,,,,,,,,,,,,,,,,,,,,,,
16,,,,,,,,,,,,,,,,,,,,,,,,
17,,,,,,,,,,,,,,,,,,,,,,,,
18,,,,,,,,,,,,,,,,,,,,,,,,
19,,,,,,,,,,,,,,,,,,,,,,,,
20,,,,,,,,,,,,,,,,,,,,,,,,
21,,,,,,,,,,,,,,,,,,,,,,,,
22,,,,,,,,,,,,,,,,,,,,,,,,
23,,,,,,,,,,,,,,,,,,,,,,,,
24,,,,,,,,,,,,,,,,,,,,113.0,113.0,113.0,113.0,113.0
25,113.0,113.0,113.0,113.0,113.0,114.0,114.0,114.0,114.0,114.0,115.0,114.0,113.0,113.0,310.0,325.0,270.0,207.0,,,,,,
26,,,,,,,,,,,,,,,353.0,301.0,283.0,268.0,245.0,213.0,194.0,199.0,161.0,207.0
27,205.0,117.0,115.0,126.0,126.0,126.0,126.0,126.0,126.0,126.0,126.0,126.0,126.0,126.0,126.0,126.0,126.0,126.0,126.0,126.0,126.0,126.0,126.0,126.0
28,126.0,126.0,126.0,126.0,126.0,126.0,126.0,126.0,126.0,126.0,126.0,126.0,126.0,126.0,126.0,126.0,126.0,126.0,126.0,126.0,126.0,126.0,126.0,126.0
29,126.0,126.0,126.0,126.0,126.0,126.0,126.0,126.0,126.0,126.0,126.0,126.0,126.0,126.0,126.0,126.0,126.0,126.0,126.0,126.0,126.0,126.0,126.0,126.0
30,126.0,126.0,126.0,126.0,126.0,126.0,126.0,126.0,126.0,126.0,126.0,126.0,126.0,126.0,126.0,126.0,126.0,126.0,126.0,126.0,126.0,126.0,126.0,126.0
31,126.0,126.0,126.0,126.0,126.0,126.0,126.0,126.0,126.0,126.0,126.0,126.0,126.0,135.0,263.0,143.0,161.0,141.0,216.0,165.0,136.0,132.0,125.0,124.0
"
"
April-2021,00:00:00,01:00:00,02:00:00,03:00:00,04:00:00,05:00:00,06:00:00,07:00:00,08:00:00,09:00:00,10:00:00,11:00:00,12:00:00,13:00:00,14:00:00,15:00:00,16:00:00,17:00:00,18:00:00,19:00:00,20:00:00,21:00:00,22:00:00,23:00:00
1,154,117,114,126,126,126,126,126,126,126,126,126,126,126,126,126,126,129.0,128.0,123.0,123,107,106,105
2,100,100,100,100,100,100,100,100,100,100,100,100,326,261,155,111,161,187.0,201.0,182.0,150,117,127,143
3,112,84,92,107,107,107,107,107,107,107,107,107,107,107,128,161,111,145.0,115.0,107.0,101,103,103,104
4,105,104,108,112,115,120,124,127,129,127,121,106,106,106,106,106,106,,,,106,106,106,106
5,106,106,106,106,106,106,106,106,106,106,106,106,106,106,282,119,111,117.0,155.0,112.0,111,111,112,112
6,114,103,109,114,116,118,120,120,118,118,114,114,114,114,114,114,114,114.0,114.0,114.0,114,114,114,114
7,114,114,114,114,114,114,114,114,114,114,114,114,114,114,187,108,104,101.0,126.0,104.0,100,102,115,100
8,130,132,100,100,100,100,100,100,100,100,94,97,120,121,122,136,133,132.0,132.0,125.0,125,125,125,125
9,125,125,125,125,125,125,125,125,125,125,125,125,144,197,210,162,193,169.0,139.0,162.0,146,134,128,114
10,129,106,106,116,116,116,116,116,116,116,116,116,116,116,116,116,116,116.0,116.0,116.0,116,116,116,116
11,116,116,116,116,116,116,116,116,116,116,116,116,116,116,116,116,116,116.0,116.0,116.0,116,116,116,116
12,116,116,116,116,116,116,116,116,116,116,116,116,116,116,116,116,116,116.0,116.0,116.0,116,116,116,116
13,116,116,116,116,116,116,116,116,116,116,116,116,116,116,116,116,116,116.0,116.0,116.0,116,116,116,116
14,116,116,116,116,116,116,116,116,116,116,116,116,116,116,116,116,116,116.0,116.0,116.0,116,116,116,116
15,116,116,116,116,116,116,116,116,116,116,109,103,111,125,125,125,125,125.0,125.0,125.0,125,125,125,125
16,125,125,125,125,125,125,125,125,125,125,125,104,103,115,108,106,106,106.0,104.0,99.0,94,74,74,74
17,74,74,74,74,74,74,74,74,74,74,74,74,74,74,74,74,74,74.0,74.0,74.0,74,74,74,74
18,74,74,74,74,74,74,74,74,74,74,74,74,74,74,74,74,74,74.0,74.0,74.0,74,74,74,74
19,74,74,74,74,74,74,74,74,74,74,74,74,74,74,74,74,74,74.0,74.0,74.0,74,74,74,74
20,74,74,74,74,74,74,74,74,74,74,74,74,74,74,74,74,74,74.0,74.0,74.0,74,74,74,74
21,74,74,74,74,74,74,74,74,74,74,74,74,90,101,101,94,91,87.0,87.0,87.0,87,87,87,87
22,87,87,87,87,87,87,87,87,87,87,87,87,87,87,87,87,87,,87.0,87.0,87,87,87,87
23,87,87,87,87,87,87,87,87,87,87,87,87,87,87,87,87,87,87.0,87.0,87.0,87,87,87,87
24,87,87,87,87,87,87,87,87,87,87,87,87,87,87,87,87,87,87.0,87.0,87.0,87,87,87,87
25,87,87,87,87,87,87,87,87,87,87,87,87,87,87,87,87,87,87.0,87.0,87.0,87,87,87,87
26,87,87,87,87,87,87,87,87,87,87,87,87,87,87,87,87,87,87.0,87.0,87.0,87,87,87,87
27,87,87,87,87,87,87,87,87,87,87,87,87,87,87,87,87,87,87.0,87.0,87.0,87,87,87,87
28,87,87,87,87,87,87,87,87,87,87,87,87,87,87,87,87,87,87.0,87.0,87.0,87,87,87,87
29,87,87,87,87,87,87,87,87,87,87,87,87,87,87,87,87,87,87.0,87.0,87.0,87,87,87,87
30,87,87,87,87,87,87,87,87,87,87,87,87,87,87,87,87,87,87.0,87.0,87.0,87,87,87,87
"
"
May-2021,00:00:00,01:00:00,02:00:00,03:00:00,04:00:00,05:00:00,06:00:00,07:00:00,08:00:00,09:00:00,10:00:00,11:00:00,12:00:00,13:00:00,14:00:00,15:00:00,16:00:00,17:00:00,18:00:00,19:00:00,20:00:00,21:00:00,22:00:00,23:00:00
1,87.0,87.0,87.0,87.0,87.0,87.0,87.0,87.0,87.0,87.0,87.0,87.0,87.0,87.0,87.0,87.0,87.0,87.0,87.0,87.0,87.0,87.0,87.0,87.0
2,87.0,87.0,87.0,87.0,87.0,87.0,87.0,87.0,87.0,87.0,87.0,87.0,87.0,87.0,87.0,87.0,87.0,87.0,87.0,87.0,87.0,87.0,87.0,87.0
3,87.0,87.0,87.0,87.0,87.0,87.0,87.0,87.0,87.0,87.0,87.0,87.0,87.0,87.0,87.0,87.0,87.0,87.0,87.0,87.0,87.0,87.0,,379.0
4,103.0,,,,168.0,103.0,,,,,,,,,,,,,,,,,,
5,,,,,103.0,,,,,,,,,,,,,,,,,,,
6,,,,114.0,,,,,,,,,,,,,,,,,,,,
7,,,203.0,103.0,,,,,,,,,,,,,,,,,,,,
8,,,,,,112.0,,,,,,,,,,,,,,,,,,
9,,,,,,111.0,,,,,,,,,,,,,,,,,,
10,,,,,183.0,112.0,,,,,,,,,,,,,,,,,,
11,,,,,144.0,,,,,,,,,,,,,,,,,,,
12,,,,,124.0,,,,,,,,,,,,,,,,,,,
13,,,,,165.0,118.0,,,,,,,,,,,,,,,,,,
14,,,,124.0,,,,,,,,,,,,,,,,,,,,
15,,,,191.0,166.0,,,,,,,187.0,,,,,,,,,,,,
16,,,,,,192.0,,,,,,,,,,,,,,,,,,
17,,,,,,,239.0,154.0,,,336.0,103.0,,,203.0,103.0,,312.0,103.0,,,141.0,,
18,,,,,246.0,103.0,,,156.0,,,,175.0,,,,,,152.0,,,,,153.0
19,,,,266.0,103.0,,,380.0,103.0,,,176.0,103.0,,,,,,,,148.0,103.0,,
20,,144.0,,,,161.0,,,,,112.0,,,,,,,,,,,,,
21,,124.0,,,,,159.0,,,,,,,,,,,,,,,,,
22,,174.0,138.0,,,,,124.0,,,,,,,,,,,,,,,,
23,,116.0,,,,,,113.0,,,,,,,,,,,,,,,,
24,,,143.0,,,,,212.0,103.0,,,,,,,,,,,,,,,
25,,,,103.0,,,,,,,,,148.0,122.0,319.0,,,,,,,,,
26,,125.0,,,,,277.0,132.0,,,,,,,,,,,,,,,,
27,,132.0,103.0,,,,,136.0,,,,,,,,,,,,,,,,
28,136.0,103.0,,,,,114.0,,,,,,,,,,,,,,,,,
29,,270.0,103.0,,,,,149.0,103.0,,,,,,,,,,,,,,,
30,,,,,103.0,,,,,,,,,,,,,,,,,,,
31,,,193.0,177.0,,,,,106.0,,,,,,,,,,174.0,103.0,,,,
"
"
June-2021,00:00:00,01:00:00,02:00:00,03:00:00,04:00:00,05:00:00,06:00:00,07:00:00,08:00:00,09:00:00,10:00:00,11:00:00,12:00:00,13:00:00,14:00:00,15:00:00,16:00:00,17:00:00,18:00:00,19:00:00,20:00:00,21:00:00,22:00:00,23:00:00
1,,129.0,,,,,125.0,,,,,,,,,,,,,,,,103.0,103.0
2,,,297.0,103.0,,,293.0,103.0,,,,153.0,220.0,,,,,,,,,,103.0,103.0
3,,,,118.0,,,,111.0,,,,,,,,,,,,,,,,
4,103.0,,,,,105.0,,,,,,,,,,,,,,,,,,
5,202.0,103.0,,,,,110.0,103.0,,,,,,,,,,,,,,10.0,109.0,
6,,,,197.0,103.0,,253.0,107.0,,,140.0,,,,,,,,,,,,139.0,103.0
7,,,,184.0,103.0,,321.0,112.0,,,166.0,103.0,,,,,,,,,152.0,,,
8,256.0,142.0,,,302.0,117.0,,429.0,107.0,,,,186.0,103.0,,,,,255.0,155.0,,,268.0,103.0
9,,,222.0,103.0,,,211.0,103.0,,190.0,103.0,,124.0,103.0,,239.0,103.0,,228.0,103.0,,190.0,103.0,
10,244.0,103.0,,385.0,103.0,,330.0,103.0,,340.0,103.0,,,172.0,103.0,,,335.0,103.0,,,103.0,103.0,
11,217.0,103.0,,,144.0,103.0,,144.0,103.0,,,208.0,103.0,,,129.0,103.0,,157.0,103.0,,191.0,103.0,
12,228.0,103.0,,,194.0,103.0,,138.0,103.0,,154.0,103.0,,188.0,103.0,,,382.0,106.0,,,408.0,103.0,
13,,376.0,103.0,,,376.0,103.0,,,369.0,103.0,,,,,,,,174.0,103.0,,,,
14,128.0,103.0,,,,136.0,103.0,,,,,,,,,,,,,,,,,103.0
15,103.0,,,,,147.0,103.0,,,,140.0,,,103.0,103.0,103.0,,,,,,,,
16,,,,,,,,,,,,,103.0,103.0,103.0,146.0,165.0,63.0,100.0,112.0,103.0,92.0,100.0,101.0
17,103.0,85.0,90.0,103.0,103.0,103.0,103.0,103.0,103.0,103.0,103.0,103.0,53.0,56.0,95.0,114.0,97.0,77.0,70.0,62.0,60.0,59.0,56.0,50.0
18,48.0,47.0,46.0,44.0,49.0,44.0,44.0,45.0,44.0,45.0,39.0,34.0,30.0,36.0,35.0,38.0,40.0,36.0,47.0,36.0,31.0,42.0,36.0,50.0
19,38.0,39.0,37.0,30.0,35.0,34.0,25.0,37.0,25.0,34.0,32.0,37.0,35.0,51.0,34.0,39.0,37.0,31.0,42.0,32.0,35.0,31.0,37.0,32.0
20,36.0,38.0,47.0,39.0,56.0,34.0,46.0,24.0,23.0,24.0,38.0,44.0,38.0,30.0,48.0,23.0,23.0,57.0,38.0,23.0,23.0,32.0,23.0,45.0
21,23.0,37.0,47.0,52.0,48.0,41.0,25.0,42.0,25.0,25.0,62.0,33.0,32.0,47.0,45.0,53.0,45.0,48.0,59.0,56.0,41.0,49.0,50.0,41.0
22,53.0,43.0,44.0,44.0,46.0,46.0,40.0,45.0,46.0,40.0,58.0,42.0,51.0,45.0,62.0,45.0,59.0,43.0,46.0,51.0,44.0,40.0,57.0,47.0
23,44.0,46.0,45.0,49.0,44.0,43.0,41.0,47.0,46.0,44.0,50.0,42.0,56.0,145.0,175.0,148.0,170.0,102.0,112.0,94.0,99.0,97.0,101.0,102.0
24,103.0,103.0,105.0,105.0,105.0,103.0,104.0,101.0,101.0,102.0,102.0,102.0,102.0,105.0,105.0,104.0,105.0,102.0,102.0,101.0,101.0,102.0,101.0,101.0
25,103.0,107.0,106.0,105.0,105.0,104.0,103.0,100.0,101.0,101.0,102.0,101.0,106.0,109.0,287.0,130.0,185.0,153.0,163.0,134.0,117.0,103.0,102.0,120.0
26,102.0,104.0,105.0,105.0,104.0,103.0,106.0,,103.0,144.0,102.0,100.0,,79.0,74.0,90.0,59.0,,118.0,96.0,102.0,103.0,104.0,
27,103.0,105.0,105.0,104.0,101.0,105.0,104.0,102.0,102.0,102.0,99.0,97.0,106.0,101.0,105.0,101.0,105.0,108.0,105.0,101.0,101.0,101.0,102.0,102.0
28,105.0,105.0,105.0,105.0,105.0,104.0,102.0,102.0,155.0,103.0,101.0,102.0,103.0,102.0,104.0,104.0,103.0,103.0,102.0,101.0,102.0,102.0,102.0,104.0
29,105.0,104.0,105.0,106.0,,105.0,102.0,101.0,129.0,101.0,100.0,103.0,103.0,104.0,103.0,105.0,101.0,101.0,99.0,101.0,102.0,104.0,104.0,105.0
30,103.0,105.0,108.0,105.0,104.0,104.0,102.0,100.0,130.0,102.0,101.0,102.0,103.0,104.0,99.0,102.0,103.0,104.0,104.0,104.0,105.0,103.0,103.0,103.0
"
"
July-2021,00:00:00,01:00:00,02:00:00,03:00:00,04:00:00,05:00:00,06:00:00,07:00:00,08:00:00,09:00:00,10:00:00,11:00:00,12:00:00,13:00:00,14:00:00,15:00:00,16:00:00,17:00:00,18:00:00,19:00:00,20:00:00,21:00:00,22:00:00,23:00:00
1,105.0,105.0,108.0,103.0,105.0,103.0,103.0,102.0,102.0,100.0,101.0,101.0,101.0,55.0,276.0,119.0,160.0,172.0,106.0,90.0,101.0,102.0,103.0,103.0
2,104.0,105.0,105.0,105.0,104.0,103.0,103.0,102.0,102.0,101.0,99.0,101.0,103.0,104.0,103.0,103.0,103.0,102.0,100.0,102.0,103.0,102.0,104.0,104.0
3,104.0,105.0,105.0,105.0,104.0,103.0,102.0,101.0,105.0,99.0,102.0,102.0,102.0,103.0,104.0,104.0,104.0,102.0,100.0,102.0,103.0,103.0,102.0,104.0
4,105.0,103.0,105.0,105.0,106.0,104.0,103.0,101.0,105.0,102.0,99.0,101.0,103.0,103.0,104.0,103.0,103.0,102.0,102.0,103.0,101.0,103.0,104.0,109.0
5,104.0,106.0,105.0,105.0,105.0,102.0,101.0,101.0,102.0,103.0,101.0,104.0,103.0,104.0,104.0,104.0,105.0,101.0,102.0,101.0,103.0,107.0,103.0,105.0
6,111.0,118.0,125.0,132.0,140.0,144.0,151.0,156.0,164.0,169.0,159.0,141.0,132.0,120.0,108.0,103.0,110.0,103.0,102.0,101.0,101.0,103.0,105.0,111.0
7,122.0,133.0,145.0,152.0,157.0,156.0,161.0,168.0,170.0,158.0,145.0,134.0,122.0,107.0,104.0,104.0,105.0,103.0,102.0,102.0,109.0,102.0,102.0,108.0
8,115.0,118.0,121.0,124.0,126.0,128.0,129.0,133.0,135.0,135.0,131.0,152.0,226.0,121.0,93.0,263.0,142.0,119.0,250.0,145.0,138.0,151.0,166.0,177.0
9,173.0,182.0,177.0,183.0,237.0,199.0,201.0,164.0,153.0,152.0,138.0,127.0,121.0,116.0,123.0,103.0,103.0,103.0,103.0,103.0,104.0,130.0,142.0,170.0
10,189.0,168.0,103.0,103.0,103.0,103.0,103.0,130.0,182.0,173.0,185.0,141.0,121.0,154.0,188.0,168.0,124.0,110.0,112.0,128.0,137.0,142.0,166.0,120.0
11,149.0,166.0,157.0,181.0,213.0,210.0,221.0,206.0,275.0,103.0,263.0,244.0,216.0,148.0,127.0,130.0,127.0,103.0,103.0,103.0,116.0,180.0,207.0,170.0
12,124.0,131.0,183.0,230.0,273.0,103.0,103.0,103.0,244.0,141.0,103.0,103.0,103.0,103.0,103.0,103.0,103.0,103.0,103.0,103.0,103.0,103.0,103.0,103.0
13,103.0,103.0,103.0,103.0,103.0,103.0,103.0,114.0,127.0,103.0,103.0,103.0,103.0,103.0,103.0,103.0,103.0,103.0,103.0,103.0,103.0,103.0,103.0,103.0
14,103.0,103.0,103.0,103.0,103.0,103.0,103.0,103.0,103.0,103.0,103.0,103.0,103.0,103.0,103.0,103.0,103.0,103.0,103.0,103.0,103.0,103.0,103.0,103.0
15,103.0,103.0,103.0,103.0,107.0,136.0,139.0,104.0,111.0,,,,,,,,,,,,,,,
16,,,,,,,,,,,,,,200.0,263.0,167.0,173.0,101.0,101.0,102.0,101.0,100.0,101.0,103.0
17,103.0,88.0,91.0,103.0,103.0,103.0,103.0,103.0,103.0,103.0,103.0,103.0,103.0,103.0,103.0,103.0,103.0,103.0,103.0,103.0,103.0,103.0,103.0,103.0
18,103.0,92.0,91.0,103.0,103.0,103.0,103.0,103.0,103.0,103.0,103.0,103.0,103.0,103.0,103.0,103.0,103.0,103.0,103.0,103.0,103.0,103.0,103.0,103.0
19,103.0,103.0,103.0,103.0,103.0,103.0,103.0,103.0,103.0,103.0,103.0,103.0,103.0,103.0,103.0,103.0,103.0,103.0,103.0,103.0,103.0,103.0,103.0,103.0
20,103.0,103.0,103.0,103.0,103.0,103.0,103.0,103.0,103.0,103.0,103.0,103.0,103.0,103.0,103.0,103.0,103.0,103.0,103.0,103.0,103.0,103.0,103.0,103.0
21,103.0,103.0,103.0,103.0,103.0,103.0,103.0,103.0,103.0,103.0,103.0,103.0,103.0,103.0,103.0,103.0,103.0,103.0,103.0,103.0,103.0,103.0,103.0,103.0
22,103.0,103.0,103.0,103.0,103.0,103.0,103.0,103.0,103.0,103.0,103.0,103.0,103.0,103.0,103.0,103.0,103.0,103.0,103.0,103.0,103.0,103.0,103.0,103.0
23,103.0,103.0,103.0,103.0,103.0,103.0,103.0,103.0,103.0,103.0,103.0,103.0,103.0,103.0,103.0,103.0,103.0,103.0,103.0,103.0,103.0,103.0,103.0,103.0
24,103.0,103.0,103.0,103.0,103.0,103.0,103.0,103.0,103.0,103.0,103.0,103.0,103.0,103.0,103.0,103.0,103.0,103.0,103.0,103.0,103.0,103.0,103.0,103.0
25,103.0,120.0,112.0,107.0,106.0,104.0,102.0,103.0,69.0,103.0,103.0,103.0,103.0,103.0,103.0,103.0,103.0,103.0,103.0,103.0,103.0,103.0,103.0,103.0
26,103.0,103.0,,,,,,,,,,,,,,,,193.0,198.0,212.0,225.0,235.0,238.0,246.0
27,261.0,270.0,91.0,103.0,103.0,103.0,103.0,103.0,103.0,103.0,103.0,103.0,278.0,256.0,235.0,211.0,202.0,214.0,216.0,217.0,236.0,229.0,225.0,229.0
28,239.0,240.0,261.0,269.0,268.0,278.0,103.0,103.0,103.0,273.0,275.0,103.0,261.0,244.0,228.0,211.0,201.0,197.0,198.0,204.0,217.0,229.0,224.0,218.0
29,232.0,239.0,257.0,259.0,254.0,256.0,261.0,273.0,279.0,271.0,271.0,262.0,251.0,239.0,226.0,213.0,209.0,207.0,215.0,229.0,236.0,246.0,252.0,264.0
30,268.0,279.0,278.0,103.0,103.0,103.0,103.0,103.0,103.0,103.0,103.0,103.0,277.0,268.0,260.0,245.0,233.0,223.0,223.0,232.0,237.0,244.0,266.0,278.0
31,279.0,279.0,90.0,278.0,103.0,103.0,103.0,103.0,103.0,277.0,272.0,260.0,257.0,236.0,207.0,190.0,184.0,177.0,183.0,192.0,204.0,224.0,237.0,248.0
"
"
August-2021,00:00:00,01:00:00,02:00:00,03:00:00,04:00:00,05:00:00,06:00:00,07:00:00,08:00:00,09:00:00,10:00:00,11:00:00,12:00:00,13:00:00,14:00:00,15:00:00,16:00:00,17:00:00,18:00:00,19:00:00,20:00:00,21:00:00,22:00:00,23:00:00
1,255.0,270.0,269.0,272.0,276.0,268.0,267.0,273.0,103.0,103.0,276.0,266.0,236,199,192.0,188.0,186.0,187.0,189.0,190.0,199.0,231.0,252.0,262.0
2,268.0,259.0,271.0,274.0,275.0,277.0,103.0,103.0,103.0,103.0,278.0,194.0,103,103,103.0,103.0,103.0,103.0,103.0,103.0,103.0,103.0,103.0,103.0
3,103.0,151.0,108.0,103.0,103.0,103.0,103.0,103.0,103.0,103.0,103.0,103.0,103,103,103.0,103.0,103.0,103.0,103.0,103.0,103.0,111.0,109.0,105.0
4,108.0,116.0,111.0,119.0,126.0,131.0,144.0,150.0,143.0,126.0,109.0,103.0,103,103,103.0,103.0,103.0,103.0,103.0,103.0,103.0,103.0,103.0,103.0
5,103.0,103.0,103.0,103.0,103.0,103.0,103.0,108.0,127.0,121.0,111.0,103.0,139,173,150.0,139.0,187.0,128.0,192.0,102.0,103.0,244.0,139.0,102.0
6,102.0,96.0,103.0,103.0,103.0,103.0,103.0,103.0,103.0,103.0,103.0,103.0,103,103,187.0,134.0,113.0,126.0,100.0,100.0,100.0,99.0,101.0,102.0
7,102.0,104.0,104.0,104.0,104.0,102.0,102.0,101.0,101.0,101.0,102.0,103.0,105,109,134.0,112.0,103.0,122.0,10.0,211.0,41.0,75.0,55.0,112.0
8,93.0,105.0,157.0,106.0,106.0,102.0,189.0,276.0,261.0,228.0,197.0,182.0,166,157,,,,,,,,,,
9,,,,,,,,,,,,,131,142,181.0,201.0,259.0,115.0,112.0,105.0,103.0,125.0,101.0,102.0
10,104.0,104.0,104.0,104.0,104.0,114.0,102.0,102.0,101.0,150.0,102.0,103.0,104,105,107.0,274.0,256.0,238.0,228.0,228.0,225.0,247.0,278.0,121.0
11,112.0,103.0,104.0,104.0,105.0,104.0,103.0,102.0,101.0,100.0,155.0,102.0,280,14,13.0,182.0,114.0,111.0,106.0,103.0,102.0,100.0,102.0,102.0
12,102.0,104.0,104.0,104.0,103.0,103.0,102.0,102.0,102.0,102.0,102.0,103.0,105,76,278.0,108.0,165.0,106.0,103.0,151.0,100.0,101.0,100.0,102.0
13,103.0,105.0,143.0,104.0,104.0,102.0,128.0,102.0,101.0,102.0,103.0,104.0,104,105,106.0,105.0,105.0,105.0,103.0,100.0,99.0,153.0,101.0,138.0
14,103.0,104.0,105.0,104.0,104.0,103.0,101.0,101.0,101.0,101.0,124.0,181.0,104,126,200.0,117.0,127.0,102.0,141.0,101.0,89.0,57.0,90.0,102.0
15,102.0,105.0,104.0,105.0,122.0,123.0,120.0,102.0,101.0,102.0,202.0,105.0,198,109,136.0,102.0,103.0,114.0,110.0,95.0,111.0,85.0,119.0,104.0
16,102.0,104.0,105.0,108.0,108.0,107.0,96.0,99.0,103.0,99.0,139.0,177.0,131,110,101.0,97.0,85.0,114.0,88.0,87.0,91.0,103.0,103.0,103.0
17,105.0,106.0,106.0,106.0,107.0,104.0,103.0,109.0,101.0,118.0,104.0,135.0,102,105,105.0,104.0,104.0,104.0,103.0,101.0,101.0,104.0,129.0,106.0
18,105.0,106.0,107.0,105.0,105.0,100.0,103.0,104.0,103.0,163.0,216.0,102.0,103,104,117.0,92.0,110.0,100.0,104.0,104.0,105.0,107.0,107.0,106.0
19,107.0,116.0,105.0,107.0,106.0,106.0,130.0,136.0,111.0,115.0,113.0,142.0,121,94,153.0,103.0,100.0,89.0,98.0,97.0,92.0,93.0,95.0,98.0
20,102.0,101.0,106.0,106.0,121.0,106.0,102.0,104.0,105.0,98.0,151.0,156.0,101,104,104.0,117.0,124.0,103.0,100.0,100.0,95.0,98.0,100.0,101.0
21,105.0,105.0,103.0,104.0,101.0,104.0,101.0,103.0,100.0,100.0,102.0,102.0,142,140,104.0,104.0,102.0,109.0,,,99.0,97.0,102.0,100.0
22,103.0,106.0,105.0,105.0,108.0,102.0,98.0,102.0,101.0,142.0,102.0,104.0,108,109,103.0,102.0,103.0,104.0,115.0,99.0,93.0,117.0,116.0,125.0
23,137.0,100.0,153.0,122.0,98.0,94.0,125.0,153.0,127.0,115.0,130.0,272.0,147,109,106.0,104.0,113.0,146.0,96.0,86.0,85.0,82.0,67.0,59.0
24,120.0,122.0,121.0,113.0,112.0,109.0,106.0,107.0,107.0,106.0,104.0,102.0,155,154,87.0,132.0,82.0,425.0,124.0,105.0,101.0,99.0,99.0,101.0
25,102.0,104.0,103.0,104.0,105.0,102.0,102.0,126.0,111.0,112.0,112.0,108.0,108,104,106.0,106.0,104.0,93.0,109.0,102.0,96.0,96.0,99.0,105.0
26,107.0,108.0,106.0,102.0,104.0,106.0,104.0,102.0,114.0,118.0,105.0,87.0,90,107,102.0,166.0,286.0,108.0,97.0,93.0,95.0,99.0,101.0,106.0
27,108.0,108.0,108.0,107.0,106.0,106.0,106.0,106.0,108.0,110.0,104.0,104.0,112,103,103.0,108.0,108.0,105.0,95.0,92.0,133.0,105.0,104.0,105.0
28,107.0,106.0,110.0,107.0,101.0,104.0,103.0,119.0,134.0,117.0,83.0,68.0,89,102,107.0,106.0,110.0,105.0,95.0,129.0,101.0,146.0,102.0,108.0
29,105.0,106.0,105.0,112.0,106.0,104.0,116.0,110.0,108.0,100.0,105.0,122.0,108,100,81.0,90.0,108.0,104.0,103.0,120.0,109.0,98.0,111.0,107.0
30,108.0,103.0,104.0,116.0,107.0,102.0,105.0,101.0,97.0,128.0,105.0,109.0,109,102,155.0,97.0,101.0,104.0,102.0,100.0,113.0,99.0,106.0,104.0
31,105.0,106.0,171.0,107.0,105.0,106.0,108.0,106.0,105.0,106.0,115.0,101.0,102,105,107.0,108.0,253.0,107.0,104.0,101.0,99.0,104.0,104.0,107.0
"
"
September-2021,00:00:00,01:00:00,02:00:00,03:00:00,04:00:00,05:00:00,06:00:00,07:00:00,08:00:00,09:00:00,10:00:00,11:00:00,12:00:00,13:00:00,14:00:00,15:00:00,16:00:00,17:00:00,18:00:00,19:00:00,20:00:00,21:00:00,22:00:00,23:00:00
1,106.0,105.0,105.0,103.0,102.0,107.0,102.0,98.0,102.0,102.0,101.0,130.0,165.0,106.0,59.0,98.0,109.0,97.0,98.0,93.0,101.0,113.0,99.0,107.0
2,165.0,104.0,103.0,102.0,105.0,105.0,104.0,106.0,129.0,110.0,104.0,95.0,104.0,237.0,89.0,117.0,117.0,113.0,101.0,92.0,95.0,94.0,106.0,102.0
3,97.0,100.0,103.0,103.0,103.0,103.0,104.0,101.0,103.0,105.0,111.0,104.0,106.0,108.0,103.0,92.0,105.0,106.0,103.0,101.0,98.0,101.0,103.0,106.0
4,102.0,105.0,104.0,102.0,100.0,102.0,100.0,96.0,121.0,106.0,163.0,163.0,146.0,103.0,103.0,103.0,103.0,103.0,103.0,103.0,114.0,103.0,103.0,103.0
5,103.0,103.0,103.0,103.0,103.0,103.0,126.0,103.0,103.0,103.0,199.0,103.0,103.0,103.0,103.0,103.0,103.0,103.0,103.0,103.0,103.0,103.0,103.0,103.0
6,103.0,123.0,103.0,103.0,103.0,103.0,103.0,103.0,103.0,103.0,139.0,103.0,103.0,103.0,103.0,103.0,103.0,103.0,103.0,103.0,110.0,103.0,106.0,103.0
7,103.0,103.0,103.0,103.0,103.0,103.0,103.0,103.0,103.0,103.0,103.0,103.0,103.0,103.0,103.0,103.0,103.0,103.0,103.0,103.0,103.0,103.0,103.0,103.0
8,113.0,116.0,103.0,103.0,103.0,103.0,103.0,103.0,103.0,103.0,103.0,103.0,103.0,103.0,103.0,103.0,103.0,103.0,103.0,103.0,103.0,103.0,149.0,103.0
9,103.0,103.0,103.0,103.0,103.0,103.0,103.0,103.0,103.0,103.0,103.0,103.0,103.0,103.0,103.0,103.0,179.0,103.0,103.0,103.0,103.0,103.0,103.0,103.0
10,103.0,103.0,103.0,103.0,103.0,103.0,103.0,103.0,103.0,103.0,103.0,103.0,103.0,116.0,103.0,103.0,103.0,103.0,103.0,103.0,103.0,103.0,103.0,103.0
11,103.0,103.0,103.0,103.0,103.0,103.0,103.0,103.0,103.0,103.0,108.0,103.0,103.0,103.0,103.0,103.0,103.0,103.0,103.0,103.0,158.0,103.0,103.0,103.0
12,103.0,103.0,103.0,103.0,103.0,103.0,103.0,103.0,103.0,103.0,103.0,103.0,103.0,103.0,117.0,103.0,103.0,103.0,103.0,103.0,103.0,103.0,103.0,103.0
13,103.0,103.0,103.0,103.0,103.0,103.0,103.0,118.0,103.0,103.0,103.0,103.0,103.0,103.0,103.0,103.0,103.0,103.0,103.0,103.0,103.0,103.0,103.0,103.0
14,138.0,103.0,103.0,103.0,103.0,103.0,103.0,137.0,103.0,103.0,103.0,103.0,103.0,103.0,110.0,179.0,103.0,103.0,103.0,103.0,103.0,103.0,103.0,103.0
15,103.0,103.0,103.0,103.0,103.0,103.0,103.0,103.0,103.0,103.0,103.0,103.0,103.0,103.0,103.0,103.0,103.0,103.0,103.0,103.0,103.0,103.0,103.0,103.0
16,103.0,103.0,103.0,103.0,103.0,103.0,103.0,103.0,103.0,103.0,103.0,103.0,103.0,103.0,103.0,103.0,152.0,103.0,103.0,103.0,103.0,103.0,103.0,103.0
17,103.0,103.0,103.0,103.0,103.0,103.0,103.0,103.0,103.0,103.0,103.0,103.0,107.0,,,,,,,,,,,
18,,,,,,,,,,,,,,,,,,115.0,237.0,117.0,104.0,98.0,97.0,100.0
19,102.0,114.0,101.0,100.0,97.0,94.0,90.0,88.0,91.0,246.0,189.0,159.0,106.0,111.0,112.0,113.0,113.0,110.0,108.0,157.0,189.0,249.0,98.0,98.0
20,100.0,102.0,102.0,99.0,100.0,99.0,96.0,95.0,96.0,98.0,100.0,101.0,101.0,213.0,142.0,113.0,112.0,110.0,144.0,196.0,238.0,251.0,96.0,100.0
21,102.0,101.0,103.0,105.0,103.0,100.0,99.0,266.0,242.0,203.0,147.0,101.0,105.0,106.0,109.0,109.0,107.0,106.0,102.0,99.0,98.0,93.0,97.0,134.0
22,151.0,155.0,150.0,138.0,130.0,139.0,129.0,126.0,138.0,139.0,101.0,103.0,106.0,109.0,111.0,109.0,107.0,104.0,101.0,100.0,98.0,107.0,151.0,200.0
23,265.0,105.0,104.0,102.0,103.0,102.0,98.0,96.0,97.0,258.0,189.0,159.0,120.0,109.0,115.0,115.0,113.0,113.0,109.0,105.0,101.0,99.0,121.0,153.0
24,183.0,275.0,105.0,103.0,101.0,96.0,96.0,98.0,97.0,97.0,101.0,244.0,161.0,108.0,110.0,109.0,110.0,109.0,110.0,106.0,101.0,97.0,98.0,104.0
25,108.0,120.0,156.0,166.0,143.0,136.0,136.0,142.0,180.0,178.0,184.0,186.0,180.0,143.0,113.0,113.0,113.0,111.0,107.0,103.0,102.0,125.0,153.0,177.0
26,232.0,249.0,221.0,240.0,251.0,102.0,101.0,99.0,98.0,98.0,270.0,201.0,157.0,121.0,120.0,116.0,105.0,104.0,102.0,119.0,112.0,109.0,121.0,120.0
27,132.0,155.0,155.0,152.0,159.0,187.0,247.0,264.0,101.0,102.0,221.0,148.0,110.0,108.0,107.0,109.0,113.0,108.0,121.0,127.0,133.0,148.0,150.0,137.0
28,151.0,165.0,198.0,254.0,269.0,102.0,102.0,275.0,277.0,240.0,193.0,163.0,112.0,109.0,109.0,109.0,110.0,106.0,102.0,101.0,100.0,98.0,108.0,132.0
29,135.0,127.0,109.0,106.0,104.0,102.0,100.0,100.0,98.0,96.0,101.0,102.0,106.0,109.0,110.0,110.0,109.0,106.0,104.0,103.0,101.0,117.0,153.0,175.0
30,193.0,203.0,237.0,108.0,104.0,101.0,97.0,93.0,277.0,239.0,186.0,129.0,106.0,110.0,110.0,110.0,109.0,108.0,105.0,107.0,154.0,194.0,237.0,249.0
"
"
October-2021,00:00:00,01:00:00,02:00:00,03:00:00,04:00:00,05:00:00,06:00:00,07:00:00,08:00:00,09:00:00,10:00:00,11:00:00,12:00:00,13:00:00,14:00:00,15:00:00,16:00:00,17:00:00,18:00:00,19:00:00,20:00:00,21:00:00,22:00:00,23:00:00
1,275.0,105.0,107.0,106.0,104.0,102.0,101.0,99.0,97.0,97.0,100.0,105.0,107.0,112.0,113.0,264.0,228.0,232.0,259.0,106.0,102.0,102.0,93.0,101.0
2,102.0,105.0,105.0,104.0,103.0,101.0,100.0,97.0,100.0,96.0,97.0,104.0,108.0,113.0,114.0,269.0,258.0,272.0,110.0,105.0,104.0,101.0,101.0,100.0
3,102.0,101.0,104.0,104.0,102.0,99.0,98.0,100.0,94.0,,99.0,99.0,,,116.0,,119.0,116.0,109.0,104.0,105.0,101.0,98.0,
4,101.0,,,102.0,97.0,102.0,,97.0,100.0,99.0,101.0,104.0,110.0,114.0,115.0,116.0,116.0,116.0,106.0,103.0,100.0,97.0,92.0,101.0
5,101.0,102.0,98.0,98.0,101.0,99.0,98.0,99.0,100.0,97.0,94.0,101.0,107.0,114.0,115.0,116.0,114.0,114.0,110.0,100.0,98.0,99.0,97.0,97.0
6,101.0,100.0,101.0,102.0,97.0,98.0,93.0,93.0,90.0,93.0,92.0,103.0,108.0,113.0,116.0,117.0,116.0,111.0,110.0,99.0,97.0,97.0,100.0,107.0
7,106.0,101.0,98.0,98.0,99.0,97.0,93.0,94.0,96.0,97.0,95.0,99.0,107.0,112.0,115.0,116.0,112.0,110.0,108.0,101.0,101.0,103.0,99.0,96.0
8,100.0,101.0,102.0,102.0,101.0,99.0,94.0,93.0,93.0,94.0,93.0,102.0,116.0,120.0,,,,,,,,,,
9,,,,,,,,,,,,104.0,87.0,159.0,161.0,63.0,63.0,77.0,86.0,92.0,97.0,99.0,100.0,102.0
10,103.0,104.0,105.0,105.0,104.0,102.0,101.0,100.0,100.0,99.0,101.0,104.0,105.0,107.0,108.0,107.0,107.0,103.0,101.0,101.0,98.0,98.0,100.0,102.0
11,105.0,106.0,106.0,105.0,105.0,103.0,100.0,100.0,100.0,98.0,101.0,104.0,107.0,109.0,108.0,109.0,106.0,103.0,96.0,94.0,100.0,98.0,102.0,105.0
12,103.0,106.0,104.0,106.0,103.0,102.0,101.0,101.0,101.0,99.0,101.0,103.0,107.0,107.0,107.0,107.0,104.0,103.0,99.0,100.0,99.0,95.0,105.0,104.0
13,103.0,104.0,105.0,105.0,103.0,102.0,102.0,100.0,100.0,100.0,103.0,104.0,106.0,107.0,107.0,107.0,106.0,103.0,101.0,101.0,99.0,99.0,101.0,103.0
14,104.0,105.0,104.0,105.0,105.0,102.0,102.0,100.0,101.0,101.0,101.0,169.0,152.0,124.0,122.0,122.0,119.0,109.0,92.0,79.0,79.0,85.0,97.0,104.0
15,106.0,105.0,105.0,105.0,104.0,101.0,102.0,100.0,99.0,100.0,273.0,198.0,151.0,111.0,114.0,114.0,112.0,108.0,104.0,132.0,168.0,192.0,223.0,220.0
16,204.0,197.0,197.0,191.0,198.0,207.0,226.0,237.0,246.0,245.0,199.0,153.0,120.0,114.0,116.0,115.0,113.0,111.0,106.0,102.0,120.0,137.0,159.0,191.0
17,195.0,197.0,188.0,180.0,168.0,188.0,190.0,194.0,190.0,172.0,130.0,106.0,113.0,118.0,119.0,118.0,115.0,110.0,110.0,144.0,165.0,174.0,181.0,187.0
18,188.0,189.0,197.0,196.0,185.0,173.0,165.0,159.0,151.0,125.0,97.0,103.0,111.0,114.0,116.0,116.0,113.0,109.0,106.0,103.0,115.0,123.0,131.0,132.0
19,134.0,133.0,136.0,146.0,155.0,167.0,222.0,273.0,272.0,223.0,168.0,133.0,110.0,114.0,115.0,116.0,115.0,112.0,107.0,113.0,125.0,134.0,139.0,142.0
20,143.0,142.0,148.0,161.0,160.0,155.0,149.0,149.0,154.0,146.0,118.0,105.0,112.0,116.0,118.0,117.0,116.0,112.0,108.0,104.0,102.0,111.0,124.0,140.0
21,144.0,145.0,141.0,145.0,143.0,143.0,138.0,140.0,139.0,144.0,132.0,,,,,,,,,,,,,
22,,,,,,,,,,,,,,,,,,,,,,,,
23,,,,,,,,,,,,,,,,,,,,,,,,
24,,,,,,,,,,,,,,,,,,,,,,,,
25,,,,,,,,,,,,,,,,,,,,,,,,
26,,,,,,,,,,,,,,,,,,,,,,,,
27,,,,,,,,,,,,,,,,,,,,,,,,
28,,,,,,,,,,,,,,,,,,,,,,,,
29,,,,,,,,,,,,112.0,103.0,136.0,172.0,236.0,103.0,103.0,103.0,103.0,103.0,103.0,103.0,103.0
30,103.0,103.0,103.0,103.0,103.0,270.0,244.0,217.0,198.0,184.0,167.0,151.0,150.0,159.0,167.0,184.0,213.0,252.0,273.0,103.0,103.0,103.0,103.0,103.0
31,103.0,103.0,103.0,103.0,103.0,103.0,103.0,103.0,277.0,272.0,260.0,255.0,265.0,279.0,103.0,103.0,103.0,103.0,103.0,103.0,103.0,103.0,103.0,103.0
"
"
November-2021,00:00:00,01:00:00,02:00:00,03:00:00,04:00:00,05:00:00,06:00:00,07:00:00,08:00:00,09:00:00,10:00:00,11:00:00,12:00:00,13:00:00,14:00:00,15:00:00,16:00:00,17:00:00,18:00:00,19:00:00,20:00:00,21:00:00,22:00:00,23:00:00
1,103.0,103,103,103,103.0,103.0,103.0,103.0,103.0,103,103,103.0,103.0,103.0,103.0,103.0,103.0,103.0,103.0,103.0,103.0,103.0,103.0,103.0
2,103.0,103,103,103,103.0,103.0,103.0,103.0,103.0,103,103,103.0,103.0,103.0,103.0,103.0,103.0,103.0,103.0,103.0,103.0,103.0,103.0,103.0
3,103.0,103,103,103,103.0,103.0,103.0,103.0,103.0,103,103,103.0,103.0,103.0,103.0,103.0,103.0,103.0,103.0,103.0,103.0,103.0,103.0,103.0
4,103.0,103,103,103,103.0,103.0,103.0,103.0,103.0,103,103,103.0,103.0,103.0,103.0,103.0,103.0,103.0,103.0,103.0,103.0,103.0,103.0,103.0
5,103.0,103,103,103,103.0,103.0,103.0,103.0,103.0,103,103,103.0,103.0,103.0,103.0,103.0,103.0,,103.0,103.0,103.0,103.0,103.0,103.0
6,103.0,103,103,103,103.0,103.0,103.0,103.0,103.0,103,103,103.0,103.0,103.0,103.0,103.0,103.0,103.0,103.0,103.0,103.0,103.0,103.0,103.0
7,103.0,103,103,103,103.0,103.0,103.0,103.0,103.0,103,103,103.0,103.0,103.0,103.0,103.0,103.0,103.0,103.0,103.0,103.0,103.0,103.0,103.0
8,103.0,103,103,103,103.0,103.0,103.0,103.0,103.0,103,103,103.0,103.0,103.0,103.0,103.0,,103.0,103.0,103.0,103.0,103.0,103.0,103.0
9,103.0,103,103,103,103.0,103.0,103.0,103.0,103.0,103,103,103.0,103.0,103.0,103.0,103.0,,,103.0,103.0,103.0,103.0,103.0,103.0
10,103.0,103,103,103,103.0,103.0,103.0,103.0,103.0,103,103,103.0,103.0,103.0,103.0,103.0,,,103.0,103.0,103.0,103.0,103.0,103.0
11,103.0,103,103,103,103.0,103.0,103.0,103.0,103.0,103,103,103.0,103.0,103.0,103.0,,,,103.0,103.0,103.0,103.0,103.0,103.0
12,103.0,103,103,103,103.0,103.0,103.0,103.0,103.0,103,103,103.0,103.0,103.0,103.0,,,103.0,103.0,172.0,103.0,103.0,103.0,125.0
13,103.0,103,103,103,103.0,103.0,103.0,103.0,103.0,103,103,109.0,,,,,103.0,103.0,103.0,103.0,103.0,103.0,103.0,103.0
14,103.0,103,103,103,103.0,103.0,103.0,103.0,103.0,103,103,,,,,,103.0,103.0,103.0,103.0,103.0,,103.0,103.0
15,103.0,103,103,103,103.0,103.0,103.0,103.0,103.0,103,103,,103.0,103.0,103.0,103.0,103.0,103.0,103.0,103.0,103.0,103.0,103.0,103.0
16,103.0,103,103,103,103.0,103.0,103.0,263.0,179.0,127,103,113.0,206.0,178.0,104.0,104.0,104.0,104.0,104.0,104.0,104.0,104.0,104.0,104.0
17,104.0,114,103,103,103.0,103.0,103.0,103.0,103.0,103,103,103.0,103.0,103.0,103.0,103.0,103.0,103.0,103.0,103.0,103.0,103.0,103.0,103.0
18,103.0,103,103,103,103.0,103.0,103.0,103.0,103.0,103,103,103.0,103.0,103.0,103.0,103.0,103.0,103.0,103.0,179.0,220.0,249.0,103.0,103.0
19,103.0,103,103,103,103.0,103.0,103.0,103.0,103.0,103,103,103.0,103.0,,,,103.0,103.0,103.0,103.0,103.0,103.0,103.0,103.0
20,103.0,103,103,103,103.0,103.0,103.0,103.0,103.0,103,103,103.0,103.0,,,,,,103.0,103.0,103.0,103.0,103.0,103.0
21,103.0,103,103,103,103.0,103.0,,,103.0,103,103,103.0,103.0,,,,103.0,103.0,103.0,103.0,103.0,103.0,103.0,103.0
22,103.0,103,103,103,103.0,103.0,103.0,103.0,103.0,103,103,103.0,,,,,,,,103.0,103.0,103.0,103.0,103.0
23,103.0,103,103,103,103.0,103.0,103.0,103.0,103.0,103,103,103.0,70.0,103.0,103.0,103.0,103.0,103.0,103.0,103.0,103.0,103.0,103.0,103.0
24,103.0,103,103,103,103.0,103.0,103.0,103.0,103.0,103,103,103.0,103.0,103.0,103.0,103.0,103.0,103.0,103.0,103.0,103.0,103.0,103.0,103.0
25,103.0,103,103,103,103.0,103.0,103.0,103.0,103.0,103,103,,103.0,103.0,103.0,103.0,103.0,103.0,103.0,103.0,103.0,103.0,103.0,103.0
26,103.0,103,103,103,103.0,103.0,103.0,103.0,103.0,103,103,103.0,103.0,103.0,103.0,103.0,103.0,103.0,103.0,103.0,103.0,,,
27,103.0,103,103,103,103.0,,,,103.0,103,103,103.0,103.0,103.0,103.0,103.0,103.0,103.0,103.0,103.0,,,,103.0
28,103.0,103,103,103,,,,103.0,103.0,103,103,103.0,,,,,,,,,,,103.0,103.0
29,103.0,103,103,103,,,103.0,103.0,103.0,103,103,103.0,103.0,103.0,103.0,103.0,103.0,103.0,103.0,103.0,103.0,103.0,,
30,,103,103,103,103.0,103.0,,,,103,103,103.0,103.0,103.0,103.0,103.0,103.0,103.0,103.0,103.0,103.0,103.0,103.0,103.0
"
"
December-2021,00:00:00,01:00:00,02:00:00,03:00:00,04:00:00,05:00:00,06:00:00,07:00:00,08:00:00,09:00:00,10:00:00,11:00:00,12:00:00,13:00:00,14:00:00,15:00:00,16:00:00,17:00:00,18:00:00,19:00:00,20:00:00,21:00:00,22:00:00,23:00:00
1,103.0,103.0,,,,103.0,103.0,103.0,103.0,103.0,103.0,103.0,103.0,103.0,103.0,103.0,103.0,103.0,103.0,103.0,103.0,103.0,103.0,103.0
2,103.0,103.0,103.0,103.0,103.0,103.0,103.0,103.0,103.0,103.0,103.0,103.0,103.0,103.0,103.0,103.0,103.0,103.0,103.0,103.0,103.0,103.0,103.0,103.0
3,103.0,103.0,103.0,103.0,103.0,103.0,103.0,103.0,103.0,103.0,103.0,103.0,103.0,103.0,103.0,103.0,103.0,103.0,103.0,103.0,103.0,103.0,103.0,103.0
4,103.0,103.0,103.0,103.0,103.0,103.0,103.0,103.0,103.0,103.0,103.0,103.0,103.0,103.0,103.0,103.0,103.0,103.0,103.0,103.0,103.0,103.0,103.0,103.0
5,103.0,103.0,103.0,103.0,103.0,103.0,103.0,103.0,103.0,103.0,103.0,103.0,103.0,103.0,103.0,103.0,103.0,103.0,103.0,103.0,103.0,103.0,103.0,103.0
6,103.0,103.0,103.0,103.0,103.0,103.0,103.0,103.0,103.0,103.0,103.0,103.0,103.0,103.0,103.0,103.0,103.0,103.0,103.0,103.0,103.0,103.0,103.0,103.0
7,103.0,103.0,103.0,103.0,103.0,103.0,103.0,103.0,103.0,103.0,103.0,103.0,103.0,103.0,103.0,103.0,103.0,103.0,103.0,103.0,103.0,103.0,103.0,103.0
8,103.0,103.0,103.0,103.0,103.0,103.0,103.0,103.0,103.0,103.0,103.0,103.0,103.0,103.0,103.0,103.0,103.0,103.0,103.0,103.0,103.0,103.0,103.0,103.0
9,103.0,103.0,103.0,103.0,103.0,103.0,103.0,103.0,103.0,103.0,103.0,103.0,103.0,103.0,103.0,103.0,103.0,103.0,103.0,103.0,103.0,103.0,103.0,103.0
10,103.0,103.0,103.0,103.0,103.0,103.0,103.0,103.0,103.0,103.0,103.0,103.0,103.0,103.0,103.0,103.0,103.0,103.0,103.0,103.0,103.0,103.0,103.0,103.0
11,103.0,103.0,103.0,103.0,103.0,103.0,103.0,103.0,103.0,103.0,103.0,103.0,103.0,103.0,103.0,103.0,103.0,103.0,103.0,103.0,103.0,103.0,103.0,103.0
12,103.0,103.0,103.0,103.0,103.0,103.0,103.0,103.0,103.0,103.0,103.0,103.0,103.0,103.0,103.0,103.0,103.0,103.0,103.0,103.0,103.0,103.0,103.0,103.0
13,103.0,103.0,103.0,103.0,103.0,103.0,103.0,103.0,103.0,103.0,103.0,103.0,103.0,103.0,103.0,103.0,103.0,103.0,103.0,103.0,103.0,103.0,103.0,103.0
14,103.0,103.0,103.0,103.0,103.0,103.0,103.0,103.0,103.0,103.0,103.0,103.0,103.0,103.0,103.0,103.0,103.0,103.0,103.0,103.0,103.0,103.0,103.0,103.0
15,103.0,103.0,103.0,103.0,103.0,103.0,103.0,103.0,103.0,103.0,103.0,103.0,103.0,103.0,103.0,103.0,103.0,103.0,103.0,103.0,103.0,103.0,103.0,103.0
16,103.0,103.0,103.0,103.0,103.0,103.0,103.0,103.0,103.0,103.0,103.0,103.0,103.0,103.0,103.0,103.0,103.0,103.0,103.0,103.0,103.0,103.0,103.0,103.0
17,103.0,103.0,103.0,103.0,103.0,103.0,103.0,103.0,103.0,103.0,103.0,103.0,103.0,103.0,103.0,103.0,103.0,103.0,103.0,103.0,103.0,103.0,103.0,103.0
18,103.0,103.0,103.0,103.0,103.0,103.0,103.0,103.0,103.0,103.0,103.0,103.0,103.0,103.0,103.0,103.0,103.0,103.0,103.0,103.0,103.0,103.0,103.0,103.0
19,103.0,103.0,103.0,103.0,103.0,103.0,103.0,103.0,103.0,103.0,103.0,103.0,103.0,103.0,103.0,103.0,103.0,103.0,103.0,103.0,103.0,103.0,103.0,103.0
20,103.0,103.0,103.0,103.0,103.0,103.0,103.0,103.0,103.0,103.0,103.0,103.0,103.0,103.0,103.0,103.0,103.0,103.0,103.0,103.0,103.0,103.0,103.0,103.0
21,103.0,103.0,103.0,103.0,103.0,103.0,103.0,103.0,103.0,103.0,103.0,103.0,103.0,103.0,103.0,103.0,103.0,103.0,103.0,103.0,103.0,103.0,103.0,103.0
22,103.0,103.0,103.0,103.0,103.0,103.0,103.0,103.0,103.0,103.0,103.0,103.0,103.0,103.0,103.0,103.0,103.0,103.0,103.0,103.0,103.0,103.0,103.0,103.0
23,103.0,103.0,103.0,103.0,103.0,103.0,103.0,103.0,103.0,103.0,103.0,103.0,103.0,103.0,,,,103.0,103.0,103.0,103.0,103.0,103.0,103.0
24,103.0,103.0,103.0,103.0,103.0,103.0,103.0,103.0,103.0,103.0,103.0,103.0,103.0,103.0,,,,,,,,,,
25,,,,,,,,,,,,,,,,,,,,,,,,
26,,,,,,,,,,,,,,,,,,,,,,,,
27,,,,,,,,,,,,,,,,,,,,,,,,
28,,,,,,,,,,,,,,,,,,,,,,,,
29,,,,,,,,,,,,,,,,,,,,,,,,
30,,,,,,,,,,,,,,,,,,,,,,,,
31,,,,,,,,,,,,,,,,,,,,,,,,
"
"
Year,2022
January-2022,00:00:00,01:00:00,02:00:00,03:00:00,04:00:00,05:00:00,06:00:00,07:00:00,08:00:00,09:00:00,10:00:00,11:00:00,12:00:00,13:00:00,14:00:00,15:00:00,16:00:00,17:00:00,18:00:00,19:00:00,20:00:00,21:00:00,22:00:00,23:00:00
1,,,,,,,,,,,,,,,,,,,,,,,,
2,,,,,,,,,,,,,,,,,,,,,,,,
3,,,,,,,,,,,,,,,,,,,,,,,,
4,,,,,,,,,,,,,,,,,,,,,,,,
5,,,,,,,,,,,,,,,,,,,,,,,,
6,,,,,,,,,,,,,,,,,,,,,,,,
7,,,,,,,,,,,,,,,,,,,,,,,,
8,,,,,,,,,,,,,,,,,,,,,,,,
9,,,,,,,,,,,,,,,,,,,,,,,,
10,,,,,,,,,,,,,,,,,,,,,,,,
11,,,,,,,,,,,,,,,,,,,,,,,,
12,,,,,,,,,,,,,,,,,,,,,,,,
13,,,,,,,,,,,,,,,,,,,,,,,,
14,,,,,,,,,,,,,,,,,,,,,,,,
15,,,,,,,,,,,,,,,,,,,,,,,,
16,,,,,,,,,,,,,,,,,,,,,,,,
17,,,,,,,,,,,,,,,,,,,,,,,,
18,,,,,,,,,,,,,,,,,,,,,,,,
19,,,,,,,,,,,,,,,,,,,,,,,,
20,,,,,,,,,,,,,,,,,,,,,,,,
21,,,,,,,,,,,,,,,,,,,,,,,,
22,,,,,,,,,,,,,,,,,,,,,,,,
23,,,,,,,,,,,,,,,,,,,,,,,,
24,,,,,,,,,,,,,,,,,,,,,,,,
25,,,,,,,,,,,,,,,,,,,,,,,,
26,,,,,,,,,,,,,,,,,,,,,,,,
27,,,,,,,,,,,,,,,,,,,,,,,,
28,,,,,,,,,,,,,,,,,,,,,,,,
29,,,,,,,,,,,,,,,,,,,,,,,,
30,,,,,,,,,,,,,,,,,,,,,,,,
31,,,,,,,,,,,,,,,,,,,,,,,,
"
"
February-2022,00:00:00,01:00:00,02:00:00,03:00:00,04:00:00,05:00:00,06:00:00,07:00:00,08:00:00,09:00:00,10:00:00,11:00:00,12:00:00,13:00:00,14:00:00,15:00:00,16:00:00,17:00:00,18:00:00,19:00:00,20:00:00,21:00:00,22:00:00,23:00:00
1,,,,,,,,,,,,,,,,,,,,,,,,
2,,,,,,,,,,,,,,,,,,,,,,,,
3,,,,,,,,,,,,,,,,,,,,,,,,
4,,,,,,,,,,,,,,,,,,,,,,,,
5,,,,,,,,,,,,,,,,,,,,,,,,
6,,,,,,,,,,,,,,,,,,,,,,,,
7,,,,,,,,,,,,,,,,,,,,,,,,
8,,,,,,,,,,,,,,,,,,,,,,,,
9,,,,,,,,,,,,,,,,,,,,,,,,
10,,,,,,,,,,,,,,,,,,,,,,,,
11,,,,,,,,,,,,,,,,,,,,,,,,
12,,,,,,,,,,,,,,,,,,,,,,,,
13,,,,,,,,,,,,,,,,,,,,,,,,
14,,,,,,,,,,,,,,,,,,,,,,,,
15,,,,,,,,,,,,,,,,,,,,,,,,
16,,,,,,,,,,,,,,,,,,,,,,,,
17,,,,,,,,,,,,,,,,,,,,,,,,
18,,,,,,,,,,,,,,,,,,,,,,,,
19,,,,,,,,,,,,,,,,,,,,,,,,
20,,,,,,,,,,,,,,,,,,,,,,,,
21,,,,,,,,,,,,,,,,,,,,,,,,
22,,,,,,,,,,,,,,,,,,,,,,,,
23,,,,,,,,,,,,,,,,,,,,,,,,
24,,,,,,,,,,,,,,,,,,,,,,,,
25,,,,,,,,,,,,,,,,,,,,,,,,
26,,,,,,,,,,,,,,,,,,,,,,,,
27,,,,,,,,,,,,,,,,,,,,,,,,
28,,,,,,,,,,,,,,,,,,,,,,,,
"
"
March-2022,00:00:00,01:00:00,02:00:00,03:00:00,04:00:00,05:00:00,06:00:00,07:00:00,08:00:00,09:00:00,10:00:00,11:00:00,12:00:00,13:00:00,14:00:00,15:00:00,16:00:00,17:00:00,18:00:00,19:00:00,20:00:00,21:00:00,22:00:00,23:00:00
1,,,,,,,,,,,,,,,,,,,,,,,,
2,,,,,,,,,,,,,,,,,,,,,,,,
3,,,,,,,,,,,,,,,,,,,,,,,,
4,,,,,,,,,,,,,,,,,,,,,,,,
5,,,,,,,,,,,,,,,,,,,,,,,,
6,,,,,,,,,,,,,,,,,,,,,,,,
7,,,,,,,,,,,,,,,,,,,,,,,,
8,,,,,,,,,,,,,,,,,,,,,,,,
9,,,,,,,,,,,,,,,,,,,,,,,,
10,,,,,,,,,,,,,,,,,,,,,,,,
11,,,,,,,,,,,,,,,,,,,,,,,,
12,,,,,,,,,,,,,,,,,,,,,,,,
13,,,,,,,,,,,,,,,,,,,,,,,,
14,,,,,,,,,,,,,,,,,,,,,,,,
15,,,,,,,,,,,,,,,,,,,,,,,,
16,,,,,,,,,,,,,,,,,,,,,,,,
17,,,,,,,,,,,,,,,,,,,,,,,,
18,,,,,,,,,,,,,,,,,,,,,,,,
19,,,,,,,,,,,,,,,,,,,,,,,,
20,,,,,,,,,,,,,,,,,,,,,,,,
21,,,,,,,,,,,,,,,,,,,,,,,,
22,,,,,,,,,,,,,,,,,,,,,,,,
23,,,,,,,,,,,,,,,,,,,,,,,,
24,,,,,,,,,,,,,,,,,,,,,,,,
25,,,,,,,,,,,,,,,,,,,,,,,,
26,,,,,,,,,,,,,,,,,,,,,,,,
27,,,,,,,,,,,,,,,,,,,,,,,,
28,,,,,,,,,,,,,,,,,,,,,,,,
29,,,,,,,,,,,,,,,,,,,,,,,,
30,,,,,,,,,,,,,,,,,,,,,,,,
31,,,,,,,,,,,,,,,,,,,,,,,,
"
"
April-2022,00:00:00,01:00:00,02:00:00,03:00:00,04:00:00,05:00:00,06:00:00,07:00:00,08:00:00,09:00:00,10:00:00,11:00:00,12:00:00,13:00:00,14:00:00,15:00:00,16:00:00,17:00:00,18:00:00,19:00:00,20:00:00,21:00:00,22:00:00,23:00:00
1,,,,,,,,,,,,,,,,,,,,,,,,
2,,,,,,,,,,,,,,,,,,,,,,,,
3,,,,,,,,,,,,,,,,,,,,,,,,
4,,,,,,,,,,,,,,,,,,,,,,,,
5,,,,,,,,,,,,,,,,,,,,,,,,
6,,,,,,,,,,,,,,,,,,,,,,,,
7,,,,,,,,,,,,,,,,,,,,,,,,
8,,,,,,,,,,,,,,,,,,,,,,,,
9,,,,,,,,,,,,,,,,,,,,,,,,
10,,,,,,,,,,,,,,,,,,,,,,,,
11,,,,,,,,,,,,,,,,,,,,,,,,
12,,,,,,,,,,,,,,,,,,,,,,,,
13,,,,,,,,,,,,,,,,,,,,,,,,
14,,,,,,,,,,,,,,,,,,,,,,,,
15,,,,,,,,,,,,,,,,,,,,,,,,
16,,,,,,,,,,,,,,,,,,,,,,,,
17,,,,,,,,,,,,,,,,,,,,,,,,
18,,,,,,,,,,,,,,,,,,,,,,,,
19,,,,,,,,,,,,,,,,,,,,,,,,
20,,,,,,,,,,,,,,,,,,,,,,,,
21,,,,,,,,,,,,,,,,,,,,,,,,
22,,,,,,,,,,,,,,,,,,,,,,,,
23,,,,,,,,,,,,,,,,,,,,,,,,
24,,,,,,,,,,,,,,,,,,,,,,,,
25,,,,,,,,,,,,,,,,,,,,,,,,
26,,,,,,,,,,,,,,,,,,,,,,,,
27,,,,,,,,,,,,,,,,,,,,,,,,
28,,,,,,,,,,,,,,,,,,,,,,,,
29,,,,,,,,,,,,,,,,,,,,,,,,
30,,,,,,,,,,,,,,,,,,,,,,,,
"
"
May-2022,00:00:00,01:00:00,02:00:00,03:00:00,04:00:00,05:00:00,06:00:00,07:00:00,08:00:00,09:00:00,10:00:00,11:00:00,12:00:00,13:00:00,14:00:00,15:00:00,16:00:00,17:00:00,18:00:00,19:00:00,20:00:00,21:00:00,22:00:00,23:00:00
1,,,,,,,,,,,,,,,,,,,,,,,,
2,,,,,,,,,,,,,,,,,,,,,,,,
3,,,,,,,,,,,,,,,,,,,,,,,,
4,,,,,,,,,,,,,,,,,,,,,,,,
5,,,,,,,,,,,,,,,,,,,,,,,,
6,,,,,,,,,,,,,,,,,,,,,,,,
7,,,,,,,,,,,,,,,,,,,,,,,,
8,,,,,,,,,,,,,,,,,,,,,,,,
9,,,,,,,,,,,,,,,,,,,,,,,,
10,,,,,,,,,,,,,,,,,,,,,,,,
11,,,,,,,,,,,,,,,,,,,,,,,,
12,,,,,,,,,,,,,,,,,,,,,,,,
13,,,,,,,,,,,,,,,,,,,,,,,,
14,,,,,,,,,,,,,,,,,,,,,,,,
15,,,,,,,,,,,,,,,,,,,,,,,,
16,,,,,,,,,,,,,,,,,,,,,,,,
17,,,,,,,,,,,,,,,,,,,,,,,,
18,,,,,,,,,,,,,,,,,,,,,,,,
19,,,,,,,,,,,,,,,,,,,,,,,,
20,,,,,,,,,,,,,,,,,,,,,,,,
21,,,,,,,,,,,,,,,,,,,,,,,,
22,,,,,,,,,,,,,,,,,,,,,,,,
23,,,,,,,,,,,,,,,,,,,,,,,,
24,,,,,,,,,,,,,,,,,,,,,,,,
25,,,,,,,,,,,,,,,,,,,,,,,,
26,,,,,,,,,,,,,,,,,,,,,,,,
27,,,,,,,,,,,,,,,,,,,,,,,,
28,,,,,,,,,,,,,,,,,,,,,,,,
29,,,,,,,,,,,,,,,,,,,,,,,,
30,,,,,,,,,,,,,,,,,,,,,,,,
31,,,,,,,,,,,,,,,,,,,,,,,,
"
"
June-2022,00:00:00,01:00:00,02:00:00,03:00:00,04:00:00,05:00:00,06:00:00,07:00:00,08:00:00,09:00:00,10:00:00,11:00:00,12:00:00,13:00:00,14:00:00,15:00:00,16:00:00,17:00:00,18:00:00,19:00:00,20:00:00,21:00:00,22:00:00,23:00:00
1,,,,,,,,,,,,,,,,,,,,,,,,
2,,,,,,,,,,,,,,,,,,,,,,,,
3,,,,,,,,,,,,,,,,,,,,,,,,
4,,,,,,,,,,,,,,,,,,,,,,,,
5,,,,,,,,,,,,,,,,,,,,,,,,
6,,,,,,,,,,,,,,,,,,,,,,,,
7,,,,,,,,,,,,,,,,,,,,,,,,
8,,,,,,,,,,,,,,,,,,,,,,,,
9,,,,,,,,,,,,,,,,,,,,,,,,
10,,,,,,,,,,,,,,,,,,,,,,,,
11,,,,,,,,,,,,,,,,,,,,,,,,
12,,,,,,,,,,,,,,,,,,,,,,,,
13,,,,,,,,,,,,,,,,,,,,,,,,
14,,,,,,,,,,,,,,,,,,,,,,,,
15,,,,,,,,,,,,,,,,,,,,,,,,
16,,,,,,,,,,,,,,,,,,,,,,,,
17,,,,,,,,,,,,,,,,,,,,,,,,
18,,,,,,,,,,,,,,,,,,,,,,,,
19,,,,,,,,,,,,,,,,,,,,,,,,
20,,,,,,,,,,,,,,,,,,,,,,,,
21,,,,,,,,,,,,,,,,,,,,,,,,
22,,,,,,,,,,,,,,,,,,,,,,,,
23,,,,,,,,,,,,,,,,,,,,,,,,
24,,,,,,,,,,,,,,,,,,,,,,,,
25,,,,,,,,,,,,,,,,,,,,,,,,
26,,,,,,,,,,,,,,,,,,,,,,,,
27,,,,,,,,,,,,,,,,,,,,,,,,
28,,,,,,,,,,,,,,,,,,,,,,,,
29,,,,,,,,,,,,,,,,,,,,,,,,
30,,,,,,,,,,,,,,,,,,,,,,,,
"
"
July-2022,00:00:00,01:00:00,02:00:00,03:00:00,04:00:00,05:00:00,06:00:00,07:00:00,08:00:00,09:00:00,10:00:00,11:00:00,12:00:00,13:00:00,14:00:00,15:00:00,16:00:00,17:00:00,18:00:00,19:00:00,20:00:00,21:00:00,22:00:00,23:00:00
1,,,,,,,,,,,,,,,,,,,,,,,,
2,,,,,,,,,,,,,,,,,,,,,,,,
3,,,,,,,,,,,,,,,,,,,,,,,,
4,,,,,,,,,,,,,,,,,,,,,,,,
5,,,,,,,,,,,,,,,,,,,,,,,,
6,,,,,,,,,,,,,,,,,,,,,,,,
7,,,,,,,,,,,,,,,,,,,,,,,,
8,,,,,,,,,,,,,,,,,,,,,,,,
9,,,,,,,,,,,,,,,,,,,,,,,,
10,,,,,,,,,,,,,,,,,,,,,,,,
11,,,,,,,,,,,,,,,,,,,,,,,,
12,,,,,,,,,,,,,,,,,,,,,,,,
13,,,,,,,,,,,,,,,,,,,,,,,,
14,,,,,,,,,,,,,,,,,,,,,,,,
15,,,,,,,,,,,,,,,,,,,,,,,,
16,,,,,,,,,,,,,,,,,,,,,,,,
17,,,,,,,,,,,,,,,,,,,,,,,,
18,,,,,,,,,,,,,,,,,,,,,,,,
19,,,,,,,,,,,,,,,,,,,,,,,,
20,,,,,,,,,,,,,,,,,,,,,,,,
21,,,,,,,,,,,,,,,,,,,,,,,,
22,,,,,,,,,,,,,,,,,,,,,,,,
23,,,,,,,,,,,,,,,,,,,,,,,,
24,,,,,,,,,,,,,,,,,,,,,,,,
25,,,,,,,,,,,,,,,,,,,,,,,,
26,,,,,,,,,,,,,,,,,,,,,,,,
27,,,,,,,,,,,,,,,,,,,,,,,,
28,,,,,,,,,,,,,,,,,,,,,,,,
29,,,,,,,,,,,,,,,,,,,,,,,,
30,,,,,,,,,,,,,,,,,,,,,,,,
31,,,,,,,,,,,,,,,,,,,,,,,,
"
"
August-2022,00:00:00,01:00:00,02:00:00,03:00:00,04:00:00,05:00:00,06:00:00,07:00:00,08:00:00,09:00:00,10:00:00,11:00:00,12:00:00,13:00:00,14:00:00,15:00:00,16:00:00,17:00:00,18:00:00,19:00:00,20:00:00,21:00:00,22:00:00,23:00:00
1,,,,,,,,,,,,,,,,,,,,,,,,
2,,,,,,,,,,,,,,,,,,,,,,,,
3,,,,,,,,,,,,,,,,,,,,,,,,
4,,,,,,,,,,,,,,,,,,,,,,,,
5,,,,,,,,,,,,,,,,,,,,,,,,
6,,,,,,,,,,,,,,,,,,,,,,,,
7,,,,,,,,,,,,,,,,,,,,,,,,
8,,,,,,,,,,,,,,,,,,,,,,,,
9,,,,,,,,,,,,,,,,,,,,,,,,
10,,,,,,,,,,,,,,,,,,,,,,,,
11,,,,,,,,,,,,,,,,,,,,,,,,
12,,,,,,,,,,,,,,,,,,,,,,,,
13,,,,,,,,,,,,,,,,,,,,,,,,
14,,,,,,,,,,,,,,,,,,,,,,,,
15,,,,,,,,,,,,,,,,,,,,,,,,
16,,,,,,,,,,,,,,,,,,,,,,,,
17,,,,,,,,,,,,,,,,,,,,,,,,
18,,,,,,,,,,,,,,,,,,,,,,,,
19,,,,,,,,,,,,,,,,,,,,,,,,
20,,,,,,,,,,,,,,,,,,,,,,,,
21,,,,,,,,,,,,,,,,,,,,,,,,
22,,,,,,,,,,,,,,,,,,,,,,,,
23,,,,,,,,,,,,,,,,,,,,,,,,
24,,,,,,,,,,,,,,,,,,,,,,,,
25,,,,,,,,,,,,,,,,,,,,,,,,
26,,,,,,,,,,,,,,,,,,,,,,,,
27,,,,,,,,,,,,,,,,,,,,,,,,
28,,,,,,,,,,,,,,,,,,,,,,,,
29,,,,,,,,,,,,,,,,,,,,,,,,
30,,,,,,,,,,,,,,,,,,,,,,,,
31,,,,,,,,,,,,,,,,,,,,,,,,
"
"
September-2022,00:00:00,01:00:00,02:00:00,03:00:00,04:00:00,05:00:00,06:00:00,07:00:00,08:00:00,09:00:00,10:00:00,11:00:00,12:00:00,13:00:00,14:00:00,15:00:00,16:00:00,17:00:00,18:00:00,19:00:00,20:00:00,21:00:00,22:00:00,23:00:00
1,,,,,,,,,,,,,,,,,,,,,,,,
2,,,,,,,,,,,,,,,,,,,,,,,,
3,,,,,,,,,,,,,,,,,,,,,,,,
4,,,,,,,,,,,,,,,,,,,,,,,,
5,,,,,,,,,,,,,,,,,,,,,,,,
6,,,,,,,,,,,,,,,,,,,,,,,,
7,,,,,,,,,,,,,,,,,,,,,,,,
8,,,,,,,,,,,,,,,,,,,,,,,,
9,,,,,,,,,,,,,,,,,,,,,,,,
10,,,,,,,,,,,,,,,,,,,,,,,,
11,,,,,,,,,,,,,,,,,,,,,,,,
12,,,,,,,,,,,,,,,,,,,,,,,,
13,,,,,,,,,,,,,,,,,,,,,,,,
14,,,,,,,,,,,,,,,,,,,,,,,,
15,,,,,,,,,,,,,,,,,,,,,,,,
16,,,,,,,,,,,,,,,,,,,,,,,,
17,,,,,,,,,,,,,,,,,,,,,,,,
18,,,,,,,,,,,,,,,,,,,,,,,,
19,,,,,,,,,,,,,,,,,,,,,,,,
20,,,,,,,,,,,,,,,,,,,,,,,,
21,,,,,,,,,,,,,,,,,,,,,,,,
22,,,,,,,,,,,,,,,,,,,,,,,,
23,,,,,,,,,,,,,,,,,,,,,,,,
24,,,,,,,,,,,,,,,,,,,,,,,,
25,,,,,,,,,,,,,,,,,,,,,,,,
26,,,,,,,,,,,,,,,,,,,,,,,,
27,,,,,,,,,,,,,,,,,,,,,,,,
28,,,,,,,,,,,,,,,,,,,,,,,,
29,,,,,,,,,,,,,,,,,,,,,,,,
30,,,,,,,,,,,,,,,,,,,,,,,,
"
"
October-2022,00:00:00,01:00:00,02:00:00,03:00:00,04:00:00,05:00:00,06:00:00,07:00:00,08:00:00,09:00:00,10:00:00,11:00:00,12:00:00,13:00:00,14:00:00,15:00:00,16:00:00,17:00:00,18:00:00,19:00:00,20:00:00,21:00:00,22:00:00,23:00:00
1,,,,,,,,,,,,,,,,,,,,,,,,
2,,,,,,,,,,,,,,,,,,,,,,,,
3,,,,,,,,,,,,,,,,,,,,,,,,
4,,,,,,,,,,,,,,,,,,,,,,,,
5,,,,,,,,,,,,,,,,,,,,,,,,
6,,,,,,,,,,,,,,,,,,,,,,,,
7,,,,,,,,,,,,,,,,,,,,,,,,
8,,,,,,,,,,,,,,,,,,,,,,,,
9,,,,,,,,,,,,,,,,,,,,,,,,
10,,,,,,,,,,,,,,,,,,,,,,,,
11,,,,,,,,,,,,,,,,,,,,,,,,
12,,,,,,,,,,,,,,,,,,,,,,,,
13,,,,,,,,,,,,,,,,,,,,,,,,
14,,,,,,,,,,,,,,,,,,,,,,,,
15,,,,,,,,,,,,,,,,,,,,,,,,
16,,,,,,,,,,,,,,,,,,,,,,,,
17,,,,,,,,,,,,,,,,,,,,,,,,
18,,,,,,,,,,,,,,,,,,,,,,,,
19,,,,,,,,,,,,,,,,,,,,,,,,
20,,,,,,,,,,,,,,,,,,,,,,,,
21,,,,,,,,,,,,,,,,,,,,,,,,
22,,,,,,,,,,,,,,,,,,,,,,,,
23,,,,,,,,,,,,,,,,,,,,,,,,
24,,,,,,,,,,,,,,,,,,,,,,,,
25,,,,,,,,,,,,,,,,,,,,,,,,
26,,,,,,,,,,,,,,,,,,,,,,,,
27,,,,,,,,,,,,,,,,,,,,,,,,
28,,,,,,,,,,,,,,,,,,,,,,,,
29,,,,,,,,,,,,,,,,,,,,,,,,
30,,,,,,,,,,,,,,,,,,,,,,,,
31,,,,,,,,,,,,,,,,,,,,,,,,
"
"
November-2022,00:00:00,01:00:00,02:00:00,03:00:00,04:00:00,05:00:00,06:00:00,07:00:00,08:00:00,09:00:00,10:00:00,11:00:00,12:00:00,13:00:00,14:00:00,15:00:00,16:00:00,17:00:00,18:00:00,19:00:00,20:00:00,21:00:00,22:00:00,23:00:00
1,,,,,,,,,,,,,,,,,,,,,,,,
2,,,,,,,,,,,,,,,,,,,,,,,,
3,,,,,,,,,,,,,,,,,,,,,,,,
4,,,,,,,,,,,,,,,,,,,,,,,,
5,,,,,,,,,,,,,,,,,,,,,,,,
6,,,,,,,,,,,,,,,,,,,,,,,,
7,,,,,,,,,,,,,,,,,,,,,,,,
8,,,,,,,,,,,,,,,,,,,,,,,,
9,,,,,,,,,,,,,,,,,,,,,,,,
10,,,,,,,,,,,,,,,,,,,,,,,,
11,,,,,,,,,,,,,,,,,,,,,,,,
12,,,,,,,,,,,,,,,,,,,,,,,,
13,,,,,,,,,,,,,,,,,,,,,,,,
14,,,,,,,,,,,,,,,,,,,,,,,,
15,,,,,,,,,,,,,,,,,,,,,,,,
16,,,,,,,,,,,,,,,,,,,,,,,,
17,,,,,,,,,,,,,,,,,,,,,,,,
18,,,,,,,,,,,,,,,,,,,,,,,,
19,,,,,,,,,,,,,,,,,,,,,,,,
20,,,,,,,,,,,,,,,,,,,,,,,,
21,,,,,,,,,,,,,,,,,,,,,,,,
22,,,,,,,,,,,,,,,,,,,,,,,,
23,,,,,,,,,,,,,,,,,,,,,,,,
24,,,,,,,,,,,,,,,,,,,,,,,,
25,,,,,,,,,,,,,,,,,,,,,,,,
26,,,,,,,,,,,,,,,,,,,,,,,,
27,,,,,,,,,,,,,,,,,,,,,,,,
28,,,,,,,,,,,,,,,,,,,,,,,,
29,,,,,,,,,,,,,,,,,,,,,,,,
30,,,,,,,,,,,,,,,,,,,,,,,,
"
"
December-2022,00:00:00,01:00:00,02:00:00,03:00:00,04:00:00,05:00:00,06:00:00,07:00:00,08:00:00,09:00:00,10:00:00,11:00:00,12:00:00,13:00:00,14:00:00,15:00:00,16:00:00,17:00:00,18:00:00,19:00:00,20:00:00,21:00:00,22:00:00,23:00:00
1,,,,,,,,,,,,,,,,,,,,,,,,
2,,,,,,,,,,,,,,,,,,,,,,,,
3,,,,,,,,,,,,,,,,,,,,,,,,
4,,,,,,,,,,,,,,,,,,,,,,,,
5,,,,,,,,,,,,,,,,,,,,,,,,
6,,,,,,,,,,,,,,,,,,,,,,,,
7,,,,,,,,,,,,,,,,,,,,,,,,
8,,,,,,,,,,,,,,,,,,,,,,,,
9,,,,,,,,,,,,,,,,,,,,,,,,
10,,,,,,,,,,,,,,,,,,,,,,,,
11,,,,,,,,,,,,,,,,,,,,,,,,
12,,,,,,,,,,,,,,,,,,,,,,,,
13,,,,,,,,,,,,,,,,,,,,,,,,
14,,,,,,,,,,,,,,,,,,,,,,,,
15,,,,,,,,,,,,,,,,,,,,,,,,
16,,,,,,,,,,,,,,,,,,,,,,,,
17,,,,,,,,,,,,,,,,,,,,,,,,
18,,,,,,,,,,,,,,,,,,,,,,,,
19,,,,,,,,,,,,,,,,,,,,,,,,
20,,,,,,,,,,,,,,,,,,,,,,,,
21,,,,,,,,,,,,,,,,,,,,,,,,
22,,,,,,,,,,,,,,,,,,,,,,,,
23,,,,,,,,,,,,,,,,,,,,,,,,
24,,,,,,,,,,,,,,,,,,,,,,,,
25,,,,,,,,,,,,,,,,,,,,,,,,
26,,,,,,,,,,,,,,,,,,,,,,,,
27,,,,,,,,,,,,,,,,,,,,,,,,
28,,,,,,,,,,,,,,,,,,,,,,,,
29,,,,,,,,,,,,,,,,,,,,,,,,
30,,,,,,,,,,,,,,,,,,,,,,,,
31,,,,,,,,,,,,,,,,,,,,,,,,
"
"
Year,2023
January-2023,00:00:00,01:00:00,02:00:00,03:00:00,04:00:00,05:00:00,06:00:00,07:00:00,08:00:00,09:00:00,10:00:00,11:00:00,12:00:00,13:00:00,14:00:00,15:00:00,16:00:00,17:00:00,18:00:00,19:00:00,20:00:00,21:00:00,22:00:00,23:00:00
1,,,,,,,,,,,,,,,,,,,,,,,,
2,,,,,,,,,,,,,,,,,,,,,,,,
3,,,,,,,,,,,,,,,,,,,,,,,,
4,,,,,,,,,,,,,,,,,,,,,,,,
5,,,,,,,,,,,,,,,,,,,,,,,,
6,,,,,,,,,,,,,,,,,,,,,,,,
7,,,,,,,,,,,,,,,,,,,,,,,,
8,,,,,,,,,,,,,,,,,,,,,,,,
9,,,,,,,,,,,,,,,,,,,,,,,,
10,,,,,,,,,,,,,,,,,,,,,,,,
11,,,,,,,,,,,,,,,,,,,,,,,,
12,,,,,,,,,,,,,,,,,,,,,,,,
13,,,,,,,,,,,,,,,,,,,,,,,,
14,,,,,,,,,,,,,,,,,,,,,,,,
15,,,,,,,,,,,,,,,,,,,,,,,,
16,,,,,,,,,,,,,,,,,,,,,,,,
17,,,,,,,,,,,,,,,,,,,,,,,,
18,,,,,,,,,,,,,,,,,,,,,,,,
19,,,,,,,,,,,,,,,,,,,,,,,,
20,,,,,,,,,,,,,,,,,,,,,,,,
21,,,,,,,,,,,,,,,,,,,,,,,,
22,,,,,,,,,,,,,,,,,,,,,,,,
23,,,,,,,,,,,,,,,,,,,,,,,,
24,,,,,,,,,,,,,,,,,,,,,,,,
25,,,,,,,,,,,,,,,,,,,,,,,,
26,,,,,,,,,,,,,,,,,,,,,,,,
27,,,,,,,,,,,,,,,,,,,,,,,,
28,,,,,,,,,,,,,,,,,,,,,,,,
29,,,,,,,,,,,,,,,,,,,,,,,,
30,,,,,,,,,,,,,,,,,,,,,,,,
31,,,,,,,,,,,,,,,,,,,,,,,,
"
"
February-2023,00:00:00,01:00:00,02:00:00,03:00:00,04:00:00,05:00:00,06:00:00,07:00:00,08:00:00,09:00:00,10:00:00,11:00:00,12:00:00,13:00:00,14:00:00,15:00:00,16:00:00,17:00:00,18:00:00,19:00:00,20:00:00,21:00:00,22:00:00,23:00:00
1,,,,,,,,,,,,,,,,,,,,,,,,
2,,,,,,,,,,,,,,,,,,,,,,,,
3,,,,,,,,,,,,,,,,,,,,,,,,
4,,,,,,,,,,,,,,,,,,,,,,,,
5,,,,,,,,,,,,,,,,,,,,,,,,
6,,,,,,,,,,,,,,,,,,,,,,,,
7,,,,,,,,,,,,,,,,,,,,,,,,
8,,,,,,,,,,,,,,,,,,,,,,,,
9,,,,,,,,,,,,,,,,,,,,,,,,
10,,,,,,,,,,,,,,,,,,,,,,,,
11,,,,,,,,,,,,,,,,,,,,,,,,
12,,,,,,,,,,,,,,,,,,,,,,,,
13,,,,,,,,,,,,,,,,,,,,,,,,
14,,,,,,,,,,,,,,,,,,,,,,,,
15,,,,,,,,,,,,,,,,,,,,,,,,
16,,,,,,,,,,,,,,,,,,,,,,,,
17,,,,,,,,,,,,,,,,,,,,,,,,
18,,,,,,,,,,,,,,,,,,,,,,,,
19,,,,,,,,,,,,,,,,,,,,,,,,
20,,,,,,,,,,,,,,,,,,,,,,,,
21,,,,,,,,,,,,,,,,,,,,,,,,
22,,,,,,,,,,,,,,,,,,,,,,,,
23,,,,,,,,,,,,,,,,,,,,,,,,
24,,,,,,,,,,,,,,,,,,,,,,,,
25,,,,,,,,,,,,,,,,,,,,,,,,
26,,,,,,,,,,,,,,,,,,,,,,,,
27,,,,,,,,,,,,,,,,,,,,,,,,
28,,,,,,,,,,,,,,,,,,,,,,,,
"
"
March-2023,00:00:00,01:00:00,02:00:00,03:00:00,04:00:00,05:00:00,06:00:00,07:00:00,08:00:00,09:00:00,10:00:00,11:00:00,12:00:00,13:00:00,14:00:00,15:00:00,16:00:00,17:00:00,18:00:00,19:00:00,20:00:00,21:00:00,22:00:00,23:00:00
1,,,,,,,,,,,,,,,,,,,,,,,,
2,,,,,,,,,,,,,,,,,,,,,,,,
3,,,,,,,,,,,,,,,,,,,,,,,,
4,,,,,,,,,,,,,,,,,,,,,,,,
5,,,,,,,,,,,,,,,,,,,,,,,,
6,,,,,,,,,,,,,,,,,,,,,,,,
7,,,,,,,,,,,,,,,,,,,,,,,,
8,,,,,,,,,,,,,,,,,,,,,,,,
9,,,,,,,,,,,,,,,,,,,,,,,,
10,,,,,,,,,,,,,,,,,,,,,,,,
11,,,,,,,,,,,,,,,,,,,,,,,,
12,,,,,,,,,,,,,,,,,,,,,,,,
13,,,,,,,,,,,,,,,,,,,,,,,,
14,,,,,,,,,,,,,,,,,,,,,,,,
15,,,,,,,,,,,,,,,,,,,,,,,,
16,,,,,,,,,,,,,,,,,,,,,,,,
17,,,,,,,,,,,,,,,,,,,,,,,,
18,,,,,,,,,,,,,,,,,,,,,,,,
19,,,,,,,,,,,,,,,,,,,,,,,,
20,,,,,,,,,,,,,,,,,,,,,,,,
21,,,,,,,,,,,,,,,,,,,,,,,,
22,,,,,,,,,,,,,,,,,,,,,,,,
23,,,,,,,,,,,,,,,,,,,,,,,,
24,,,,,,,,,,,,,,,,,,,,,,,,
25,,,,,,,,,,,,,,,,,,,,,,,,
26,,,,,,,,,,,,,,,,,,,,,,,,
27,,,,,,,,,,,,,,,,,,,,,,,,
28,,,,,,,,,,,,,,,,,,,,,,,,
29,,,,,,,,,,,,,,,,,,,,,,,,
30,,,,,,,,,,,,,,,,,,,,,,,,
31,,,,,,,,,,,,,,,,,,,,,,,,
"
"
April-2023,00:00:00,01:00:00,02:00:00,03:00:00,04:00:00,05:00:00,06:00:00,07:00:00,08:00:00,09:00:00,10:00:00,11:00:00,12:00:00,13:00:00,14:00:00,15:00:00,16:00:00,17:00:00,18:00:00,19:00:00,20:00:00,21:00:00,22:00:00,23:00:00
1,,,,,,,,,,,,,,,,,,,,,,,,
2,,,,,,,,,,,,,,,,,,,,,,,,
3,,,,,,,,,,,,,,,,,,,,,,,,
4,,,,,,,,,,,,,,,,,,,,,,,,
5,,,,,,,,,,,,,,,,,,,,,,,,
6,,,,,,,,,,,,,,,,,,,,,,,,
7,,,,,,,,,,,,,,,,,,,,,,,,
8,,,,,,,,,,,,,,,,,,,,,,,,
9,,,,,,,,,,,,,,,,,,,,,,,,
10,,,,,,,,,,,,,,,,,,,,,,,,
11,,,,,,,,,,,,,,,,,,,,,,,,
12,,,,,,,,,,,,,,,,,,,,,,,,
13,,,,,,,,,,,,,,,,,,,,,,,,
14,,,,,,,,,,,,,,,,,,,,,,,,
15,,,,,,,,,,,,,,,,,,,,,,,,
16,,,,,,,,,,,,,,,,,,,,,,,,
17,,,,,,,,,,,,,,,,,,,,,,,,
18,,,,,,,,,,,,,,,,,,,,,,,,
19,,,,,,,,,,,,,,,,,,,,,,,,
20,,,,,,,,,,,,,,,,,,,,,,,,
21,,,,,,,,,,,,,,,,,,,,,,,,
22,,,,,,,,,,,,,,,,,,,,,,,,
23,,,,,,,,,,,,,,,,,,,,,,,,
24,,,,,,,,,,,,,,,,,,,,,,,,
25,,,,,,,,,,,,,,,,,,,,,,,,
26,,,,,,,,,,,,,,,,,,,,,,,,
27,,,,,,,,,,,,,,,,,,,,,,,,
28,,,,,,,,,,,,,,,,,,,,,,,,
29,,,,,,,,,,,,,,,,,,,,,,,,
30,,,,,,,,,,,,,,,,,,,,,,,,
"
"
May-2023,00:00:00,01:00:00,02:00:00,03:00:00,04:00:00,05:00:00,06:00:00,07:00:00,08:00:00,09:00:00,10:00:00,11:00:00,12:00:00,13:00:00,14:00:00,15:00:00,16:00:00,17:00:00,18:00:00,19:00:00,20:00:00,21:00:00,22:00:00,23:00:00
1,,,,,,,,,,,,,,,,,,,,,,,,
2,,,,,,,,,,,,,,,,,,,,,,,,
3,,,,,,,,,,,,,,,,,,,,,,,,
4,,,,,,,,,,,,,,,,,,,,,,,,
5,,,,,,,,,,,,,,,,,,,,,,,,
6,,,,,,,,,,,,,,,,,,,,,,,,
7,,,,,,,,,,,,,,,,,,,,,,,,
8,,,,,,,,,,,,,,,,,,,,,,,,
9,,,,,,,,,,,,,,,,,,,,,,,,
10,,,,,,,,,,,,,,,,,,,,,,,,
11,,,,,,,,,,,,,,,,,,,,,,,,
12,,,,,,,,,,,,,,,,,,,,,,,,
13,,,,,,,,,,,,,,,,,,,,,,,,
14,,,,,,,,,,,,,,,,,,,,,,,,
15,,,,,,,,,,,,,,,,,,,,,,,,
16,,,,,,,,,,,,,,,,,,,,,,,,
17,,,,,,,,,,,,,,,,,,,,,,,,
18,,,,,,,,,,,,,,,,,,,,,,,,
19,,,,,,,,,,,,,,,,,,,,,,,,
20,,,,,,,,,,,,,,,,,,,,,,,,
21,,,,,,,,,,,,,,,,,,,,,,,,
22,,,,,,,,,,,,,,,,,,,,,,,,
23,,,,,,,,,,,,,,,,,,,,,,,,
24,,,,,,,,,,,,,,,,,,,,,,,,
25,,,,,,,,,,,,,,,,,,,,,,,,
26,,,,,,,,,,,,,,,,,,,,,,,,
27,,,,,,,,,,,,,,,,,,,,,,,,
28,,,,,,,,,,,,,,,,,,,,,,,,
29,,,,,,,,,,,,,,,,,,,,,,,,
30,,,,,,,,,,,,,,,,,,,,,,,,
31,,,,,,,,,,,,,,,,,,,,,,,,
"
"
June-2023,00:00:00,01:00:00,02:00:00,03:00:00,04:00:00,05:00:00,06:00:00,07:00:00,08:00:00,09:00:00,10:00:00,11:00:00,12:00:00,13:00:00,14:00:00,15:00:00,16:00:00,17:00:00,18:00:00,19:00:00,20:00:00,21:00:00,22:00:00,23:00:00
1,,,,,,,,,,,,,,,,,,,,,,,,
2,,,,,,,,,,,,,,,,,,,,,,,,
3,,,,,,,,,,,,,,,,,,,,,,,,
4,,,,,,,,,,,,,,,,,,,,,,,,
5,,,,,,,,,,,,,,,,,,,,,,,,
6,,,,,,,,,,,,,,,,,,,,,,,,
7,,,,,,,,,,,,,,,,,,,,,,,,
8,,,,,,,,,,,,,,,,,,,,,,,,
9,,,,,,,,,,,,,,,,,,,,,,,,
10,,,,,,,,,,,,,,,,,,,,,,,,
11,,,,,,,,,,,,,,,,,,,,,,,,
12,,,,,,,,,,,,,,,,,,,,,,,,
13,,,,,,,,,,,,,,,,,,,,,,,,
14,,,,,,,,,,,,,,,,,,,,,,,,
15,,,,,,,,,,,,,,,,,,,,,,,,
16,,,,,,,,,,,,,,,,,,,,,,,,
17,,,,,,,,,,,,,,,,,,,,,,,,
18,,,,,,,,,,,,,,,,,,,,,,,,
19,,,,,,,,,,,,,,,,,,,,,,,,
20,,,,,,,,,,,,,,,,,,,,,,,,
21,,,,,,,,,,,,,,,,,,,,,,,,
22,,,,,,,,,,,,,,,,,,,,,,,,
23,,,,,,,,,,,,,,,,,,,,,,,,
24,,,,,,,,,,,,,,,,,,,,,,,,
25,,,,,,,,,,,,,,,,,,,,,,,,
26,,,,,,,,,,,,,,,,,,,,,,,,
27,,,,,,,,,,,,,,,,,,,,,,,,
28,,,,,,,,,,,,,,,,,,,,,,,,
29,,,,,,,,,,,,,,,,,,,,,,,,
30,,,,,,,,,,,,,,,,,,,,,,,,
"
"
July-2023,00:00:00,01:00:00,02:00:00,03:00:00,04:00:00,05:00:00,06:00:00,07:00:00,08:00:00,09:00:00,10:00:00,11:00:00,12:00:00,13:00:00,14:00:00,15:00:00,16:00:00,17:00:00,18:00:00,19:00:00,20:00:00,21:00:00,22:00:00,23:00:00
1,,,,,,,,,,,,,,,,,,,,,,,,
2,,,,,,,,,,,,,,,,,,,,,,,,
3,,,,,,,,,,,,,,,,,,,,,,,,
4,,,,,,,,,,,,,,,,,,,,,,,,
5,,,,,,,,,,,,,,,,,,,,,,,,
6,,,,,,,,,,,,,,,,,,,,,,,,
7,,,,,,,,,,,,,,,,,,,,,,,,
8,,,,,,,,,,,,,,,,,,,,,,,,
9,,,,,,,,,,,,,,,,,,,,,,,,
10,,,,,,,,,,,,,,,,,,,,,,,,
11,,,,,,,,,,,,,,,,,,,,,,,,
12,,,,,,,,,,,,,,,,,,,,,,,,
13,,,,,,,,,,,,,,,,,,,,,,,,
14,,,,,,,,,,,,,,,,,,,,,,,,
15,,,,,,,,,,,,,,,,,,,,,,,,
16,,,,,,,,,,,,,,,,,,,,,,,,
17,,,,,,,,,,,,,,,,,,,,,,,,
18,,,,,,,,,,,,,,,,,,,,,,,,
19,,,,,,,,,,,,,,,,,,,,,,,,
20,,,,,,,,,,,,,,,,,,,,,,,,
21,,,,,,,,,,,,,,,,,,,,,,,,
22,,,,,,,,,,,,,,,,,,,,,,,,
23,,,,,,,,,,,,,,,,,,,,,,,,
24,,,,,,,,,,,,,,,,,,,,,,,,
25,,,,,,,,,,,,,,,,,,,,,,,,
26,,,,,,,,,,,,,,,,,,,,,,,,
27,,,,,,,,,,,,,,,,,,,,,,,,
28,,,,,,,,,,,,,,,,,,,,,,,,
29,,,,,,,,,,,,,,,,,,,,,,,,
30,,,,,,,,,,,,,,,,,,,,,,,,
31,,,,,,,,,,,,,,,,,,,,,,,,
"
"
August-2023,00:00:00,01:00:00,02:00:00,03:00:00,04:00:00,05:00:00,06:00:00,07:00:00,08:00:00,09:00:00,10:00:00,11:00:00,12:00:00,13:00:00,14:00:00,15:00:00,16:00:00,17:00:00,18:00:00,19:00:00,20:00:00,21:00:00,22:00:00,23:00:00
1,,,,,,,,,,,,,,,,,,,,,,,,
2,,,,,,,,,,,,,,,,,,,,,,,,
3,,,,,,,,,,,,,,,,,,,,,,,,
4,,,,,,,,,,,,,,,,,,,,,,,,
5,,,,,,,,,,,,,,,,,,,,,,,,
6,,,,,,,,,,,,,,,,,,,,,,,,
7,,,,,,,,,,,,,,,,,,,,,,,,
8,,,,,,,,,,,,,,,,,,,,,,,,
9,,,,,,,,,,,,,,,,,,,,,,,,
10,,,,,,,,,,,,,,,,,,,,,,,,
11,,,,,,,,,,,,,,,,,,,,,,,,
12,,,,,,,,,,,,,,,,,,,,,,,,
13,,,,,,,,,,,,,,,,,,,,,,,,
14,,,,,,,,,,,,,,,,,,,,,,,,
15,,,,,,,,,,,,,,,,,,,,,,,,
16,,,,,,,,,,,,,,,,,,,,,,,,
17,,,,,,,,,,,,,,,,,,,,,,,,
18,,,,,,,,,,,,,,,,,,,,,,,,
19,,,,,,,,,,,,,,,,,,,,,,,,
20,,,,,,,,,,,,,,,,,,,,,,,,
21,,,,,,,,,,,,,,,,,,,,,,,,
22,,,,,,,,,,,,,,,,,,,,,,,,
23,,,,,,,,,,,,,,,,,,,,,,,,
24,,,,,,,,,,,,,,,,,,,,,,,,
25,,,,,,,,,,,,,,,,,,,,,,,,
26,,,,,,,,,,,,,,,,,,,,,,,,
27,,,,,,,,,,,,,,,,,,,,,,,,
28,,,,,,,,,,,,,,,,,,,,,,,,
29,,,,,,,,,,,,,,,,,,,,,,,,
30,,,,,,,,,,,,,,,,,,,,,,,,
31,,,,,,,,,,,,,,,,,,,,,,,,
"
"
September-2023,00:00:00,01:00:00,02:00:00,03:00:00,04:00:00,05:00:00,06:00:00,07:00:00,08:00:00,09:00:00,10:00:00,11:00:00,12:00:00,13:00:00,14:00:00,15:00:00,16:00:00,17:00:00,18:00:00,19:00:00,20:00:00,21:00:00,22:00:00,23:00:00
1,,,,,,,,,,,,,,,,,,,,,,,,
2,,,,,,,,,,,,,,,,,,,,,,,,
3,,,,,,,,,,,,,,,,,,,,,,,,
4,,,,,,,,,,,,,,,,,,,,,,,,
5,,,,,,,,,,,,,,,,,,,,,,,,
6,,,,,,,,,,,,,,,,,,,,,,,,
7,,,,,,,,,,,,,,,,,,,,,,,,
8,,,,,,,,,,,,,,,,,,,,,,,,
9,,,,,,,,,,,,,,,,,,,,,,,,
10,,,,,,,,,,,,,,,,,,,,,,,,
11,,,,,,,,,,,,,,,,,,,,,,,,
12,,,,,,,,,,,,,,,,,,,,,,,,
13,,,,,,,,,,,,,,,,,,,,,,,,
14,,,,,,,,,,,,,,,,,,,,,,,,
15,,,,,,,,,,,,,,,,,,,,,,,,
16,,,,,,,,,,,,,,,,,,,,,,,,
17,,,,,,,,,,,,,,,,,,,,,,,,
18,,,,,,,,,,,,,,,,,,,,,,,,
19,,,,,,,,,,,,,,,,,,,,,,,,
20,,,,,,,,,,,,,,,,,,,,,,,,
21,,,,,,,,,,,,,,,,,,,,,,,,
22,,,,,,,,,,,,,,,,,,,,,,,,
23,,,,,,,,,,,,,,,,,,,,,,,,
24,,,,,,,,,,,,,,,,,,,,,,,,
25,,,,,,,,,,,,,,,,,,,,,,,,
26,,,,,,,,,,,,,,,,,,,,,,,,
27,,,,,,,,,,,,,,,,,,,,,,,,
28,,,,,,,,,,,,,,,,,,,,,,,,
29,,,,,,,,,,,,,,,,,,,,,,,,
30,,,,,,,,,,,,,,,,,,,,,,,,
"
"
October-2023,00:00:00,01:00:00,02:00:00,03:00:00,04:00:00,05:00:00,06:00:00,07:00:00,08:00:00,09:00:00,10:00:00,11:00:00,12:00:00,13:00:00,14:00:00,15:00:00,16:00:00,17:00:00,18:00:00,19:00:00,20:00:00,21:00:00,22:00:00,23:00:00
1,,,,,,,,,,,,,,,,,,,,,,,,
2,,,,,,,,,,,,,,,,,,,,,,,,
3,,,,,,,,,,,,,,,,,,,,,,,,
4,,,,,,,,,,,,,,,,,,,,,,,,
5,,,,,,,,,,,,,,,,,,,,,,,,
6,,,,,,,,,,,,,,,,,,,,,,,,
7,,,,,,,,,,,,,,,,,,,,,,,,
8,,,,,,,,,,,,,,,,,,,,,,,,
9,,,,,,,,,,,,,,,,,,,,,,,,
10,,,,,,,,,,,,,,,,,,,,,,,,
11,,,,,,,,,,,,,,,,,,,,,,,,
12,,,,,,,,,,,,,,,,,,,,,,,,
13,,,,,,,,,,,,,,,,,,,,,,,,
14,,,,,,,,,,,,,,,,,,,,,,,,
15,,,,,,,,,,,,,,,,,,,,,,,,
16,,,,,,,,,,,,,,,,,,,,,,,,
17,,,,,,,,,,,,,,,,,,,,,,,,
18,,,,,,,,,,,,,,,,,,,,,,,,
19,,,,,,,,,,,,,,,,,,,,,,,,
20,,,,,,,,,,,,,,,,,,,,,,,,
21,,,,,,,,,,,,,,,,,,,,,,,,
22,,,,,,,,,,,,,,,,,,,,,,,,
23,,,,,,,,,,,,,,,,,,,,,,,,
24,,,,,,,,,,,,,,,,,,,,,,,,
25,,,,,,,,,,,,,,,,,,,,,,,,
26,,,,,,,,,,,,,,,,,,,,,,,,
27,,,,,,,,,,,,,,,,,,,,,,,,
28,,,,,,,,,,,,,,,,,,,,,,,,
29,,,,,,,,,,,,,,,,,,,,,,,,
30,,,,,,,,,,,,,,,,,,,,,,,,
31,,,,,,,,,,,,,,,,,,,,,,,,
"
"
November-2023,00:00:00,01:00:00,02:00:00,03:00:00,04:00:00,05:00:00,06:00:00,07:00:00,08:00:00,09:00:00,10:00:00,11:00:00,12:00:00,13:00:00,14:00:00,15:00:00,16:00:00,17:00:00,18:00:00,19:00:00,20:00:00,21:00:00,22:00:00,23:00:00
1,,,,,,,,,,,,,,,,,,,,,,,,
2,,,,,,,,,,,,,,,,,,,,,,,,
3,,,,,,,,,,,,,,,,,,,,,,,,
4,,,,,,,,,,,,,,,,,,,,,,,,
5,,,,,,,,,,,,,,,,,,,,,,,,
6,,,,,,,,,,,,,,,,,,,,,,,,
7,,,,,,,,,,,,,,,,,,,,,,,,
8,,,,,,,,,,,,,,,,,,,,,,,,
9,,,,,,,,,,,,,,,,,,,,,,,,
10,,,,,,,,,,,,,,,,,,,,,,,,
11,,,,,,,,,,,,,,,,,,,,,,,,
12,,,,,,,,,,,,,,,,,,,,,,,,
13,,,,,,,,,,,,,,,,,,,,,,,,
14,,,,,,,,,,,,,,,,,,,,,,,,
15,,,,,,,,,,,,,,,,,,,,,,,,
16,,,,,,,,,,,,,,,,,,,,,,,,
17,,,,,,,,,,,,,,,,,,,,,,,,
18,,,,,,,,,,,,,,,,,,,,,,,,
19,,,,,,,,,,,,,,,,,,,,,,,,
20,,,,,,,,,,,,,,,,,,,,,,,,
21,,,,,,,,,,,,,,,,,,,,,,,,
22,,,,,,,,,,,,,,,,,,,,,,,,
23,,,,,,,,,,,,,,,,,,,,,,,,
24,,,,,,,,,,,,,,,,,,,,,,,,
25,,,,,,,,,,,,,,,,,,,,,,,,
26,,,,,,,,,,,,,,,,,,,,,,,,
27,,,,,,,,,,,,,,,,,,,,,,,,
28,,,,,,,,,,,,,,,,,,,,,,,,
29,,,,,,,,,,,,,,,,,,,,,,,,
30,,,,,,,,,,,,,,,,,,,,,,,,
"
"
December-2023,00:00:00,01:00:00,02:00:00,03:00:00,04:00:00,05:00:00,06:00:00,07:00:00,08:00:00,09:00:00,10:00:00,11:00:00,12:00:00,13:00:00,14:00:00,15:00:00,16:00:00,17:00:00,18:00:00,19:00:00,20:00:00,21:00:00,22:00:00,23:00:00
1,,,,,,,,,,,,,,,,,,,,,,,,
2,,,,,,,,,,,,,,,,,,,,,,,,
3,,,,,,,,,,,,,,,,,,,,,,,,
4,,,,,,,,,,,,,,,,,,,,,,,,
5,,,,,,,,,,,,,,,,,,,,,,,,
6,,,,,,,,,,,,,,,,,,,,,,,,
7,,,,,,,,,,,,,,,,,,,,,,,,
8,,,,,,,,,,,,,,,,,,,,,,,,
9,,,,,,,,,,,,,,,,,,,,,,,,
10,,,,,,,,,,,,,,,,,,,,,,,,
11,,,,,,,,,,,,,,,,,,,,,,,,
12,,,,,,,,,,,,,,,,,,,,,,,,
13,,,,,,,,,,,,,,,,,,,,,,,,
14,,,,,,,,,,,,,,,,,,,,,,,,
15,,,,,,,,,,,,,,,,,,,,,,,,
16,,,,,,,,,,,,,,,,,,,,,,,,
17,,,,,,,,,,,,,,,,,,,,,,,,
18,,,,,,,,,,,,,,,,,,,,,,,,
19,,,,,,,,,,,,,,,,,,,,,,,,
20,,,,,,,,,,,,,,,,,,,,,,,,
21,,,,,,,,,,,,,,,,,,,,,,,,
22,,,,,,,,,,,,,,,,,,,,,,,,
23,,,,,,,,,,,,,,,,,,,,,,,,
24,,,,,,,,,,,,,,,,,,,,,,,,
25,,,,,,,,,,,,,,,,,,,,,,,,
26,,,,,,,,,,,,,,,,,,,,,,,,
27,,,,,,,,,,,,,,,,,,,,,,,,
28,,,,,,,,,,,,,,,,,,,,,,,,
29,,,,,,,,,,,,,,,,,,,,,,,,
30,,,,,,,,,,,,,,,,,,,,,,,,
31,,,,,,,,,,,,,,,,,,,,,,,,
"
"
